ISO-10303-21;
HEADER;
FILE_DESCRIPTION (( 'STEP AP203' ),
    '1' );
FILE_NAME ('CarFuse.STEP',
    '2024-08-31T08:25:22',
    ( '' ),
    ( '' ),
    'SwSTEP 2.0',
    'SolidWorks 2024',
    '' );
FILE_SCHEMA (( 'CONFIG_CONTROL_DESIGN' ));
ENDSEC;

DATA;
#1 = DIRECTION ( 'NONE',  ( -6.173225848522452153E-18, -0.9992611746313142529, -0.03843312210120447547 ) ) ;
#2 = VECTOR ( 'NONE', #1758, 1000.000000000000114 ) ;
#3 = VECTOR ( 'NONE', #1480, 1000.000000000000000 ) ;
#4 = VECTOR ( 'NONE', #1020, 1000.000000000000000 ) ;
#5 = LINE ( 'NONE', #1149, #629 ) ;
#6 = ADVANCED_FACE ( 'NONE', ( #527 ), #1518, .T. ) ;
#7 = CARTESIAN_POINT ( 'NONE',  ( 2.900000000000003020, 1.274999999999999911, 17.40000000000000213 ) ) ;
#8 = EDGE_LOOP ( 'NONE', ( #1987, #11, #1065, #1428, #2126, #721, #1221, #1292, #966, #1879, #1215, #88, #730, #1798 ) ) ;
#9 = LINE ( 'NONE', #34, #33 ) ;
#10 = EDGE_CURVE ( 'NONE', #2032, #1634, #1860, .T. ) ;
#11 = ORIENTED_EDGE ( 'NONE', *, *, #377, .F. ) ;
#12 = AXIS2_PLACEMENT_3D ( 'NONE', #679, #1018, #1857 ) ;
#13 = CARTESIAN_POINT ( 'NONE',  ( 9.349999999999999645, -1.609999999999995657, -2.040439213096819249E-15 ) ) ;
#14 = CIRCLE ( 'NONE', #1545, 0.5000000000000004441 ) ;
#15 = CARTESIAN_POINT ( 'NONE',  ( 9.350000000000003197, 2.189999999999998614, 15.89999999999999680 ) ) ;
#16 = CARTESIAN_POINT ( 'NONE',  ( 9.350000000000001421, -2.304952957442643781E-31, 8.699999999999999289 ) ) ;
#17 = EDGE_CURVE ( 'NONE', #535, #432, #686, .T. ) ;
#18 = ORIENTED_EDGE ( 'NONE', *, *, #753, .T. ) ;
#19 = DIRECTION ( 'NONE',  ( 1.000000000000000000, -0.000000000000000000, -1.855319225643643724E-16 ) ) ;
#20 = DIRECTION ( 'NONE',  ( 0.000000000000000000, -0.8541985556144388037, 0.5199469468957447216 ) ) ;
#21 = CARTESIAN_POINT ( 'NONE',  ( 7.850000000000001421, -1.959999999999999964, -0.001000000000001000089 ) ) ;
#22 = DIRECTION ( 'NONE',  ( -1.000000000000000000, 0.000000000000000000, 1.606225440719265874E-16 ) ) ;
#23 = CARTESIAN_POINT ( 'NONE',  ( 7.195000000000001172, 0.5799999999999999600, 7.400000000000000355 ) ) ;
#24 = ORIENTED_EDGE ( 'NONE', *, *, #616, .T. ) ;
#25 = CARTESIAN_POINT ( 'NONE',  ( 8.150000000000000355, -6.469737931034480027, 10.62885517241379496 ) ) ;
#26 = VERTEX_POINT ( 'NONE', #1814 ) ;
#27 = EDGE_CURVE ( 'NONE', #1999, #894, #1825, .T. ) ;
#28 = CARTESIAN_POINT ( 'NONE',  ( -7.194999999999999396, 0.000000000000000000, 7.400000000000000355 ) ) ;
#29 = ORIENTED_EDGE ( 'NONE', *, *, #1399, .F. ) ;
#30 = DIRECTION ( 'NONE',  ( 0.000000000000000000, 0.000000000000000000, 1.000000000000000000 ) ) ;
#31 = DIRECTION ( 'NONE',  ( -1.684443936231420250E-16, 0.000000000000000000, -1.000000000000000000 ) ) ;
#32 = VECTOR ( 'NONE', #1947, 1000.000000000000227 ) ;
#33 = VECTOR ( 'NONE', #1209, 1000.000000000000000 ) ;
#34 = CARTESIAN_POINT ( 'NONE',  ( 2.900000000000003020, -1.360000000000000098, 17.40000000000000213 ) ) ;
#35 = PLANE ( 'NONE',  #502 ) ;
#36 = VECTOR ( 'NONE', #1335, 1000.000000000000000 ) ;
#37 = ORIENTED_EDGE ( 'NONE', *, *, #645, .T. ) ;
#38 = ADVANCED_FACE ( 'NONE', ( #1801 ), #1309, .F. ) ;
#39 = VECTOR ( 'NONE', #1080, 1000.000000000000000 ) ;
#40 = VECTOR ( 'NONE', #705, 1000.000000000000000 ) ;
#41 = DIRECTION ( 'NONE',  ( -1.606225440719266120E-16, 0.000000000000000000, -1.000000000000000000 ) ) ;
#42 = ORIENTED_EDGE ( 'NONE', *, *, #1597, .T. ) ;
#43 = DIRECTION ( 'NONE',  ( 1.000000000000000000, -0.000000000000000000, -0.000000000000000000 ) ) ;
#44 = CARTESIAN_POINT ( 'NONE',  ( 2.500000000000000000, 0.5799999999999999600, 5.400000000000000355 ) ) ;
#45 = VERTEX_POINT ( 'NONE', #2136 ) ;
#46 = EDGE_CURVE ( 'NONE', #995, #250, #165, .T. ) ;
#47 = CARTESIAN_POINT ( 'NONE',  ( -9.349999999999999645, -1.609999999999995657, -2.040439213096819249E-15 ) ) ;
#48 = ORIENTED_EDGE ( 'NONE', *, *, #996, .T. ) ;
#49 = FACE_OUTER_BOUND ( 'NONE', #1245, .T. ) ;
#50 = VERTEX_POINT ( 'NONE', #2164 ) ;
#51 = LINE ( 'NONE', #576, #2 ) ;
#52 = CARTESIAN_POINT ( 'NONE',  ( -2.899999999999998135, 1.564999999999999947, 7.400000000000003020 ) ) ;
#53 = CARTESIAN_POINT ( 'NONE',  ( 8.150000000000000355, 0.8084916707288229976, 9.180783438949402964 ) ) ;
#54 = ORIENTED_EDGE ( 'NONE', *, *, #227, .F. ) ;
#55 = LINE ( 'NONE', #1753, #32 ) ;
#56 = DIRECTION ( 'NONE',  ( 0.000000000000000000, 2.309350627394122236E-14, -1.000000000000000000 ) ) ;
#57 = VERTEX_POINT ( 'NONE', #624 ) ;
#58 = LINE ( 'NONE', #355, #36 ) ;
#59 = VERTEX_POINT ( 'NONE', #286 ) ;
#60 = CARTESIAN_POINT ( 'NONE',  ( -7.150000000000003020, 2.189999999999997726, 15.89999999999999680 ) ) ;
#61 = EDGE_CURVE ( 'NONE', #224, #2130, #311, .T. ) ;
#62 = EDGE_CURVE ( 'NONE', #1653, #50, #1972, .T. ) ;
#63 = DIRECTION ( 'NONE',  ( 0.000000000000000000, 0.000000000000000000, -1.000000000000000000 ) ) ;
#64 = DIRECTION ( 'NONE',  ( 1.000000000000000000, -0.000000000000000000, -0.000000000000000000 ) ) ;
#65 = VECTOR ( 'NONE', #1013, 1000.000000000000000 ) ;
#66 = PLANE ( 'NONE',  #1652 ) ;
#67 = AXIS2_PLACEMENT_3D ( 'NONE', #752, #1418, #1934 ) ;
#68 = APPLICATION_PROTOCOL_DEFINITION ( 'international standard', 'config_control_design', 1994, #2010 ) ;
#69 = VERTEX_POINT ( 'NONE', #113 ) ;
#70 = CARTESIAN_POINT ( 'NONE',  ( 8.150000000000003908, 1.274999999999999911, 15.34304347826086534 ) ) ;
#71 = EDGE_CURVE ( 'NONE', #1430, #1757, #1850, .T. ) ;
#72 = VECTOR ( 'NONE', #300, 1000.000000000000000 ) ;
#73 = FACE_OUTER_BOUND ( 'NONE', #1783, .T. ) ;
#74 = VECTOR ( 'NONE', #1793, 1000.000000000000000 ) ;
#75 = FACE_OUTER_BOUND ( 'NONE', #554, .T. ) ;
#76 = SECURITY_CLASSIFICATION ( '', '', #1129 ) ;
#77 = CYLINDRICAL_SURFACE ( 'NONE', #248, 0.5000000000000004441 ) ;
#78 = CARTESIAN_POINT ( 'NONE',  ( 7.150000000000006573, -1.610000000000001430, 15.89999999999999680 ) ) ;
#79 = DIRECTION ( 'NONE',  ( -0.000000000000000000, -1.000000000000000000, -0.000000000000000000 ) ) ;
#80 = ORIENTED_EDGE ( 'NONE', *, *, #573, .F. ) ;
#81 = FACE_OUTER_BOUND ( 'NONE', #657, .T. ) ;
#82 = ORIENTED_EDGE ( 'NONE', *, *, #1928, .F. ) ;
#83 = LINE ( 'NONE', #1391, #452 ) ;
#84 = LINE ( 'NONE', #1800, #553 ) ;
#85 = LINE ( 'NONE', #1730, #1976 ) ;
#86 = VERTEX_POINT ( 'NONE', #659 ) ;
#87 = CARTESIAN_POINT ( 'NONE',  ( 8.150000000000000355, 0.2711389165868339224, 9.199999999999999289 ) ) ;
#88 = ORIENTED_EDGE ( 'NONE', *, *, #1565, .F. ) ;
#89 = EDGE_CURVE ( 'NONE', #1609, #2049, #2174, .T. ) ;
#90 = LINE ( 'NONE', #1423, #1435 ) ;
#91 = DIRECTION ( 'NONE',  ( -8.758214818605780251E-17, -0.8541985556144386926, -0.5199469468957449436 ) ) ;
#92 = ORIENTED_EDGE ( 'NONE', *, *, #1565, .T. ) ;
#93 = ORIENTED_EDGE ( 'NONE', *, *, #847, .T. ) ;
#94 = LINE ( 'NONE', #2056, #274 ) ;
#95 = FACE_OUTER_BOUND ( 'NONE', #1251, .T. ) ;
#96 = DIRECTION ( 'NONE',  ( 0.000000000000000000, -0.000000000000000000, 1.000000000000000000 ) ) ;
#97 = VECTOR ( 'NONE', #1068, 1000.000000000000000 ) ;
#98 = ORIENTED_EDGE ( 'NONE', *, *, #1948, .F. ) ;
#99 = CARTESIAN_POINT ( 'NONE',  ( -9.350000000000003197, -2.285000000000000142, 17.39999999999999858 ) ) ;
#100 = AXIS2_PLACEMENT_3D ( 'NONE', #87, #891, #1421 ) ;
#101 = CARTESIAN_POINT ( 'NONE',  ( 9.350000000000001421, -0.2284916707288233151, 9.180783438949402964 ) ) ;
#102 = ORIENTED_EDGE ( 'NONE', *, *, #1436, .F. ) ;
#103 = AXIS2_PLACEMENT_3D ( 'NONE', #816, #22, #2163 ) ;
#104 = DIRECTION ( 'NONE',  ( 0.000000000000000000, 1.000000000000000000, -4.945608200916562073E-64 ) ) ;
#105 = EDGE_CURVE ( 'NONE', #1690, #1341, #1485, .T. ) ;
#106 = ADVANCED_FACE ( 'NONE', ( #1137 ), #299, .T. ) ;
#107 = LINE ( 'NONE', #1651, #1537 ) ;
#108 = VERTEX_POINT ( 'NONE', #1174 ) ;
#109 = ADVANCED_FACE ( 'NONE', ( #485 ), #1644, .T. ) ;
#110 = ORIENTED_EDGE ( 'NONE', *, *, #1056, .F. ) ;
#111 = VECTOR ( 'NONE', #1455, 1000.000000000000000 ) ;
#112 = DIRECTION ( 'NONE',  ( -1.586637325588543405E-16, -0.000000000000000000, -1.000000000000000000 ) ) ;
#113 = CARTESIAN_POINT ( 'NONE',  ( 9.350000000000001421, 1.039999999999998481, 15.19999999999999396 ) ) ;
#114 = CIRCLE ( 'NONE', #1977, 0.5000000000000004441 ) ;
#115 = CARTESIAN_POINT ( 'NONE',  ( 0.000000000000000000, 0.5799999999999999600, 0.000000000000000000 ) ) ;
#116 = VERTEX_POINT ( 'NONE', #1619 ) ;
#117 = CARTESIAN_POINT ( 'NONE',  ( -7.194999999999999396, 0.000000000000000000, 7.400000000000000355 ) ) ;
#118 = PERSON_AND_ORGANIZATION_ROLE ( 'creator' ) ;
#119 = EDGE_CURVE ( 'NONE', #1680, #171, #1669, .T. ) ;
#120 = ORIENTED_EDGE ( 'NONE', *, *, #1192, .F. ) ;
#121 = CARTESIAN_POINT ( 'NONE',  ( 8.150000000000002132, -1.610000000000000764, 17.39999999999999858 ) ) ;
#122 = CARTESIAN_POINT ( 'NONE',  ( 0.000000000000000000, 0.5799999999999999600, 0.000000000000000000 ) ) ;
#123 = ORIENTED_EDGE ( 'NONE', *, *, #468, .T. ) ;
#124 = VERTEX_POINT ( 'NONE', #611 ) ;
#125 = LINE ( 'NONE', #1470, #1027 ) ;
#126 = ADVANCED_FACE ( 'NONE', ( #1282 ), #138, .T. ) ;
#127 = CARTESIAN_POINT ( 'NONE',  ( 0.000000000000000000, 0.000000000000000000, 0.000000000000000000 ) ) ;
#128 = CARTESIAN_POINT ( 'NONE',  ( -2.899999999999996358, 1.564999999999999947, 17.40000000000000213 ) ) ;
#129 = ORIENTED_EDGE ( 'NONE', *, *, #503, .T. ) ;
#130 = LINE ( 'NONE', #1790, #943 ) ;
#131 = APPROVAL_ROLE ( '' ) ;
#132 = EDGE_LOOP ( 'NONE', ( #1194, #270, #1298, #2005, #1130, #1037 ) ) ;
#133 = CARTESIAN_POINT ( 'NONE',  ( 8.150000000000000355, -6.469737931034480027, 10.62885517241379496 ) ) ;
#134 = LINE ( 'NONE', #1942, #351 ) ;
#135 = ORIENTED_EDGE ( 'NONE', *, *, #965, .F. ) ;
#136 = ORIENTED_EDGE ( 'NONE', *, *, #884, .F. ) ;
#137 = DIRECTION ( 'NONE',  ( -0.000000000000000000, 0.000000000000000000, 1.000000000000000000 ) ) ;
#138 = PLANE ( 'NONE',  #801 ) ;
#139 = DIRECTION ( 'NONE',  ( -1.000000000000000000, -0.000000000000000000, -1.606225440719266120E-16 ) ) ;
#140 = ADVANCED_FACE ( 'NONE', ( #155 ), #448, .F. ) ;
#141 = ORIENTED_EDGE ( 'NONE', *, *, #1456, .F. ) ;
#142 = DIRECTION ( 'NONE',  ( 1.495451272393799049E-16, 0.000000000000000000, 1.000000000000000000 ) ) ;
#143 = ADVANCED_FACE ( 'NONE', ( #1632 ), #636, .F. ) ;
#144 = EDGE_CURVE ( 'NONE', #839, #1757, #701, .T. ) ;
#145 = VECTOR ( 'NONE', #1495, 1000.000000000000000 ) ;
#146 = ORIENTED_EDGE ( 'NONE', *, *, #559, .F. ) ;
#147 = VECTOR ( 'NONE', #1094, 1000.000000000000000 ) ;
#148 = PLANE ( 'NONE',  #1481 ) ;
#149 = AXIS2_PLACEMENT_3D ( 'NONE', #1214, #727, #1077 ) ;
#150 = ORIENTED_EDGE ( 'NONE', *, *, #1796, .F. ) ;
#151 = ADVANCED_FACE ( 'NONE', ( #1922 ), #1892, .F. ) ;
#152 = ADVANCED_FACE ( 'NONE', ( #75 ), #731, .F. ) ;
#153 = ORIENTED_EDGE ( 'NONE', *, *, #456, .T. ) ;
#154 = FACE_OUTER_BOUND ( 'NONE', #282, .T. ) ;
#155 = FACE_OUTER_BOUND ( 'NONE', #1155, .T. ) ;
#156 = CARTESIAN_POINT ( 'NONE',  ( 7.195000000000000284, 0.5799999999999999600, 1.600000000000000089 ) ) ;
#157 = CARTESIAN_POINT ( 'NONE',  ( -2.024999999999999023, 0.5799999999999999600, 5.400000000000000355 ) ) ;
#158 = VECTOR ( 'NONE', #1310, 1000.000000000000000 ) ;
#159 = AXIS2_PLACEMENT_3D ( 'NONE', #1587, #914, #1095 ) ;
#160 = ORIENTED_EDGE ( 'NONE', *, *, #265, .F. ) ;
#161 = DIRECTION ( 'NONE',  ( -1.000000000000000000, 0.000000000000000000, 5.054360394858617865E-16 ) ) ;
#162 = ORIENTED_EDGE ( 'NONE', *, *, #1241, .T. ) ;
#163 = ORIENTED_EDGE ( 'NONE', *, *, #1425, .F. ) ;
#164 = CARTESIAN_POINT ( 'NONE',  ( 7.150000000000003020, 2.189999999999997282, 17.40000000000000213 ) ) ;
#165 = LINE ( 'NONE', #1454, #145 ) ;
#166 = DIRECTION ( 'NONE',  ( -0.000000000000000000, -0.000000000000000000, 1.000000000000000000 ) ) ;
#167 = CARTESIAN_POINT ( 'NONE',  ( -8.150000000000005684, -0.9850000000000002087, 15.51956521739130146 ) ) ;
#168 = EDGE_LOOP ( 'NONE', ( #1073, #1523, #1589, #600 ) ) ;
#169 = DIRECTION ( 'NONE',  ( 1.606225440719265874E-16, 0.000000000000000000, 1.000000000000000000 ) ) ;
#170 = ADVANCED_FACE ( 'NONE', ( #1592 ), #1913, .T. ) ;
#171 = VERTEX_POINT ( 'NONE', #908 ) ;
#172 = LINE ( 'NONE', #2026, #807 ) ;
#173 = CARTESIAN_POINT ( 'NONE',  ( 9.350000000000003197, -2.285000000000000142, 17.39999999999999858 ) ) ;
#174 = ORIENTED_EDGE ( 'NONE', *, *, #1838, .F. ) ;
#175 = DIRECTION ( 'NONE',  ( 1.000000000000000000, 0.000000000000000000, 0.000000000000000000 ) ) ;
#176 = ORIENTED_EDGE ( 'NONE', *, *, #1353, .F. ) ;
#177 = LINE ( 'NONE', #936, #191 ) ;
#178 = AXIS2_PLACEMENT_3D ( 'NONE', #1937, #1071, #1411 ) ;
#179 = EDGE_CURVE ( 'NONE', #1680, #45, #1216, .T. ) ;
#180 = EDGE_CURVE ( 'NONE', #680, #469, #1079, .T. ) ;
#181 = ORIENTED_EDGE ( 'NONE', *, *, #1075, .T. ) ;
#182 = VECTOR ( 'NONE', #2048, 1000.000000000000000 ) ;
#183 = LINE ( 'NONE', #164, #1054 ) ;
#184 = LINE ( 'NONE', #1066, #915 ) ;
#185 = VERTEX_POINT ( 'NONE', #2099 ) ;
#186 = CARTESIAN_POINT ( 'NONE',  ( -2.899999999999996358, -0.9850000000000002087, 17.40000000000000213 ) ) ;
#187 = ORIENTED_EDGE ( 'NONE', *, *, #847, .F. ) ;
#188 = VECTOR ( 'NONE', #384, 1000.000000000000000 ) ;
#189 = EDGE_CURVE ( 'NONE', #1786, #1446, #219, .T. ) ;
#190 = DIRECTION ( 'NONE',  ( 1.000000000000000000, -0.000000000000000000, -1.606225440719266120E-16 ) ) ;
#191 = VECTOR ( 'NONE', #1781, 1000.000000000000000 ) ;
#192 = CC_DESIGN_SECURITY_CLASSIFICATION ( #76, ( #2016 ) ) ;
#193 = DIRECTION ( 'NONE',  ( 1.000000000000000000, -0.000000000000000000, -2.990902544787598592E-16 ) ) ;
#194 = CARTESIAN_POINT ( 'NONE',  ( -7.849999999999997868, -1.959999999999999964, 19.40000000000000568 ) ) ;
#195 = CARTESIAN_POINT ( 'NONE',  ( 2.500000000000000000, 0.000000000000000000, 7.400000000000000355 ) ) ;
#196 = EDGE_CURVE ( 'NONE', #1888, #2138, #51, .T. ) ;
#197 = ORIENTED_EDGE ( 'NONE', *, *, #528, .F. ) ;
#198 = LINE ( 'NONE', #866, #1547 ) ;
#199 = DIRECTION ( 'NONE',  ( -0.000000000000000000, 1.000000000000000000, 0.000000000000000000 ) ) ;
#200 = ORIENTED_EDGE ( 'NONE', *, *, #748, .T. ) ;
#201 = DIRECTION ( 'NONE',  ( -1.000000000000000000, -0.000000000000000000, -1.606225440719266120E-16 ) ) ;
#202 = PLANE ( 'NONE',  #1367 ) ;
#203 = EDGE_CURVE ( 'NONE', #1637, #777, #1240, .T. ) ;
#204 = ORIENTED_EDGE ( 'NONE', *, *, #744, .F. ) ;
#205 = DIRECTION ( 'NONE',  ( -0.000000000000000000, 1.000000000000000000, 0.000000000000000000 ) ) ;
#206 = CARTESIAN_POINT ( 'NONE',  ( -7.150000000000003020, 2.189999999999997726, 15.89999999999999680 ) ) ;
#207 = VERTEX_POINT ( 'NONE', #1100 ) ;
#208 = VECTOR ( 'NONE', #662, 1000.000000000000000 ) ;
#209 = EDGE_CURVE ( 'NONE', #1755, #1279, #94, .T. ) ;
#210 = AXIS2_PLACEMENT_3D ( 'NONE', #237, #1045, #41 ) ;
#211 = LINE ( 'NONE', #1524, #992 ) ;
#212 = LINE ( 'NONE', #711, #422 ) ;
#213 = DIRECTION ( 'NONE',  ( -1.000000000000000000, -0.000000000000000000, -0.000000000000000000 ) ) ;
#214 = AXIS2_PLACEMENT_3D ( 'NONE', #1361, #1875, #362 ) ;
#215 = ORIENTED_EDGE ( 'NONE', *, *, #1533, .F. ) ;
#216 = AXIS2_PLACEMENT_3D ( 'NONE', #893, #398, #1560 ) ;
#217 = LINE ( 'NONE', #374, #1843 ) ;
#218 = ORIENTED_EDGE ( 'NONE', *, *, #1024, .T. ) ;
#219 = LINE ( 'NONE', #1090, #1332 ) ;
#220 = LINE ( 'NONE', #2092, #39 ) ;
#221 = VERTEX_POINT ( 'NONE', #1409 ) ;
#222 = FACE_OUTER_BOUND ( 'NONE', #1096, .T. ) ;
#223 = PLANE ( 'NONE',  #1231 ) ;
#224 = VERTEX_POINT ( 'NONE', #251 ) ;
#225 = DIRECTION ( 'NONE',  ( -1.000000000000000000, 0.000000000000000000, 0.000000000000000000 ) ) ;
#226 = EDGE_CURVE ( 'NONE', #2168, #1667, #383, .T. ) ;
#227 = EDGE_CURVE ( 'NONE', #283, #1205, #1580, .T. ) ;
#228 = ORIENTED_EDGE ( 'NONE', *, *, #1301, .T. ) ;
#229 = DIRECTION ( 'NONE',  ( -0.000000000000000000, -1.000000000000000000, -0.000000000000000000 ) ) ;
#230 = DIRECTION ( 'NONE',  ( -1.000000000000000000, -0.000000000000000000, -1.606225440719266120E-16 ) ) ;
#231 = VERTEX_POINT ( 'NONE', #740 ) ;
#232 = DIRECTION ( 'NONE',  ( 0.000000000000000000, -1.000000000000000000, 0.000000000000000000 ) ) ;
#233 = CARTESIAN_POINT ( 'NONE',  ( 7.150000000000003908, 1.274999999999999911, 15.34304347826086534 ) ) ;
#234 = EDGE_CURVE ( 'NONE', #1882, #1604, #2089, .T. ) ;
#235 = VERTEX_POINT ( 'NONE', #1728 ) ;
#236 = CARTESIAN_POINT ( 'NONE',  ( 2.900000000000003020, 1.274999999999999911, 17.40000000000000213 ) ) ;
#237 = CARTESIAN_POINT ( 'NONE',  ( 9.350000000000001421, -2.285000000000000142, 8.599999999999999645 ) ) ;
#238 = ORIENTED_EDGE ( 'NONE', *, *, #17, .T. ) ;
#239 = CARTESIAN_POINT ( 'NONE',  ( 5.594999999999999751, 0.5799999999999999600, 0.000000000000000000 ) ) ;
#240 = VECTOR ( 'NONE', #1908, 1000.000000000000000 ) ;
#241 = EDGE_CURVE ( 'NONE', #514, #1579, #83, .T. ) ;
#242 = CARTESIAN_POINT ( 'NONE',  ( 7.850000000000001421, -2.285000000000000142, -0.001000000000001000089 ) ) ;
#243 = AXIS2_PLACEMENT_3D ( 'NONE', #1984, #2173, #483 ) ;
#244 = LINE ( 'NONE', #913, #1253 ) ;
#245 = COORDINATED_UNIVERSAL_TIME_OFFSET ( 3, 30, .AHEAD. ) ;
#246 = VERTEX_POINT ( 'NONE', #2065 ) ;
#247 = DIRECTION ( 'NONE',  ( 1.895872651340775305E-15, -1.000000000000000000, 0.000000000000000000 ) ) ;
#248 = AXIS2_PLACEMENT_3D ( 'NONE', #1047, #405, #741 ) ;
#249 = VECTOR ( 'NONE', #169, 1000.000000000000000 ) ;
#250 = VERTEX_POINT ( 'NONE', #555 ) ;
#251 = CARTESIAN_POINT ( 'NONE',  ( -2.499999999999999112, 0.5799999999999999600, 7.400000000000000355 ) ) ;
#252 = DIRECTION ( 'NONE',  ( -1.495451272393799049E-16, -0.000000000000000000, -1.000000000000000000 ) ) ;
#253 = LOCAL_TIME ( 11, 55, 22.00000000000000000, #1340 ) ;
#254 = DIRECTION ( 'NONE',  ( 6.173225848522424420E-18, -0.9992611746313142529, 0.03843312210120430200 ) ) ;
#255 = ORIENTED_EDGE ( 'NONE', *, *, #1145, .F. ) ;
#256 = DIRECTION ( 'NONE',  ( 0.000000000000000000, 0.8541985556144388037, -0.5199469468957449436 ) ) ;
#257 = EDGE_CURVE ( 'NONE', #2040, #1476, #1417, .T. ) ;
#258 = VERTEX_POINT ( 'NONE', #1966 ) ;
#259 = CARTESIAN_POINT ( 'NONE',  ( -2.899999999999996358, 1.564999999999999947, 17.40000000000000213 ) ) ;
#260 = CARTESIAN_POINT ( 'NONE',  ( -7.150000000000003020, 2.189999999999997282, 17.40000000000000213 ) ) ;
#261 = ORIENTED_EDGE ( 'NONE', *, *, #1301, .F. ) ;
#262 = LINE ( 'NONE', #1453, #1575 ) ;
#263 = LINE ( 'NONE', #765, #1402 ) ;
#264 = CARTESIAN_POINT ( 'NONE',  ( -8.150000000000002132, 2.189999999999998614, 17.39999999999999858 ) ) ;
#265 = EDGE_CURVE ( 'NONE', #2049, #1043, #980, .T. ) ;
#266 = CALENDAR_DATE ( 2024, 31, 8 ) ;
#267 = ORIENTED_EDGE ( 'NONE', *, *, #1699, .T. ) ;
#268 = LINE ( 'NONE', #259, #74 ) ;
#269 = PLANE ( 'NONE',  #1689 ) ;
#270 = ORIENTED_EDGE ( 'NONE', *, *, #209, .T. ) ;
#271 = DIRECTION ( 'NONE',  ( 0.000000000000000000, 0.03843312210120430200, 0.9992611746313142529 ) ) ;
#272 = EDGE_CURVE ( 'NONE', #632, #1321, #1810, .T. ) ;
#273 = DIRECTION ( 'NONE',  ( 0.000000000000000000, -0.000000000000000000, -1.000000000000000000 ) ) ;
#274 = VECTOR ( 'NONE', #1400, 1000.000000000000000 ) ;
#275 = VERTEX_POINT ( 'NONE', #1615 ) ;
#276 = CARTESIAN_POINT ( 'NONE',  ( -2.899999999999998135, 1.564999999999999947, 7.400000000000003020 ) ) ;
#277 = VECTOR ( 'NONE', #642, 1000.000000000000000 ) ;
#278 = EDGE_LOOP ( 'NONE', ( #1770, #825, #1671, #93, #1153, #1617, #2106, #950, #1291, #890, #1307, #160 ) ) ;
#279 = AXIS2_PLACEMENT_3D ( 'NONE', #764, #1431, #800 ) ;
#280 = LINE ( 'NONE', #1911, #1845 ) ;
#281 = CARTESIAN_POINT ( 'NONE',  ( -2.899999999999998135, -0.9850000000000002087, 7.400000000000003020 ) ) ;
#282 = EDGE_LOOP ( 'NONE', ( #1280, #1725, #102, #1808, #1969, #861 ) ) ;
#283 = VERTEX_POINT ( 'NONE', #1290 ) ;
#284 = VECTOR ( 'NONE', #337, 1000.000000000000000 ) ;
#285 = CARTESIAN_POINT ( 'NONE',  ( -7.849999999999997868, 2.864999999999999769, 17.40000000000000213 ) ) ;
#286 = CARTESIAN_POINT ( 'NONE',  ( -9.350000000000001421, 1.039999999999998481, 15.19999999999999396 ) ) ;
#287 = APPROVAL_PERSON_ORGANIZATION ( #2117, #363, #593 ) ;
#288 = LINE ( 'NONE', #2165, #1343 ) ;
#289 = ORIENTED_EDGE ( 'NONE', *, *, #616, .F. ) ;
#290 = CARTESIAN_POINT ( 'NONE',  ( -8.150000000000003908, 1.564999999999999947, 15.51956521739130146 ) ) ;
#291 = ORIENTED_EDGE ( 'NONE', *, *, #2084, .T. ) ;
#292 = DIRECTION ( 'NONE',  ( 1.684443936231420003E-16, 0.000000000000000000, -1.000000000000000000 ) ) ;
#293 = FACE_OUTER_BOUND ( 'NONE', #770, .T. ) ;
#294 = ADVANCED_FACE ( 'NONE', ( #293 ), #1464, .F. ) ;
#295 = EDGE_CURVE ( 'NONE', #250, #1348, #107, .T. ) ;
#296 = ORIENTED_EDGE ( 'NONE', *, *, #1313, .F. ) ;
#297 = ORIENTED_EDGE ( 'NONE', *, *, #1233, .F. ) ;
#298 = CARTESIAN_POINT ( 'NONE',  ( -9.349999999999999645, 0.1244313146233389511, 0.004785819793203780620 ) ) ;
#299 = PLANE ( 'NONE',  #1364 ) ;
#300 = DIRECTION ( 'NONE',  ( -0.000000000000000000, -0.000000000000000000, 1.000000000000000000 ) ) ;
#301 = ORIENTED_EDGE ( 'NONE', *, *, #2122, .F. ) ;
#302 = LINE ( 'NONE', #976, #1965 ) ;
#303 = APPROVAL_STATUS ( 'not_yet_approved' ) ;
#304 = ORIENTED_EDGE ( 'NONE', *, *, #10, .F. ) ;
#305 = EDGE_CURVE ( 'NONE', #839, #1779, #134, .T. ) ;
#306 = FACE_OUTER_BOUND ( 'NONE', #445, .T. ) ;
#307 = DIRECTION ( 'NONE',  ( 0.000000000000000000, 2.891205793294669452E-16, -1.000000000000000000 ) ) ;
#308 = ORIENTED_EDGE ( 'NONE', *, *, #305, .F. ) ;
#309 = ORIENTED_EDGE ( 'NONE', *, *, #1213, .F. ) ;
#310 = CARTESIAN_POINT ( 'NONE',  ( -7.849999999999997868, -1.959999999999999964, 19.40000000000000568 ) ) ;
#311 = LINE ( 'NONE', #945, #488 ) ;
#312 = CARTESIAN_POINT ( 'NONE',  ( 9.349999999999999645, 0.4547119645494836493, -0.01748892171344321178 ) ) ;
#313 = VERTEX_POINT ( 'NONE', #1440 ) ;
#314 = CARTESIAN_POINT ( 'NONE',  ( -7.194999999999999396, 0.5799999999999999600, 7.400000000000000355 ) ) ;
#315 = AXIS2_PLACEMENT_3D ( 'NONE', #127, #1295, #1444 ) ;
#316 = PERSON_AND_ORGANIZATION_ROLE ( 'classification_officer' ) ;
#317 = VERTEX_POINT ( 'NONE', #1603 ) ;
#318 = VECTOR ( 'NONE', #1804, 1000.000000000000000 ) ;
#319 = CARTESIAN_POINT ( 'NONE',  ( 2.900000000000003020, -1.360000000000000098, 17.40000000000000213 ) ) ;
#320 = VECTOR ( 'NONE', #1308, 1000.000000000000000 ) ;
#321 = ORIENTED_EDGE ( 'NONE', *, *, #1919, .T. ) ;
#322 = ORIENTED_EDGE ( 'NONE', *, *, #241, .T. ) ;
#323 = CARTESIAN_POINT ( 'NONE',  ( 8.150000000000003908, -0.6949999999999996181, 17.40000000000000213 ) ) ;
#324 = DIRECTION ( 'NONE',  ( -0.000000000000000000, -1.000000000000000000, -0.000000000000000000 ) ) ;
#325 = FACE_OUTER_BOUND ( 'NONE', #412, .T. ) ;
#326 = VECTOR ( 'NONE', #2125, 1000.000000000000000 ) ;
#327 = DIRECTION ( 'NONE',  ( -0.000000000000000000, -0.000000000000000000, 1.000000000000000000 ) ) ;
#328 = VECTOR ( 'NONE', #2025, 1000.000000000000000 ) ;
#329 = PERSON_AND_ORGANIZATION_ROLE ( 'design_supplier' ) ;
#330 = EDGE_CURVE ( 'NONE', #1816, #2102, #1980, .T. ) ;
#331 = VECTOR ( 'NONE', #1704, 1000.000000000000000 ) ;
#332 = ORIENTED_EDGE ( 'NONE', *, *, #386, .T. ) ;
#333 = FACE_OUTER_BOUND ( 'NONE', #707, .T. ) ;
#334 = ORIENTED_EDGE ( 'NONE', *, *, #788, .T. ) ;
#335 = ORIENTED_EDGE ( 'NONE', *, *, #892, .F. ) ;
#336 = FACE_OUTER_BOUND ( 'NONE', #8, .T. ) ;
#337 = DIRECTION ( 'NONE',  ( 1.684443936231420003E-16, 0.000000000000000000, -1.000000000000000000 ) ) ;
#338 = VERTEX_POINT ( 'NONE', #1991 ) ;
#339 = CARTESIAN_POINT ( 'NONE',  ( 9.350000000000003197, -2.285000000000000142, 19.40000000000000213 ) ) ;
#340 = ORIENTED_EDGE ( 'NONE', *, *, #330, .T. ) ;
#341 = EDGE_CURVE ( 'NONE', #224, #1089, #2145, .T. ) ;
#342 = DIRECTION ( 'NONE',  ( -1.684443936231420003E-16, 0.000000000000000000, -1.000000000000000000 ) ) ;
#343 = ORIENTED_EDGE ( 'NONE', *, *, #542, .T. ) ;
#344 = LINE ( 'NONE', #827, #2144 ) ;
#345 = CARTESIAN_POINT ( 'NONE',  ( -8.149999999999998579, 1.564999999999999947, -1.382208027490065472E-15 ) ) ;
#346 = ORIENTED_EDGE ( 'NONE', *, *, #1076, .F. ) ;
#347 = DIRECTION ( 'NONE',  ( 1.000000000000000000, 0.000000000000000000, 0.000000000000000000 ) ) ;
#348 = EDGE_CURVE ( 'NONE', #1268, #1882, #1109, .T. ) ;
#349 = CARTESIAN_POINT ( 'NONE',  ( 7.150000000000006573, -0.6950000000000007283, 15.34304347826086712 ) ) ;
#350 = FACE_OUTER_BOUND ( 'NONE', #2020, .T. ) ;
#351 = VECTOR ( 'NONE', #434, 1000.000000000000000 ) ;
#352 = AXIS2_PLACEMENT_3D ( 'NONE', #2103, #1732, #1230 ) ;
#353 = AXIS2_PLACEMENT_3D ( 'NONE', #857, #1520, #875 ) ;
#354 = DIRECTION ( 'NONE',  ( 0.000000000000000000, 0.000000000000000000, 1.000000000000000000 ) ) ;
#355 = CARTESIAN_POINT ( 'NONE',  ( -9.349999999999997868, -2.285000000000000142, 8.600000000000003197 ) ) ;
#356 = ORIENTED_EDGE ( 'NONE', *, *, #2083, .F. ) ;
#357 = FACE_OUTER_BOUND ( 'NONE', #1006, .T. ) ;
#358 = ORIENTED_EDGE ( 'NONE', *, *, #257, .T. ) ;
#359 = VECTOR ( 'NONE', #1362, 1000.000000000000000 ) ;
#360 = DIRECTION ( 'NONE',  ( -1.000000000000000000, 0.000000000000000000, -1.606225440719266120E-16 ) ) ;
#361 = VECTOR ( 'NONE', #2096, 1000.000000000000000 ) ;
#362 = DIRECTION ( 'NONE',  ( 1.586637325588543405E-16, 0.000000000000000000, 1.000000000000000000 ) ) ;
#363 = APPROVAL ( #1405, 'UNSPECIFIED' ) ;
#364 = EDGE_CURVE ( 'NONE', #1497, #2040, #1952, .T. ) ;
#365 = EDGE_CURVE ( 'NONE', #1148, #69, #929, .T. ) ;
#366 = ORIENTED_EDGE ( 'NONE', *, *, #209, .F. ) ;
#367 = LINE ( 'NONE', #186, #907 ) ;
#368 = ADVANCED_FACE ( 'NONE', ( #444 ), #759, .F. ) ;
#369 = EDGE_LOOP ( 'NONE', ( #982, #1509, #2115, #1929 ) ) ;
#370 = CARTESIAN_POINT ( 'NONE',  ( -2.024999999999999023, 0.5799999999999999600, 5.400000000000000355 ) ) ;
#371 = PLANE ( 'NONE',  #2045 ) ;
#372 = ORIENTED_EDGE ( 'NONE', *, *, #27, .F. ) ;
#373 = ADVANCED_FACE ( 'NONE', ( #1119 ), #269, .F. ) ;
#374 = CARTESIAN_POINT ( 'NONE',  ( -7.849999999999997868, -2.285000000000000142, 17.40000000000000213 ) ) ;
#375 = CARTESIAN_POINT ( 'NONE',  ( -7.195000000000000284, 0.5799999999999999600, 1.600000000000000089 ) ) ;
#376 = CARTESIAN_POINT ( 'NONE',  ( -7.849999999999997868, -1.959999999999999964, -0.001000000000001000089 ) ) ;
#377 = EDGE_CURVE ( 'NONE', #750, #622, #1841, .T. ) ;
#378 = LINE ( 'NONE', #2059, #1001 ) ;
#379 = EDGE_LOOP ( 'NONE', ( #1203, #1611, #1821, #709, #500, #136, #1829 ) ) ;
#380 = PLANE ( 'NONE',  #149 ) ;
#381 = VECTOR ( 'NONE', #1285, 1000.000000000000000 ) ;
#382 = VECTOR ( 'NONE', #523, 1000.000000000000000 ) ;
#383 = LINE ( 'NONE', #541, #550 ) ;
#384 = DIRECTION ( 'NONE',  ( 1.619451680404204449E-15, -0.8541985556144376934, -0.5199469468957466090 ) ) ;
#385 = DIRECTION ( 'NONE',  ( 1.000000000000000000, -0.000000000000000000, -1.606225440719266120E-16 ) ) ;
#386 = EDGE_CURVE ( 'NONE', #1089, #995, #854, .T. ) ;
#387 = CARTESIAN_POINT ( 'NONE',  ( 8.150000000000002132, 2.864999999999999769, 17.39999999999999858 ) ) ;
#388 = AXIS2_PLACEMENT_3D ( 'NONE', #803, #1957, #273 ) ;
#389 = ORIENTED_EDGE ( 'NONE', *, *, #265, .T. ) ;
#390 = EDGE_CURVE ( 'NONE', #1023, #1690, #1202, .T. ) ;
#391 = VECTOR ( 'NONE', #190, 1000.000000000000000 ) ;
#392 = DIRECTION ( 'NONE',  ( 1.000000000000000000, -0.000000000000000000, -1.606225440719266120E-16 ) ) ;
#393 = ORIENTED_EDGE ( 'NONE', *, *, #456, .F. ) ;
#394 = LINE ( 'NONE', #1385, #1223 ) ;
#395 = LINE ( 'NONE', #589, #879 ) ;
#396 = ORIENTED_EDGE ( 'NONE', *, *, #1392, .T. ) ;
#397 = CARTESIAN_POINT ( 'NONE',  ( -8.150000000000000355, 0.2711389165868373641, 8.699999999999999289 ) ) ;
#398 = DIRECTION ( 'NONE',  ( 1.000000000000000000, -1.156482317317871725E-15, -1.586637325588543405E-16 ) ) ;
#399 = ORIENTED_EDGE ( 'NONE', *, *, #683, .T. ) ;
#400 = EDGE_CURVE ( 'NONE', #1190, #622, #1358, .T. ) ;
#401 = CARTESIAN_POINT ( 'NONE',  ( 7.150000000000006573, 1.436034105435386372E-14, 1.586637325588543651E-16 ) ) ;
#402 = LINE ( 'NONE', #1578, #1664 ) ;
#403 = ORIENTED_EDGE ( 'NONE', *, *, #1928, .T. ) ;
#404 = CARTESIAN_POINT ( 'NONE',  ( 9.350000000000003197, -2.304952957442643781E-31, 17.39999999999999858 ) ) ;
#405 = DIRECTION ( 'NONE',  ( -1.000000000000000000, -0.000000000000000000, -1.606225440719266120E-16 ) ) ;
#406 = CARTESIAN_POINT ( 'NONE',  ( 7.150000000000003020, 2.189999999999997726, 15.89999999999999680 ) ) ;
#407 = FACE_OUTER_BOUND ( 'NONE', #1803, .T. ) ;
#408 = ORIENTED_EDGE ( 'NONE', *, *, #892, .T. ) ;
#409 = CARTESIAN_POINT ( 'NONE',  ( -9.350000000000003197, 2.189999999999998614, 17.39999999999999858 ) ) ;
#410 = AXIS2_PLACEMENT_3D ( 'NONE', #1555, #586, #413 ) ;
#411 = ADVANCED_FACE ( 'NONE', ( #1713 ), #864, .F. ) ;
#412 = EDGE_LOOP ( 'NONE', ( #575, #1366, #1846, #792 ) ) ;
#413 = DIRECTION ( 'NONE',  ( 0.000000000000000000, -0.000000000000000000, -1.000000000000000000 ) ) ;
#414 = VECTOR ( 'NONE', #742, 1000.000000000000000 ) ;
#415 = PLANE ( 'NONE',  #1126 ) ;
#416 = DIRECTION ( 'NONE',  ( 1.000000000000000000, 1.156482317317871725E-15, -1.586637325588543405E-16 ) ) ;
#417 = VECTOR ( 'NONE', #112, 1000.000000000000000 ) ;
#418 = LINE ( 'NONE', #1742, #1087 ) ;
#419 = PLANE ( 'NONE',  #159 ) ;
#420 = ORIENTED_EDGE ( 'NONE', *, *, #1599, .T. ) ;
#421 = LINE ( 'NONE', #443, #1806 ) ;
#422 = VECTOR ( 'NONE', #1386, 1000.000000000000114 ) ;
#423 = VECTOR ( 'NONE', #1252, 1000.000000000000000 ) ;
#424 = ORIENTED_EDGE ( 'NONE', *, *, #1076, .T. ) ;
#425 = DIRECTION ( 'NONE',  ( -1.606225440719266120E-16, -4.945608200916562073E-64, -1.000000000000000000 ) ) ;
#426 = EDGE_CURVE ( 'NONE', #632, #787, #1539, .T. ) ;
#427 = LINE ( 'NONE', #1101, #590 ) ;
#428 = CARTESIAN_POINT ( 'NONE',  ( -7.150000000000003020, 2.189999999999997282, 17.40000000000000213 ) ) ;
#429 = EDGE_LOOP ( 'NONE', ( #162, #869, #110, #784 ) ) ;
#430 = CARTESIAN_POINT ( 'NONE',  ( 0.000000000000000000, -2.285000000000000142, 0.000000000000000000 ) ) ;
#431 = APPROVAL_DATE_TIME ( #1939, #363 ) ;
#432 = VERTEX_POINT ( 'NONE', #1722 ) ;
#433 = LINE ( 'NONE', #582, #2076 ) ;
#434 = DIRECTION ( 'NONE',  ( 2.465190328815661892E-32, -1.000000000000000000, 3.959651422358809693E-48 ) ) ;
#435 = EDGE_CURVE ( 'NONE', #1492, #50, #1218, .T. ) ;
#436 = ORIENTED_EDGE ( 'NONE', *, *, #1971, .F. ) ;
#437 = CARTESIAN_POINT ( 'NONE',  ( 2.025000000000000799, 0.000000000000000000, 5.400000000000000355 ) ) ;
#438 = DIRECTION ( 'NONE',  ( -0.000000000000000000, -1.000000000000000000, -0.000000000000000000 ) ) ;
#439 = ORIENTED_EDGE ( 'NONE', *, *, #673, .F. ) ;
#440 = DIRECTION ( 'NONE',  ( 8.758214818605780251E-17, -0.8541985556144386926, -0.5199469468957449436 ) ) ;
#441 =( NAMED_UNIT ( * ) PLANE_ANGLE_UNIT ( ) SI_UNIT ( $, .RADIAN. ) );
#442 = ORIENTED_EDGE ( 'NONE', *, *, #426, .T. ) ;
#443 = CARTESIAN_POINT ( 'NONE',  ( -2.899999999999998579, 1.939999999999999947, 7.400000000000003020 ) ) ;
#444 = FACE_OUTER_BOUND ( 'NONE', #609, .T. ) ;
#445 = EDGE_LOOP ( 'NONE', ( #321, #1442, #2170, #481 ) ) ;
#446 = ORIENTED_EDGE ( 'NONE', *, *, #520, .F. ) ;
#447 = DIRECTION ( 'NONE',  ( -1.586637325588543405E-16, -0.000000000000000000, -1.000000000000000000 ) ) ;
#448 = PLANE ( 'NONE',  #2035 ) ;
#449 = CARTESIAN_POINT ( 'NONE',  ( 2.900000000000001243, -0.6949999999999996181, 7.400000000000001243 ) ) ;
#450 = ORIENTED_EDGE ( 'NONE', *, *, #1847, .T. ) ;
#451 = PLANE ( 'NONE',  #1794 ) ;
#452 = VECTOR ( 'NONE', #751, 1000.000000000000000 ) ;
#453 = ORIENTED_EDGE ( 'NONE', *, *, #1607, .T. ) ;
#454 = VECTOR ( 'NONE', #702, 1000.000000000000000 ) ;
#455 = EDGE_CURVE ( 'NONE', #1786, #1727, #578, .T. ) ;
#456 = EDGE_CURVE ( 'NONE', #1497, #1779, #560, .T. ) ;
#457 = ADVANCED_FACE ( 'NONE', ( #1250 ), #66, .T. ) ;
#458 = DIRECTION ( 'NONE',  ( -0.000000000000000000, 1.000000000000000000, -0.000000000000000000 ) ) ;
#459 = ORIENTED_EDGE ( 'NONE', *, *, #1016, .F. ) ;
#460 = ORIENTED_EDGE ( 'NONE', *, *, #189, .T. ) ;
#461 = VECTOR ( 'NONE', #1496, 1000.000000000000000 ) ;
#462 = FACE_OUTER_BOUND ( 'NONE', #2172, .T. ) ;
#463 = DIRECTION ( 'NONE',  ( -0.000000000000000000, -0.000000000000000000, 1.000000000000000000 ) ) ;
#464 = VECTOR ( 'NONE', #2087, 1000.000000000000000 ) ;
#465 = LINE ( 'NONE', #638, #158 ) ;
#466 = ORIENTED_EDGE ( 'NONE', *, *, #144, .F. ) ;
#467 = CARTESIAN_POINT ( 'NONE',  ( 2.900000000000001243, 1.274999999999999911, 7.400000000000001243 ) ) ;
#468 = EDGE_CURVE ( 'NONE', #608, #632, #418, .T. ) ;
#469 = VERTEX_POINT ( 'NONE', #571 ) ;
#470 = LINE ( 'NONE', #1819, #706 ) ;
#471 = CARTESIAN_POINT ( 'NONE',  ( -2.499999999999999112, 0.5799999999999999600, 7.400000000000000355 ) ) ;
#472 = ORIENTED_EDGE ( 'NONE', *, *, #1459, .T. ) ;
#473 = ORIENTED_EDGE ( 'NONE', *, *, #1178, .T. ) ;
#474 = CARTESIAN_POINT ( 'NONE',  ( -5.594999999999999751, 0.5799999999999999600, 0.000000000000000000 ) ) ;
#475 = CARTESIAN_POINT ( 'NONE',  ( -5.594999999999999751, 0.5799999999999999600, 0.000000000000000000 ) ) ;
#476 = LINE ( 'NONE', #312, #498 ) ;
#477 = ORIENTED_EDGE ( 'NONE', *, *, #938, .F. ) ;
#478 = DIRECTION ( 'NONE',  ( -1.000000000000000000, -0.000000000000000000, -1.606225440719266120E-16 ) ) ;
#479 = ORIENTED_EDGE ( 'NONE', *, *, #1714, .T. ) ;
#480 = DIRECTION ( 'NONE',  ( 0.000000000000000000, -1.000000000000000000, 4.945608200916562073E-64 ) ) ;
#481 = ORIENTED_EDGE ( 'NONE', *, *, #1682, .T. ) ;
#482 = ORIENTED_EDGE ( 'NONE', *, *, #691, .F. ) ;
#483 = DIRECTION ( 'NONE',  ( 0.000000000000000000, -0.8541985556144388037, 0.5199469468957449436 ) ) ;
#484 = EDGE_CURVE ( 'NONE', #1134, #185, #733, .T. ) ;
#485 = FACE_OUTER_BOUND ( 'NONE', #714, .T. ) ;
#486 = CARTESIAN_POINT ( 'NONE',  ( 2.900000000000001243, 1.939999999999999947, 7.400000000000001243 ) ) ;
#487 = LINE ( 'NONE', #1164, #1424 ) ;
#488 = VECTOR ( 'NONE', #324, 1000.000000000000000 ) ;
#489 = VERTEX_POINT ( 'NONE', #406 ) ;
#490 = AXIS2_PLACEMENT_3D ( 'NONE', #430, #232, #1104 ) ;
#491 = DIRECTION ( 'NONE',  ( -4.643928299544835456E-32, -1.000000000000000000, -2.891205793294675368E-16 ) ) ;
#492 = VECTOR ( 'NONE', #1532, 1000.000000000000000 ) ;
#493 = ORIENTED_EDGE ( 'NONE', *, *, #557, .F. ) ;
#494 = ORIENTED_EDGE ( 'NONE', *, *, #1886, .F. ) ;
#495 = CARTESIAN_POINT ( 'NONE',  ( 2.500000000000000000, 0.5799999999999999600, 7.400000000000000355 ) ) ;
#496 = DIRECTION ( 'NONE',  ( -1.895872651340775305E-15, -1.000000000000000000, 0.000000000000000000 ) ) ;
#497 = LINE ( 'NONE', #1522, #1582 ) ;
#498 = VECTOR ( 'NONE', #1658, 1000.000000000000114 ) ;
#499 = EDGE_CURVE ( 'NONE', #755, #750, #1766, .T. ) ;
#500 = ORIENTED_EDGE ( 'NONE', *, *, #1105, .F. ) ;
#501 = CARTESIAN_POINT ( 'NONE',  ( -2.899999999999996358, -0.9850000000000002087, 17.40000000000000213 ) ) ;
#502 = AXIS2_PLACEMENT_3D ( 'NONE', #713, #1360, #1380 ) ;
#503 = EDGE_CURVE ( 'NONE', #630, #124, #1081, .T. ) ;
#504 = ORIENTED_EDGE ( 'NONE', *, *, #226, .T. ) ;
#505 = CARTESIAN_POINT ( 'NONE',  ( -8.149999999999998579, -2.304952957442643781E-31, -1.382208027490065472E-15 ) ) ;
#506 = ADVANCED_FACE ( 'NONE', ( #1596 ), #722, .F. ) ;
#507 = DIRECTION ( 'NONE',  ( 1.000000000000000000, -0.000000000000000000, -1.855319225643643724E-16 ) ) ;
#508 = CARTESIAN_POINT ( 'NONE',  ( -7.195000000000000284, 0.000000000000000000, 1.600000000000000089 ) ) ;
#509 = LINE ( 'NONE', #375, #4 ) ;
#510 = ORIENTED_EDGE ( 'NONE', *, *, #823, .F. ) ;
#511 = CARTESIAN_POINT ( 'NONE',  ( 7.850000000000001421, -2.285000000000000142, -0.001000000000001000089 ) ) ;
#512 = CARTESIAN_POINT ( 'NONE',  ( 2.500000000000000000, 0.000000000000000000, 7.400000000000000355 ) ) ;
#513 = CARTESIAN_POINT ( 'NONE',  ( 7.150000000000006573, -1.610000000000001430, 15.89999999999999680 ) ) ;
#514 = VERTEX_POINT ( 'NONE', #935 ) ;
#515 = DIRECTION ( 'NONE',  ( 0.000000000000000000, 1.000000000000000000, 0.000000000000000000 ) ) ;
#516 = ORIENTED_EDGE ( 'NONE', *, *, #1638, .T. ) ;
#517 = DIRECTION ( 'NONE',  ( -1.684443936231420250E-16, 2.891205793294675861E-16, -1.000000000000000000 ) ) ;
#518 = AXIS2_PLACEMENT_3D ( 'NONE', #1569, #605, #1915 ) ;
#519 = EDGE_CURVE ( 'NONE', #1406, #608, #55, .T. ) ;
#520 = EDGE_CURVE ( 'NONE', #2024, #942, #2142, .T. ) ;
#521 = ADVANCED_FACE ( 'NONE', ( #1559 ), #2116, .F. ) ;
#522 = VECTOR ( 'NONE', #1656, 1000.000000000000000 ) ;
#523 = DIRECTION ( 'NONE',  ( -2.465190328815661892E-32, -1.000000000000000000, 3.959651422358809693E-48 ) ) ;
#524 = CARTESIAN_POINT ( 'NONE',  ( -2.499999999999999112, 0.000000000000000000, 5.400000000000000355 ) ) ;
#525 = ORIENTED_EDGE ( 'NONE', *, *, #257, .F. ) ;
#526 = ADVANCED_FACE ( 'NONE', ( #592 ), #1261, .T. ) ;
#527 = FACE_OUTER_BOUND ( 'NONE', #1735, .T. ) ;
#528 = EDGE_CURVE ( 'NONE', #1279, #1889, #1395, .T. ) ;
#529 = VECTOR ( 'NONE', #230, 1000.000000000000000 ) ;
#530 = CARTESIAN_POINT ( 'NONE',  ( -9.350000000000001421, -2.304952957442643781E-31, 8.699999999999999289 ) ) ;
#531 = VECTOR ( 'NONE', #697, 1000.000000000000000 ) ;
#532 = ORIENTED_EDGE ( 'NONE', *, *, #1255, .F. ) ;
#533 = ORIENTED_EDGE ( 'NONE', *, *, #2044, .T. ) ;
#534 = DIRECTION ( 'NONE',  ( -1.895872651340770966E-15, 1.000000000000000000, 0.000000000000000000 ) ) ;
#535 = VERTEX_POINT ( 'NONE', #99 ) ;
#536 = LINE ( 'NONE', #1357, #65 ) ;
#537 = ORIENTED_EDGE ( 'NONE', *, *, #1459, .F. ) ;
#538 = DIRECTION ( 'NONE',  ( 1.000000000000000000, 2.465190328815661892E-32, 1.684443936231420003E-16 ) ) ;
#539 = ORIENTED_EDGE ( 'NONE', *, *, #557, .T. ) ;
#540 = CARTESIAN_POINT ( 'NONE',  ( 8.150000000000002132, 1.274999999999999911, 7.400000000000001243 ) ) ;
#541 = CARTESIAN_POINT ( 'NONE',  ( 7.150000000000004796, 1.274999999999998801, 15.34304347826086534 ) ) ;
#542 = EDGE_CURVE ( 'NONE', #894, #736, #244, .T. ) ;
#543 = DIRECTION ( 'NONE',  ( 1.000000000000000000, -0.000000000000000000, -0.000000000000000000 ) ) ;
#544 = DIRECTION ( 'NONE',  ( -0.000000000000000000, -0.000000000000000000, 1.000000000000000000 ) ) ;
#545 = ORIENTED_EDGE ( 'NONE', *, *, #953, .F. ) ;
#546 = CARTESIAN_POINT ( 'NONE',  ( 8.150000000000002132, 2.864999999999999769, 17.39999999999999858 ) ) ;
#547 = PLANE ( 'NONE',  #818 ) ;
#548 = VERTEX_POINT ( 'NONE', #397 ) ;
#549 = PLANE ( 'NONE',  #12 ) ;
#550 = VECTOR ( 'NONE', #922, 1000.000000000000000 ) ;
#551 = PLANE ( 'NONE',  #214 ) ;
#552 = VECTOR ( 'NONE', #1062, 1000.000000000000000 ) ;
#553 = VECTOR ( 'NONE', #2148, 1000.000000000000000 ) ;
#554 = EDGE_LOOP ( 'NONE', ( #1640, #1369, #1433, #1745 ) ) ;
#555 = CARTESIAN_POINT ( 'NONE',  ( -2.024999999999999911, 0.5799999999999999600, 0.000000000000000000 ) ) ;
#556 = LINE ( 'NONE', #1228, #1374 ) ;
#557 = EDGE_CURVE ( 'NONE', #786, #116, #1570, .T. ) ;
#558 = VERTEX_POINT ( 'NONE', #1434 ) ;
#559 = EDGE_CURVE ( 'NONE', #1634, #258, #1584, .T. ) ;
#560 = LINE ( 'NONE', #264, #414 ) ;
#561 = CARTESIAN_POINT ( 'NONE',  ( -8.150000000000000355, 0.8084916707288229976, 9.180783438949402964 ) ) ;
#562 = AXIS2_PLACEMENT_3D ( 'NONE', #115, #1283, #96 ) ;
#563 = EDGE_LOOP ( 'NONE', ( #776, #80, #304, #399, #1994, #2058 ) ) ;
#564 = CC_DESIGN_APPROVAL ( #1642, ( #2016 ) ) ;
#565 = PLANE ( 'NONE',  #1807 ) ;
#566 = DIRECTION ( 'NONE',  ( -6.173225848522452153E-18, 0.9992611746313142529, 0.03843312210120447547 ) ) ;
#567 = ADVANCED_FACE ( 'NONE', ( #222 ), #949, .F. ) ;
#568 = ORIENTED_EDGE ( 'NONE', *, *, #884, .T. ) ;
#569 = DIRECTION ( 'NONE',  ( -1.000000000000000000, 0.000000000000000000, 1.606225440719266120E-16 ) ) ;
#570 = PLANE ( 'NONE',  #670 ) ;
#571 = CARTESIAN_POINT ( 'NONE',  ( -8.150000000000000355, -0.4600000000000005751, 15.19999999999999751 ) ) ;
#572 = ORIENTED_EDGE ( 'NONE', *, *, #583, .T. ) ;
#573 = EDGE_CURVE ( 'NONE', #1634, #1731, #1474, .T. ) ;
#574 = LINE ( 'NONE', #1771, #361 ) ;
#575 = ORIENTED_EDGE ( 'NONE', *, *, #2122, .T. ) ;
#576 = CARTESIAN_POINT ( 'NONE',  ( 9.349999999999999645, 0.1244313146233389511, 0.004785819793203780620 ) ) ;
#577 = LINE ( 'NONE', #53, #1623 ) ;
#578 = LINE ( 'NONE', #2081, #552 ) ;
#579 = DIRECTION ( 'NONE',  ( 0.000000000000000000, 0.000000000000000000, 1.000000000000000000 ) ) ;
#580 = VERTEX_POINT ( 'NONE', #276 ) ;
#581 = PRODUCT_DEFINITION_SHAPE ( 'NONE', 'NONE',  #743 ) ;
#582 = CARTESIAN_POINT ( 'NONE',  ( -9.349999999999999645, 0.4547119645494836493, -0.01748892171344321178 ) ) ;
#583 = EDGE_CURVE ( 'NONE', #1816, #224, #1988, .T. ) ;
#584 = EDGE_CURVE ( 'NONE', #995, #313, #1635, .T. ) ;
#585 = ORIENTED_EDGE ( 'NONE', *, *, #972, .F. ) ;
#586 = DIRECTION ( 'NONE',  ( 0.000000000000000000, -1.000000000000000000, 0.000000000000000000 ) ) ;
#587 = VECTOR ( 'NONE', #1840, 1000.000000000000000 ) ;
#588 = LINE ( 'NONE', #635, #1540 ) ;
#589 = CARTESIAN_POINT ( 'NONE',  ( -5.594999999999999751, 0.000000000000000000, 0.000000000000000000 ) ) ;
#590 = VECTOR ( 'NONE', #507, 1000.000000000000000 ) ;
#591 = ORIENTED_EDGE ( 'NONE', *, *, #1530, .F. ) ;
#592 = FACE_OUTER_BOUND ( 'NONE', #1549, .T. ) ;
#593 = APPROVAL_ROLE ( '' ) ;
#594 = EDGE_CURVE ( 'NONE', #2047, #1287, #2177, .T. ) ;
#595 = ORIENTED_EDGE ( 'NONE', *, *, #1491, .T. ) ;
#596 = DIRECTION ( 'NONE',  ( 0.000000000000000000, 0.000000000000000000, -1.000000000000000000 ) ) ;
#597 = VECTOR ( 'NONE', #669, 1000.000000000000000 ) ;
#598 = CARTESIAN_POINT ( 'NONE',  ( -7.150000000000008349, -1.610000000000001652, 17.40000000000000213 ) ) ;
#599 = CC_DESIGN_APPROVAL ( #363, ( #743 ) ) ;
#600 = ORIENTED_EDGE ( 'NONE', *, *, #1805, .T. ) ;
#601 = ORIENTED_EDGE ( 'NONE', *, *, #484, .T. ) ;
#602 = LINE ( 'NONE', #285, #700 ) ;
#603 = CARTESIAN_POINT ( 'NONE',  ( -8.150000000000000355, 0.3088610834131658156, 9.199999999999999289 ) ) ;
#604 = ORIENTED_EDGE ( 'NONE', *, *, #744, .T. ) ;
#605 = DIRECTION ( 'NONE',  ( -1.000000000000000000, 2.465190328815661892E-32, 1.684443936231420003E-16 ) ) ;
#606 = ORIENTED_EDGE ( 'NONE', *, *, #2128, .F. ) ;
#607 = FACE_BOUND ( 'NONE', #2004, .T. ) ;
#608 = VERTEX_POINT ( 'NONE', #820 ) ;
#609 = EDGE_LOOP ( 'NONE', ( #651, #459, #1389, #1468, #2121, #1812, #2141, #1329, #2051, #2151, #1378, #343, #822, #48, #153, #308 ) ) ;
#610 = CARTESIAN_POINT ( 'NONE',  ( 8.150000000000000355, 0.2711389165868373641, 8.699999999999999289 ) ) ;
#611 = CARTESIAN_POINT ( 'NONE',  ( -8.150000000000000355, 1.039999999999998481, 15.19999999999999396 ) ) ;
#612 = LINE ( 'NONE', #128, #2043 ) ;
#613 = EDGE_CURVE ( 'NONE', #927, #235, #1312, .T. ) ;
#614 = ORIENTED_EDGE ( 'NONE', *, *, #584, .T. ) ;
#615 = CARTESIAN_POINT ( 'NONE',  ( 8.150000000000000355, -1.610000000000000320, 15.89999999999999680 ) ) ;
#616 = EDGE_CURVE ( 'NONE', #975, #69, #1959, .T. ) ;
#617 = ORIENTED_EDGE ( 'NONE', *, *, #1533, .T. ) ;
#618 = LINE ( 'NONE', #1809, #1133 ) ;
#619 = ORIENTED_EDGE ( 'NONE', *, *, #2028, .T. ) ;
#620 = ADVANCED_FACE ( 'NONE', ( #1338 ), #451, .T. ) ;
#621 = EDGE_CURVE ( 'NONE', #2102, #2130, #990, .T. ) ;
#622 = VERTEX_POINT ( 'NONE', #2166 ) ;
#623 = DIRECTION ( 'NONE',  ( 0.000000000000000000, -1.000000000000000000, 0.000000000000000000 ) ) ;
#624 = CARTESIAN_POINT ( 'NONE',  ( 2.900000000000001243, -1.360000000000000098, 7.400000000000001243 ) ) ;
#625 = CARTESIAN_POINT ( 'NONE',  ( 2.024999999999999911, 0.5799999999999999600, 0.000000000000000000 ) ) ;
#626 = VECTOR ( 'NONE', #201, 1000.000000000000000 ) ;
#627 = ORIENTED_EDGE ( 'NONE', *, *, #1638, .F. ) ;
#628 = DIRECTION ( 'NONE',  ( 1.000000000000000000, 1.091021054073463672E-15, -1.586637325588543651E-16 ) ) ;
#629 = VECTOR ( 'NONE', #1697, 1000.000000000000000 ) ;
#630 = VERTEX_POINT ( 'NONE', #290 ) ;
#631 = FACE_OUTER_BOUND ( 'NONE', #646, .T. ) ;
#632 = VERTEX_POINT ( 'NONE', #652 ) ;
#633 = ORIENTED_EDGE ( 'NONE', *, *, #1275, .T. ) ;
#634 = VECTOR ( 'NONE', #31, 1000.000000000000000 ) ;
#635 = CARTESIAN_POINT ( 'NONE',  ( -9.349999999999999645, 2.189999999999998614, -1.574955080376377524E-15 ) ) ;
#636 = PLANE ( 'NONE',  #1085 ) ;
#637 = AXIS2_PLACEMENT_3D ( 'NONE', #1412, #579, #1744 ) ;
#638 = CARTESIAN_POINT ( 'NONE',  ( 9.350000000000001421, 6.626537931034480522, 10.88645517241379679 ) ) ;
#639 = ORIENTED_EDGE ( 'NONE', *, *, #542, .F. ) ;
#640 = CARTESIAN_POINT ( 'NONE',  ( 8.150000000000000355, 1.039999999999998481, 15.19999999999999396 ) ) ;
#641 = LOCAL_TIME ( 11, 55, 22.00000000000000000, #1475 ) ;
#642 = DIRECTION ( 'NONE',  ( -1.606225440719265874E-16, -0.000000000000000000, -1.000000000000000000 ) ) ;
#643 = ORIENTED_EDGE ( 'NONE', *, *, #61, .F. ) ;
#644 = LINE ( 'NONE', #835, #1201 ) ;
#645 = EDGE_CURVE ( 'NONE', #235, #1662, #2152, .T. ) ;
#646 = EDGE_LOOP ( 'NONE', ( #366, #1044, #2134, #539, #761, #446, #1179, #1677, #1052, #197 ) ) ;
#647 = EDGE_LOOP ( 'NONE', ( #1591, #1842, #1832, #1408 ) ) ;
#648 = CARTESIAN_POINT ( 'NONE',  ( 9.350000000000001421, 0.2711389165868339224, 9.199999999999999289 ) ) ;
#649 = CARTESIAN_POINT ( 'NONE',  ( -5.594999999999999751, 0.000000000000000000, 0.000000000000000000 ) ) ;
#650 = PLANE ( 'NONE',  #562 ) ;
#651 = ORIENTED_EDGE ( 'NONE', *, *, #2128, .T. ) ;
#652 = CARTESIAN_POINT ( 'NONE',  ( -7.150000000000008349, -1.610000000000001652, 17.40000000000000213 ) ) ;
#653 = VERTEX_POINT ( 'NONE', #1114 ) ;
#654 = CARTESIAN_POINT ( 'NONE',  ( 8.149999999999998579, -2.304952957442643781E-31, -1.382208027490065472E-15 ) ) ;
#655 = ADVANCED_FACE ( 'NONE', ( #963 ), #782, .F. ) ;
#656 = VERTEX_POINT ( 'NONE', #1498 ) ;
#657 = EDGE_LOOP ( 'NONE', ( #396, #504, #1316, #1943 ) ) ;
#658 = LINE ( 'NONE', #310, #522 ) ;
#659 = CARTESIAN_POINT ( 'NONE',  ( 7.150000000000007461, -0.6949999999999996181, 17.40000000000000213 ) ) ;
#660 = DIRECTION ( 'NONE',  ( -0.000000000000000000, -1.000000000000000000, -0.000000000000000000 ) ) ;
#661 = ORIENTED_EDGE ( 'NONE', *, *, #594, .F. ) ;
#662 = DIRECTION ( 'NONE',  ( 1.000000000000000000, 0.000000000000000000, 0.000000000000000000 ) ) ;
#663 = ORIENTED_EDGE ( 'NONE', *, *, #1629, .F. ) ;
#664 = VECTOR ( 'NONE', #1243, 1000.000000000000000 ) ;
#665 = EDGE_CURVE ( 'NONE', #246, #59, #487, .T. ) ;
#666 = LINE ( 'NONE', #2131, #1903 ) ;
#667 = CIRCLE ( 'NONE', #279, 0.5000000000000004441 ) ;
#668 = DIRECTION ( 'NONE',  ( 0.000000000000000000, 2.891205793294669452E-16, -1.000000000000000000 ) ) ;
#669 = DIRECTION ( 'NONE',  ( 1.495451272393799049E-16, 0.000000000000000000, 1.000000000000000000 ) ) ;
#670 = AXIS2_PLACEMENT_3D ( 'NONE', #1557, #416, #1092 ) ;
#671 = ORIENTED_EDGE ( 'NONE', *, *, #1553, .T. ) ;
#672 = DIRECTION ( 'NONE',  ( -0.000000000000000000, -0.000000000000000000, 1.000000000000000000 ) ) ;
#673 = EDGE_CURVE ( 'NONE', #2176, #221, #1975, .T. ) ;
#674 = APPROVAL_PERSON_ORGANIZATION ( #1636, #1642, #131 ) ;
#675 = DIRECTION ( 'NONE',  ( -1.000000000000000000, 0.000000000000000000, 0.000000000000000000 ) ) ;
#676 = DIRECTION ( 'NONE',  ( 0.000000000000000000, 0.000000000000000000, -1.000000000000000000 ) ) ;
#677 = DIRECTION ( 'NONE',  ( 0.000000000000000000, -0.000000000000000000, 1.000000000000000000 ) ) ;
#678 = CARTESIAN_POINT ( 'NONE',  ( 2.025000000000000799, 0.5799999999999999600, 5.400000000000000355 ) ) ;
#679 = CARTESIAN_POINT ( 'NONE',  ( 0.000000000000000000, 2.864999999999999769, 0.000000000000000000 ) ) ;
#680 = VERTEX_POINT ( 'NONE', #167 ) ;
#681 = PLANE ( 'NONE',  #1797 ) ;
#682 = EDGE_CURVE ( 'NONE', #1693, #1950, #130, .T. ) ;
#683 = EDGE_CURVE ( 'NONE', #2032, #1256, #1458, .T. ) ;
#684 = CARTESIAN_POINT ( 'NONE',  ( 2.500000000000000000, 0.5799999999999999600, 7.400000000000000355 ) ) ;
#685 = EDGE_CURVE ( 'NONE', #1043, #755, #831, .T. ) ;
#686 = LINE ( 'NONE', #790, #1893 ) ;
#687 = LINE ( 'NONE', #13, #853 ) ;
#688 = EDGE_CURVE ( 'NONE', #1684, #2024, #302, .T. ) ;
#689 = CARTESIAN_POINT ( 'NONE',  ( 8.150000000000000355, 0.3088610834131658156, 9.199999999999999289 ) ) ;
#690 = LINE ( 'NONE', #7, #1304 ) ;
#691 = EDGE_CURVE ( 'NONE', #469, #1579, #2030, .T. ) ;
#692 = ORIENTED_EDGE ( 'NONE', *, *, #953, .T. ) ;
#693 = CARTESIAN_POINT ( 'NONE',  ( 7.850000000000001421, 2.539999999999999591, -0.001000000000001000089 ) ) ;
#694 = EDGE_LOOP ( 'NONE', ( #92, #703, #163, #24 ) ) ;
#695 = ORIENTED_EDGE ( 'NONE', *, *, #390, .F. ) ;
#696 = AXIS2_PLACEMENT_3D ( 'NONE', #1605, #425, #569 ) ;
#697 = DIRECTION ( 'NONE',  ( 1.684443936231420250E-16, 2.891205793294675861E-16, -1.000000000000000000 ) ) ;
#698 = ORIENTED_EDGE ( 'NONE', *, *, #1491, .F. ) ;
#699 = VECTOR ( 'NONE', #327, 1000.000000000000000 ) ;
#700 = VECTOR ( 'NONE', #959, 1000.000000000000000 ) ;
#701 = LINE ( 'NONE', #1775, #941 ) ;
#702 = DIRECTION ( 'NONE',  ( -0.7071067811865474617, -0.000000000000000000, -0.7071067811865475727 ) ) ;
#703 = ORIENTED_EDGE ( 'NONE', *, *, #1333, .F. ) ;
#704 = AXIS2_PLACEMENT_3D ( 'NONE', #603, #139, #1138 ) ;
#705 = DIRECTION ( 'NONE',  ( 1.684443936231420003E-16, 0.000000000000000000, 1.000000000000000000 ) ) ;
#706 = VECTOR ( 'NONE', #796, 1000.000000000000000 ) ;
#707 = EDGE_LOOP ( 'NONE', ( #663, #930, #2055, #2161, #1870, #1595, #1789, #1940, #150, #1621 ) ) ;
#708 = EDGE_CURVE ( 'NONE', #86, #2032, #536, .T. ) ;
#709 = ORIENTED_EDGE ( 'NONE', *, *, #1275, .F. ) ;
#710 = LINE ( 'NONE', #693, #947 ) ;
#711 = CARTESIAN_POINT ( 'NONE',  ( 8.149999999999998579, 0.4547119645494836493, -0.01748892171344302096 ) ) ;
#712 = ORIENTED_EDGE ( 'NONE', *, *, #832, .T. ) ;
#713 = CARTESIAN_POINT ( 'NONE',  ( 7.850000000000001421, 2.864999999999999769, -0.001000000000001000089 ) ) ;
#714 = EDGE_LOOP ( 'NONE', ( #2086, #525, #956, #1170 ) ) ;
#715 = DIRECTION ( 'NONE',  ( 0.000000000000000000, -0.03843312210120447547, 0.9992611746313142529 ) ) ;
#716 = ADVANCED_FACE ( 'NONE', ( #1702 ), #1709, .F. ) ;
#717 = ORIENTED_EDGE ( 'NONE', *, *, #2028, .F. ) ;
#718 = CARTESIAN_POINT ( 'NONE',  ( -8.150000000000000355, 6.626537931034480522, 10.88645517241379679 ) ) ;
#719 = ADVANCED_FACE ( 'NONE', ( #357 ), #2011, .F. ) ;
#720 = LINE ( 'NONE', #1419, #772 ) ;
#721 = ORIENTED_EDGE ( 'NONE', *, *, #1981, .T. ) ;
#722 = PLANE ( 'NONE',  #178 ) ;
#723 = CARTESIAN_POINT ( 'NONE',  ( -8.149999999999998579, 2.189999999999998614, -1.382208027490065472E-15 ) ) ;
#724 = ORIENTED_EDGE ( 'NONE', *, *, #1767, .T. ) ;
#725 = EDGE_CURVE ( 'NONE', #1134, #1107, #1681, .T. ) ;
#726 = CARTESIAN_POINT ( 'NONE',  ( 7.150000000000004796, 1.274999999999998801, 17.40000000000000213 ) ) ;
#727 = DIRECTION ( 'NONE',  ( -0.7071067811865475727, 0.000000000000000000, 0.7071067811865474617 ) ) ;
#728 = VECTOR ( 'NONE', #1817, 1000.000000000000000 ) ;
#729 = AXIS2_PLACEMENT_3D ( 'NONE', #1606, #1813, #137 ) ;
#730 = ORIENTED_EDGE ( 'NONE', *, *, #365, .F. ) ;
#731 = PLANE ( 'NONE',  #1650 ) ;
#732 = LINE ( 'NONE', #1249, #2014 ) ;
#733 = LINE ( 'NONE', #900, #147 ) ;
#734 = CARTESIAN_POINT ( 'NONE',  ( 2.900000000000001243, 1.274999999999999911, 7.400000000000001243 ) ) ;
#735 = VECTOR ( 'NONE', #1162, 1000.000000000000000 ) ;
#736 = VERTEX_POINT ( 'NONE', #1853 ) ;
#737 = VECTOR ( 'NONE', #1519, 1000.000000000000000 ) ;
#738 = CARTESIAN_POINT ( 'NONE',  ( -9.349999999999997868, 2.864999999999999769, 19.40000000000000568 ) ) ;
#739 = ORIENTED_EDGE ( 'NONE', *, *, #2022, .F. ) ;
#740 = CARTESIAN_POINT ( 'NONE',  ( 2.500000000000000000, 0.000000000000000000, 5.400000000000000355 ) ) ;
#741 = DIRECTION ( 'NONE',  ( 0.000000000000000000, 0.000000000000000000, 1.000000000000000000 ) ) ;
#742 = DIRECTION ( 'NONE',  ( -1.000000000000000000, -0.000000000000000000, -1.606225440719266120E-16 ) ) ;
#743 = PRODUCT_DEFINITION ( 'UNKNOWN', '', #2016, #1039 ) ;
#744 = EDGE_CURVE ( 'NONE', #1566, #1680, #1718, .T. ) ;
#745 = EDGE_CURVE ( 'NONE', #1171, #1341, #1691, .T. ) ;
#746 = FACE_OUTER_BOUND ( 'NONE', #830, .T. ) ;
#747 = EDGE_LOOP ( 'NONE', ( #261, #1413, #877, #1552 ) ) ;
#748 = EDGE_CURVE ( 'NONE', #231, #1171, #1376, .T. ) ;
#749 = CARTESIAN_POINT ( 'NONE',  ( 9.350000000000001421, -1.610000000000000320, 15.89999999999999680 ) ) ;
#750 = VERTEX_POINT ( 'NONE', #1859 ) ;
#751 = DIRECTION ( 'NONE',  ( 8.758214818605775321E-17, 0.8541985556144388037, -0.5199469468957449436 ) ) ;
#752 = CARTESIAN_POINT ( 'NONE',  ( 8.150000000000000355, 0.2711389165868339224, 9.199999999999999289 ) ) ;
#753 = EDGE_CURVE ( 'NONE', #630, #1476, #211, .T. ) ;
#754 = DIRECTION ( 'NONE',  ( 0.000000000000000000, -1.000000000000000000, 0.000000000000000000 ) ) ;
#755 = VERTEX_POINT ( 'NONE', #840 ) ;
#756 = CARTESIAN_POINT ( 'NONE',  ( 9.350000000000003197, 2.864999999999999769, 19.40000000000000213 ) ) ;
#757 = ORIENTED_EDGE ( 'NONE', *, *, #435, .T. ) ;
#758 = LINE ( 'NONE', #121, #423 ) ;
#759 = PLANE ( 'NONE',  #1163 ) ;
#760 = AXIS2_PLACEMENT_3D ( 'NONE', #1000, #1161, #496 ) ;
#761 = ORIENTED_EDGE ( 'NONE', *, *, #1233, .T. ) ;
#762 = EDGE_LOOP ( 'NONE', ( #1774, #301, #2111, #1877, #1968, #1422, #135 ) ) ;
#763 = VECTOR ( 'NONE', #2159, 1000.000000000000000 ) ;
#764 = CARTESIAN_POINT ( 'NONE',  ( -9.350000000000001421, 0.3088610834131658156, 9.199999999999999289 ) ) ;
#765 = CARTESIAN_POINT ( 'NONE',  ( 7.150000000000004796, 1.274999999999998801, 17.40000000000000213 ) ) ;
#766 = VECTOR ( 'NONE', #1401, 1000.000000000000114 ) ;
#767 = ORIENTED_EDGE ( 'NONE', *, *, #144, .T. ) ;
#768 = DIRECTION ( 'NONE',  ( -1.156482317317867781E-15, -1.445602896647334726E-16, 1.000000000000000000 ) ) ;
#769 = PERSON_AND_ORGANIZATION ( #1084, #1874 ) ;
#770 = EDGE_LOOP ( 'NONE', ( #2064, #1711, #389, #1078 ) ) ;
#771 = CARTESIAN_POINT ( 'NONE',  ( -7.194999999999999396, 0.5799999999999999600, 7.400000000000000355 ) ) ;
#772 = VECTOR ( 'NONE', #1720, 1000.000000000000000 ) ;
#773 = DIRECTION ( 'NONE',  ( 0.000000000000000000, 0.000000000000000000, -1.000000000000000000 ) ) ;
#774 = LOCAL_TIME ( 11, 55, 22.00000000000000000, #245 ) ;
#775 = EDGE_CURVE ( 'NONE', #1321, #834, #367, .T. ) ;
#776 = ORIENTED_EDGE ( 'NONE', *, *, #1564, .F. ) ;
#777 = VERTEX_POINT ( 'NONE', #2039 ) ;
#778 = LINE ( 'NONE', #1281, #1655 ) ;
#779 = DIRECTION ( 'NONE',  ( 0.000000000000000000, 1.000000000000000000, 0.000000000000000000 ) ) ;
#780 = CARTESIAN_POINT ( 'NONE',  ( 9.350000000000003197, -2.304952957442643781E-31, 17.39999999999999858 ) ) ;
#781 = ORIENTED_EDGE ( 'NONE', *, *, #1255, .T. ) ;
#782 = PLANE ( 'NONE',  #1895 ) ;
#783 = COORDINATED_UNIVERSAL_TIME_OFFSET ( 3, 30, .AHEAD. ) ;
#784 = ORIENTED_EDGE ( 'NONE', *, *, #682, .T. ) ;
#785 = DIRECTION ( 'NONE',  ( -1.156482317317871725E-15, -1.000000000000000000, -0.000000000000000000 ) ) ;
#786 = VERTEX_POINT ( 'NONE', #870 ) ;
#787 = VERTEX_POINT ( 'NONE', #1507 ) ;
#788 = EDGE_CURVE ( 'NONE', #338, #1043, #710, .T. ) ;
#789 = DIRECTION ( 'NONE',  ( 1.684443936231420250E-16, 0.000000000000000000, -1.000000000000000000 ) ) ;
#790 = CARTESIAN_POINT ( 'NONE',  ( 8.150000000000002132, -2.285000000000000142, 17.39999999999999858 ) ) ;
#791 = DIRECTION ( 'NONE',  ( -1.586637325588543405E-16, -0.000000000000000000, -1.000000000000000000 ) ) ;
#792 = ORIENTED_EDGE ( 'NONE', *, *, #179, .T. ) ;
#793 = DIRECTION ( 'NONE',  ( 1.000000000000000000, -0.000000000000000000, -1.606225440719266120E-16 ) ) ;
#794 = DATE_TIME_ROLE ( 'creation_date' ) ;
#795 = ORIENTED_EDGE ( 'NONE', *, *, #105, .F. ) ;
#796 = DIRECTION ( 'NONE',  ( 1.000000000000000000, 1.091021054073463672E-15, -1.586637325588543651E-16 ) ) ;
#797 = CARTESIAN_POINT ( 'NONE',  ( -7.194999999999999396, 0.5799999999999999600, 7.400000000000000355 ) ) ;
#798 = ORIENTED_EDGE ( 'NONE', *, *, #499, .T. ) ;
#799 = ORIENTED_EDGE ( 'NONE', *, *, #234, .T. ) ;
#800 = DIRECTION ( 'NONE',  ( 0.000000000000000000, 2.309350627394122236E-14, -1.000000000000000000 ) ) ;
#801 = AXIS2_PLACEMENT_3D ( 'NONE', #1956, #802, #1471 ) ;
#802 = DIRECTION ( 'NONE',  ( -1.000000000000000000, 7.039457583673970421E-16, 1.156482317317867978E-15 ) ) ;
#803 = CARTESIAN_POINT ( 'NONE',  ( 0.000000000000000000, -2.285000000000000142, 0.000000000000000000 ) ) ;
#804 = VECTOR ( 'NONE', #926, 1000.000000000000000 ) ;
#805 = ORIENTED_EDGE ( 'NONE', *, *, #832, .F. ) ;
#806 = DIRECTION ( 'NONE',  ( 1.000000000000000000, -0.000000000000000000, -1.606225440719266120E-16 ) ) ;
#807 = VECTOR ( 'NONE', #1864, 1000.000000000000000 ) ;
#808 = CALENDAR_DATE ( 2024, 31, 8 ) ;
#809 = EDGE_CURVE ( 'NONE', #548, #925, #2021, .T. ) ;
#810 = ORIENTED_EDGE ( 'NONE', *, *, #1760, .F. ) ;
#811 = CARTESIAN_POINT ( 'NONE',  ( 2.024999999999999911, 0.5799999999999999600, 0.000000000000000000 ) ) ;
#812 = DIRECTION ( 'NONE',  ( 0.000000000000000000, -0.000000000000000000, -1.000000000000000000 ) ) ;
#813 = ORIENTED_EDGE ( 'NONE', *, *, #1105, .T. ) ;
#814 = VERTEX_POINT ( 'NONE', #524 ) ;
#815 = VECTOR ( 'NONE', #438, 1000.000000000000000 ) ;
#816 = CARTESIAN_POINT ( 'NONE',  ( -2.024999999999999911, 0.5799999999999999600, 0.000000000000000000 ) ) ;
#817 = DIRECTION ( 'NONE',  ( 1.000000000000000000, -0.000000000000000000, -1.606225440719266120E-16 ) ) ;
#818 = AXIS2_PLACEMENT_3D ( 'NONE', #511, #872, #676 ) ;
#819 = CARTESIAN_POINT ( 'NONE',  ( -9.349999999999997868, -2.285000000000000142, 19.40000000000000568 ) ) ;
#820 = CARTESIAN_POINT ( 'NONE',  ( -7.150000000000006573, -1.610000000000001430, 15.89999999999999680 ) ) ;
#821 = CC_DESIGN_APPROVAL ( #1712, ( #76 ) ) ;
#822 = ORIENTED_EDGE ( 'NONE', *, *, #1782, .T. ) ;
#823 = EDGE_CURVE ( 'NONE', #535, #787, #1200, .T. ) ;
#824 = DIRECTION ( 'NONE',  ( 1.000000000000000000, -2.465190328815661892E-32, -1.684443936231420003E-16 ) ) ;
#825 = ORIENTED_EDGE ( 'NONE', *, *, #1050, .F. ) ;
#826 = VERTEX_POINT ( 'NONE', #1517 ) ;
#827 = CARTESIAN_POINT ( 'NONE',  ( 2.900000000000001243, -1.360000000000000098, 7.400000000000001243 ) ) ;
#828 = DIRECTION ( 'NONE',  ( -0.7071067811865474617, 0.000000000000000000, 0.7071067811865475727 ) ) ;
#829 = LINE ( 'NONE', #2175, #1695 ) ;
#830 = EDGE_LOOP ( 'NONE', ( #799, #477, #494, #1185 ) ) ;
#831 = LINE ( 'NONE', #1299, #728 ) ;
#832 = EDGE_CURVE ( 'NONE', #653, #26, #9, .T. ) ;
#833 = PERSON_AND_ORGANIZATION ( #1084, #1874 ) ;
#834 = VERTEX_POINT ( 'NONE', #501 ) ;
#835 = CARTESIAN_POINT ( 'NONE',  ( 9.350000000000003197, -2.285000000000000142, 19.40000000000000213 ) ) ;
#836 = ORIENTED_EDGE ( 'NONE', *, *, #2132, .T. ) ;
#837 = CARTESIAN_POINT ( 'NONE',  ( -2.024999999999999911, 0.000000000000000000, 0.000000000000000000 ) ) ;
#838 = CARTESIAN_POINT ( 'NONE',  ( 8.150000000000000355, -0.4600000000000005751, 15.19999999999999751 ) ) ;
#839 = VERTEX_POINT ( 'NONE', #1885 ) ;
#840 = CARTESIAN_POINT ( 'NONE',  ( 7.850000000000001421, 2.864999999999999769, 19.40000000000000568 ) ) ;
#841 = ORIENTED_EDGE ( 'NONE', *, *, #584, .F. ) ;
#842 = CARTESIAN_POINT ( 'NONE',  ( 7.150000000000006573, -0.6950000000000007283, 15.34304347826086712 ) ) ;
#843 = VECTOR ( 'NONE', #175, 1000.000000000000000 ) ;
#844 = FACE_OUTER_BOUND ( 'NONE', #278, .T. ) ;
#845 = CC_DESIGN_PERSON_AND_ORGANIZATION_ASSIGNMENT ( #769, #1244, ( #1733 ) ) ;
#846 = EDGE_CURVE ( 'NONE', #1492, #1816, #509, .T. ) ;
#847 = EDGE_CURVE ( 'NONE', #1430, #2074, #1046, .T. ) ;
#848 = DIRECTION ( 'NONE',  ( 0.000000000000000000, 0.000000000000000000, 1.000000000000000000 ) ) ;
#849 = VECTOR ( 'NONE', #392, 1000.000000000000000 ) ;
#850 = ORIENTED_EDGE ( 'NONE', *, *, #1278, .F. ) ;
#851 = CARTESIAN_POINT ( 'NONE',  ( -9.350000000000003197, -2.304952957442643781E-31, 17.39999999999999858 ) ) ;
#852 = ADVANCED_FACE ( 'NONE', ( #1177 ), #681, .T. ) ;
#853 = VECTOR ( 'NONE', #517, 1000.000000000000000 ) ;
#854 = LINE ( 'NONE', #370, #904 ) ;
#855 = EDGE_LOOP ( 'NONE', ( #1306, #1630, #146, #1974 ) ) ;
#856 = DIRECTION ( 'NONE',  ( 2.465190328815661892E-32, -1.000000000000000000, 3.959651422358809085E-48 ) ) ;
#857 = CARTESIAN_POINT ( 'NONE',  ( -7.195000000000000284, 0.5799999999999999600, 1.600000000000000089 ) ) ;
#858 = ADVANCED_FACE ( 'NONE', ( #2017 ), #1028, .F. ) ;
#859 = CARTESIAN_POINT ( 'NONE',  ( 2.500000000000000000, 0.5799999999999999600, 5.400000000000000355 ) ) ;
#860 = CARTESIAN_POINT ( 'NONE',  ( 5.594999999999999751, 0.5799999999999999600, 0.000000000000000000 ) ) ;
#861 = ORIENTED_EDGE ( 'NONE', *, *, #2023, .T. ) ;
#862 = CARTESIAN_POINT ( 'NONE',  ( 2.025000000000000799, 0.5799999999999999600, 5.400000000000000355 ) ) ;
#863 = CC_DESIGN_PERSON_AND_ORGANIZATION_ASSIGNMENT ( #1116, #118, ( #2016 ) ) ;
#864 = PLANE ( 'NONE',  #1465 ) ;
#865 = ORIENTED_EDGE ( 'NONE', *, *, #1530, .T. ) ;
#866 = CARTESIAN_POINT ( 'NONE',  ( -8.150000000000000355, -2.304952957442643781E-31, 7.400000000000000355 ) ) ;
#867 = DIRECTION ( 'NONE',  ( -1.000000000000000000, 0.000000000000000000, 0.000000000000000000 ) ) ;
#868 = LINE ( 'NONE', #540, #492 ) ;
#869 = ORIENTED_EDGE ( 'NONE', *, *, #1607, .F. ) ;
#870 = CARTESIAN_POINT ( 'NONE',  ( 8.150000000000000355, 0.8084916707288229976, 9.180783438949402964 ) ) ;
#871 = ADVANCED_FACE ( 'NONE', ( #898 ), #1556, .F. ) ;
#872 = DIRECTION ( 'NONE',  ( 1.000000000000000000, -0.000000000000000000, 0.000000000000000000 ) ) ;
#873 = VERTEX_POINT ( 'NONE', #1729 ) ;
#874 = VECTOR ( 'NONE', #91, 1000.000000000000000 ) ;
#875 = DIRECTION ( 'NONE',  ( -1.495451272393799049E-16, 0.000000000000000000, -1.000000000000000000 ) ) ;
#876 = VECTOR ( 'NONE', #1494, 1000.000000000000000 ) ;
#877 = ORIENTED_EDGE ( 'NONE', *, *, #468, .F. ) ;
#878 = DIRECTION ( 'NONE',  ( 0.000000000000000000, -0.000000000000000000, 1.000000000000000000 ) ) ;
#879 = VECTOR ( 'NONE', #1924, 1000.000000000000000 ) ;
#880 = CARTESIAN_POINT ( 'NONE',  ( 7.195000000000001172, 0.000000000000000000, 7.400000000000000355 ) ) ;
#881 = VECTOR ( 'NONE', #918, 1000.000000000000000 ) ;
#882 = CARTESIAN_POINT ( 'NONE',  ( 8.149999999999998579, -0.6949999999999996181, -1.382208027490065472E-15 ) ) ;
#883 = ORIENTED_EDGE ( 'NONE', *, *, #2091, .F. ) ;
#884 = EDGE_CURVE ( 'NONE', #814, #313, #394, .T. ) ;
#885 = EDGE_CURVE ( 'NONE', #469, #317, #1923, .T. ) ;
#886 = DIRECTION ( 'NONE',  ( -0.000000000000000000, -1.000000000000000000, -0.000000000000000000 ) ) ;
#887 = DIRECTION ( 'NONE',  ( 2.465190328815661892E-32, 1.000000000000000000, -3.959651422358809693E-48 ) ) ;
#888 = CARTESIAN_POINT ( 'NONE',  ( -8.149999999999998579, 0.1244313146233389511, 0.004785819793203974042 ) ) ;
#889 = DIRECTION ( 'NONE',  ( 1.000000000000000000, -0.000000000000000000, -1.606225440719266120E-16 ) ) ;
#890 = ORIENTED_EDGE ( 'NONE', *, *, #499, .F. ) ;
#891 = DIRECTION ( 'NONE',  ( 1.000000000000000000, -2.465190328815661892E-32, -1.684443936231420003E-16 ) ) ;
#892 = EDGE_CURVE ( 'NONE', #580, #275, #1710, .T. ) ;
#893 = CARTESIAN_POINT ( 'NONE',  ( -2.899999999999996803, -1.360000000000000098, 17.40000000000000213 ) ) ;
#894 = VERTEX_POINT ( 'NONE', #910 ) ;
#895 = CARTESIAN_POINT ( 'NONE',  ( 2.900000000000003020, 1.939999999999999947, 17.40000000000000213 ) ) ;
#896 = CARTESIAN_POINT ( 'NONE',  ( 2.900000000000001243, -0.6949999999999996181, 7.400000000000001243 ) ) ;
#897 = DIRECTION ( 'NONE',  ( 0.000000000000000000, 0.000000000000000000, 1.000000000000000000 ) ) ;
#898 = FACE_OUTER_BOUND ( 'NONE', #2146, .T. ) ;
#899 = CARTESIAN_POINT ( 'NONE',  ( 2.500000000000000000, 0.5799999999999999600, 7.400000000000000355 ) ) ;
#900 = CARTESIAN_POINT ( 'NONE',  ( 2.025000000000000799, 0.5799999999999999600, 5.400000000000000355 ) ) ;
#901 = DIRECTION ( 'NONE',  ( 0.000000000000000000, -0.000000000000000000, 1.000000000000000000 ) ) ;
#902 = ORIENTED_EDGE ( 'NONE', *, *, #919, .F. ) ;
#903 = DIRECTION ( 'NONE',  ( 1.000000000000000000, -0.000000000000000000, -1.606225440719266120E-16 ) ) ;
#904 = VECTOR ( 'NONE', #1041, 1000.000000000000000 ) ;
#905 = MANIFOLD_SOLID_BREP ( 'Cut-Extrude3', #1463 ) ;
#906 = DIRECTION ( 'NONE',  ( -1.606225440719265874E-16, -0.000000000000000000, -1.000000000000000000 ) ) ;
#907 = VECTOR ( 'NONE', #43, 1000.000000000000000 ) ;
#908 = CARTESIAN_POINT ( 'NONE',  ( 2.024999999999999911, 0.5799999999999999600, 0.000000000000000000 ) ) ;
#909 = ADVANCED_FACE ( 'NONE', ( #2090 ), #202, .F. ) ;
#910 = CARTESIAN_POINT ( 'NONE',  ( -2.899999999999996803, 1.939999999999999947, 17.40000000000000213 ) ) ;
#911 = EDGE_CURVE ( 'NONE', #1703, #2176, #1536, .T. ) ;
#912 = CARTESIAN_POINT ( 'NONE',  ( 8.150000000000002132, 1.274999999999999911, 7.400000000000001243 ) ) ;
#913 = CARTESIAN_POINT ( 'NONE',  ( -2.899999999999996803, 1.939999999999999947, 17.40000000000000213 ) ) ;
#914 = DIRECTION ( 'NONE',  ( -4.643928299544835456E-32, 1.000000000000000000, 2.891205793294675368E-16 ) ) ;
#915 = VECTOR ( 'NONE', #848, 1000.000000000000000 ) ;
#916 = ORIENTED_EDGE ( 'NONE', *, *, #745, .T. ) ;
#917 = VECTOR ( 'NONE', #1756, 1000.000000000000114 ) ;
#918 = DIRECTION ( 'NONE',  ( -1.000000000000000000, -0.000000000000000000, -1.606225440719266120E-16 ) ) ;
#919 = EDGE_CURVE ( 'NONE', #1690, #1566, #778, .T. ) ;
#920 = ADVANCED_FACE ( 'NONE', ( #95 ), #1443, .F. ) ;
#921 = EDGE_LOOP ( 'NONE', ( #42, #948, #372, #617 ) ) ;
#922 = DIRECTION ( 'NONE',  ( 0.000000000000000000, 0.000000000000000000, 1.000000000000000000 ) ) ;
#923 = FACE_OUTER_BOUND ( 'NONE', #168, .T. ) ;
#924 = DIRECTION ( 'NONE',  ( 0.000000000000000000, -0.03843312210120430200, -0.9992611746313142529 ) ) ;
#925 = VERTEX_POINT ( 'NONE', #1776 ) ;
#926 = DIRECTION ( 'NONE',  ( 8.758214818605780251E-17, -0.8541985556144386926, -0.5199469468957449436 ) ) ;
#927 = VERTEX_POINT ( 'NONE', #2123 ) ;
#928 = CARTESIAN_POINT ( 'NONE',  ( 2.025000000000000799, 0.5799999999999999600, 5.400000000000000355 ) ) ;
#929 = LINE ( 'NONE', #954, #874 ) ;
#930 = ORIENTED_EDGE ( 'NONE', *, *, #2091, .T. ) ;
#931 = ORIENTED_EDGE ( 'NONE', *, *, #1436, .T. ) ;
#932 = DIRECTION ( 'NONE',  ( 0.000000000000000000, 0.000000000000000000, 1.000000000000000000 ) ) ;
#933 = CARTESIAN_POINT ( 'NONE',  ( 7.195000000000000284, 0.000000000000000000, 1.600000000000000089 ) ) ;
#934 = CARTESIAN_POINT ( 'NONE',  ( 8.150000000000003908, -0.6949999999999996181, 17.40000000000000213 ) ) ;
#935 = CARTESIAN_POINT ( 'NONE',  ( -9.350000000000001421, -1.610000000000000320, 15.89999999999999680 ) ) ;
#936 = CARTESIAN_POINT ( 'NONE',  ( 2.900000000000003020, -1.360000000000000098, 17.40000000000000213 ) ) ;
#937 = ORIENTED_EDGE ( 'NONE', *, *, #1232, .T. ) ;
#938 = EDGE_CURVE ( 'NONE', #653, #1604, #262, .T. ) ;
#939 = CARTESIAN_POINT ( 'NONE',  ( 8.150000000000000355, 0.3088610834131623739, 8.699999999999999289 ) ) ;
#940 = DIRECTION ( 'NONE',  ( 1.895872651340770966E-15, 1.000000000000000000, 0.000000000000000000 ) ) ;
#941 = VECTOR ( 'NONE', #932, 1000.000000000000000 ) ;
#942 = VERTEX_POINT ( 'NONE', #610 ) ;
#943 = VECTOR ( 'NONE', #793, 1000.000000000000000 ) ;
#944 = CARTESIAN_POINT ( 'NONE',  ( -8.149999999999998579, 0.4547119645494836493, -0.01748892171344302096 ) ) ;
#945 = CARTESIAN_POINT ( 'NONE',  ( -2.499999999999999112, 0.5799999999999999600, 7.400000000000000355 ) ) ;
#946 = LINE ( 'NONE', #780, #326 ) ;
#947 = VECTOR ( 'NONE', #672, 1000.000000000000000 ) ;
#948 = ORIENTED_EDGE ( 'NONE', *, *, #2084, .F. ) ;
#949 = PLANE ( 'NONE',  #1336 ) ;
#950 = ORIENTED_EDGE ( 'NONE', *, *, #455, .T. ) ;
#951 = CARTESIAN_POINT ( 'NONE',  ( -8.150000000000000355, 0.8084916707288229976, 9.180783438949402964 ) ) ;
#952 = VECTOR ( 'NONE', #1324, 1000.000000000000000 ) ;
#953 = EDGE_CURVE ( 'NONE', #1579, #1891, #1631, .T. ) ;
#954 = CARTESIAN_POINT ( 'NONE',  ( 9.350000000000001421, -6.469737931034480027, 10.62885517241379496 ) ) ;
#955 = VECTOR ( 'NONE', #785, 1000.000000000000000 ) ;
#956 = ORIENTED_EDGE ( 'NONE', *, *, #364, .F. ) ;
#957 = EDGE_CURVE ( 'NONE', #1811, #1287, #667, .T. ) ;
#958 = EDGE_LOOP ( 'NONE', ( #692, #810, #1284, #2179 ) ) ;
#959 = DIRECTION ( 'NONE',  ( 0.000000000000000000, 1.000000000000000000, -4.945608200916562073E-64 ) ) ;
#960 = CARTESIAN_POINT ( 'NONE',  ( 7.195000000000001172, 0.5799999999999999600, 7.400000000000000355 ) ) ;
#961 = CARTESIAN_POINT ( 'NONE',  ( -7.195000000000000284, 0.5799999999999999600, 1.600000000000000089 ) ) ;
#962 = ORIENTED_EDGE ( 'NONE', *, *, #1738, .F. ) ;
#963 = FACE_OUTER_BOUND ( 'NONE', #1708, .T. ) ;
#964 = SHAPE_DEFINITION_REPRESENTATION ( #581, #2052 ) ;
#965 = EDGE_CURVE ( 'NONE', #185, #231, #1593, .T. ) ;
#966 = ORIENTED_EDGE ( 'NONE', *, *, #1145, .T. ) ;
#967 = FACE_OUTER_BOUND ( 'NONE', #1868, .T. ) ;
#968 = CARTESIAN_POINT ( 'NONE',  ( -7.849999999999997868, 2.539999999999999591, -0.001000000000001000089 ) ) ;
#969 = ORIENTED_EDGE ( 'NONE', *, *, #809, .F. ) ;
#970 = ORIENTED_EDGE ( 'NONE', *, *, #1992, .T. ) ;
#971 = DIRECTION ( 'NONE',  ( 1.000000000000000000, 2.465190328815661892E-32, 1.684443936231420003E-16 ) ) ;
#972 = EDGE_CURVE ( 'NONE', #317, #548, #1967, .T. ) ;
#973 = DIRECTION ( 'NONE',  ( 0.000000000000000000, 0.8541985556144386926, 0.5199469468957449436 ) ) ;
#974 = DIRECTION ( 'NONE',  ( 0.000000000000000000, 2.309350627394122236E-14, -1.000000000000000000 ) ) ;
#975 = VERTEX_POINT ( 'NONE', #1970 ) ;
#976 = CARTESIAN_POINT ( 'NONE',  ( 8.149999999999998579, 0.1244313146233389511, 0.004785819793203974042 ) ) ;
#977 = DATE_AND_TIME ( #1005, #253 ) ;
#978 = ORIENTED_EDGE ( 'NONE', *, *, #1456, .T. ) ;
#979 = LINE ( 'NONE', #1639, #955 ) ;
#980 = LINE ( 'NONE', #1785, #3 ) ;
#981 = EDGE_LOOP ( 'NONE', ( #472, #54, #82, #836 ) ) ;
#982 = ORIENTED_EDGE ( 'NONE', *, *, #957, .F. ) ;
#983 = DIRECTION ( 'NONE',  ( 1.000000000000000000, 0.000000000000000000, -1.855319225643644218E-16 ) ) ;
#984 = VECTOR ( 'NONE', #229, 1000.000000000000000 ) ;
#985 = CARTESIAN_POINT ( 'NONE',  ( 2.900000000000003020, 1.939999999999999947, 17.40000000000000213 ) ) ;
#986 = CARTESIAN_POINT ( 'NONE',  ( -5.594999999999999751, 0.5799999999999999600, 0.000000000000000000 ) ) ;
#987 = VECTOR ( 'NONE', #1257, 1000.000000000000000 ) ;
#988 = ADVANCED_FACE ( 'NONE', ( #923 ), #2113, .T. ) ;
#989 = ORIENTED_EDGE ( 'NONE', *, *, #1151, .F. ) ;
#990 = LINE ( 'NONE', #117, #318 ) ;
#991 = EDGE_CURVE ( 'NONE', #1103, #1637, #125, .T. ) ;
#992 = VECTOR ( 'NONE', #1546, 1000.000000000000000 ) ;
#993 = ORIENTED_EDGE ( 'NONE', *, *, #364, .T. ) ;
#994 = CARTESIAN_POINT ( 'NONE',  ( -2.899999999999997247, -0.9850000000000002087, 15.51956521739129791 ) ) ;
#995 = VERTEX_POINT ( 'NONE', #1955 ) ;
#996 = EDGE_CURVE ( 'NONE', #108, #1497, #84, .T. ) ;
#997 = ORIENTED_EDGE ( 'NONE', *, *, #2044, .F. ) ;
#998 = AXIS2_PLACEMENT_3D ( 'NONE', #895, #2027, #1997 ) ;
#999 = DIRECTION ( 'NONE',  ( 0.000000000000000000, 1.000000000000000000, -0.000000000000000000 ) ) ;
#1000 = CARTESIAN_POINT ( 'NONE',  ( -7.150000000000006573, 1.436034105435386372E-14, 1.586637325588543651E-16 ) ) ;
#1001 = VECTOR ( 'NONE', #1204, 1000.000000000000000 ) ;
#1002 = FACE_OUTER_BOUND ( 'NONE', #921, .T. ) ;
#1003 = ORIENTED_EDGE ( 'NONE', *, *, #1698, .F. ) ;
#1004 = DIRECTION ( 'NONE',  ( 0.000000000000000000, 1.000000000000000000, 0.000000000000000000 ) ) ;
#1005 = CALENDAR_DATE ( 2024, 31, 8 ) ;
#1006 = EDGE_LOOP ( 'NONE', ( #1822, #289, #174, #98, #1500, #453 ) ) ;
#1007 = DIRECTION ( 'NONE',  ( 0.000000000000000000, 2.891205793294675368E-16, -1.000000000000000000 ) ) ;
#1008 = ORIENTED_EDGE ( 'NONE', *, *, #846, .F. ) ;
#1009 = ORIENTED_EDGE ( 'NONE', *, *, #1597, .F. ) ;
#1010 = PLANE ( 'NONE',  #210 ) ;
#1011 = CARTESIAN_POINT ( 'NONE',  ( -9.350000000000001421, -0.4600000000000005751, 15.19999999999999751 ) ) ;
#1012 = ORIENTED_EDGE ( 'NONE', *, *, #991, .F. ) ;
#1013 = DIRECTION ( 'NONE',  ( 0.000000000000000000, 0.000000000000000000, -1.000000000000000000 ) ) ;
#1014 = ORIENTED_EDGE ( 'NONE', *, *, #71, .T. ) ;
#1015 = LINE ( 'NONE', #994, #1938 ) ;
#1016 = EDGE_CURVE ( 'NONE', #1609, #826, #602, .T. ) ;
#1017 = PLANE ( 'NONE',  #1867 ) ;
#1018 = DIRECTION ( 'NONE',  ( 0.000000000000000000, -1.000000000000000000, 0.000000000000000000 ) ) ;
#1019 = ORIENTED_EDGE ( 'NONE', *, *, #400, .F. ) ;
#1020 = DIRECTION ( 'NONE',  ( 1.495451272393799049E-16, 0.000000000000000000, 1.000000000000000000 ) ) ;
#1021 = VECTOR ( 'NONE', #463, 1000.000000000000000 ) ;
#1022 = EDGE_CURVE ( 'NONE', #1779, #246, #588, .T. ) ;
#1023 = VERTEX_POINT ( 'NONE', #2135 ) ;
#1024 = EDGE_CURVE ( 'NONE', #1341, #1158, #1111, .T. ) ;
#1025 = VECTOR ( 'NONE', #385, 1000.000000000000000 ) ;
#1026 = CARTESIAN_POINT ( 'NONE',  ( 8.150000000000000355, -0.4600000000000005751, 15.19999999999999751 ) ) ;
#1027 = VECTOR ( 'NONE', #1618, 1000.000000000000000 ) ;
#1028 = PLANE ( 'NONE',  #353 ) ;
#1029 = CARTESIAN_POINT ( 'NONE',  ( -2.899999999999998579, 1.939999999999999947, 7.400000000000003020 ) ) ;
#1030 = DIRECTION ( 'NONE',  ( 1.000000000000000000, 0.000000000000000000, -0.000000000000000000 ) ) ;
#1031 = VECTOR ( 'NONE', #544, 1000.000000000000000 ) ;
#1032 = EDGE_LOOP ( 'NONE', ( #572, #1654, #332, #2078, #1466, #1487, #1833 ) ) ;
#1033 = CARTESIAN_POINT ( 'NONE',  ( 5.594999999999999751, 0.5799999999999999600, 0.000000000000000000 ) ) ;
#1034 = ORIENTED_EDGE ( 'NONE', *, *, #119, .T. ) ;
#1035 = CARTESIAN_POINT ( 'NONE',  ( -2.899999999999996803, 1.939999999999999947, 17.40000000000000213 ) ) ;
#1036 = FACE_OUTER_BOUND ( 'NONE', #1473, .T. ) ;
#1037 = ORIENTED_EDGE ( 'NONE', *, *, #226, .F. ) ;
#1038 = DIRECTION ( 'NONE',  ( -2.465190328815661892E-32, 1.000000000000000000, -3.959651422358809693E-48 ) ) ;
#1039 = DESIGN_CONTEXT ( 'detailed design', #2010, 'design' ) ;
#1040 = ADVANCED_FACE ( 'NONE', ( #1258 ), #415, .F. ) ;
#1041 = DIRECTION ( 'NONE',  ( 1.000000000000000000, -0.000000000000000000, -0.000000000000000000 ) ) ;
#1042 = CARTESIAN_POINT ( 'NONE',  ( 2.900000000000003020, 1.939999999999999947, 17.40000000000000213 ) ) ;
#1043 = VERTEX_POINT ( 'NONE', #1294 ) ;
#1044 = ORIENTED_EDGE ( 'NONE', *, *, #1838, .T. ) ;
#1045 = DIRECTION ( 'NONE',  ( 1.000000000000000000, 0.000000000000000000, -1.606225440719266120E-16 ) ) ;
#1046 = LINE ( 'NONE', #339, #1616 ) ;
#1047 = CARTESIAN_POINT ( 'NONE',  ( -8.150000000000000355, 0.2711389165868339224, 9.199999999999999289 ) ) ;
#1048 = ADVANCED_FACE ( 'NONE', ( #462 ), #1761, .T. ) ;
#1049 = DIRECTION ( 'NONE',  ( -1.000000000000000000, -0.000000000000000000, -1.606225440719266120E-16 ) ) ;
#1050 = EDGE_CURVE ( 'NONE', #1757, #558, #427, .T. ) ;
#1051 = LINE ( 'NONE', #1026, #391 ) ;
#1052 = ORIENTED_EDGE ( 'NONE', *, *, #2023, .F. ) ;
#1053 = VECTOR ( 'NONE', #628, 1000.000000000000000 ) ;
#1054 = VECTOR ( 'NONE', #668, 1000.000000000000000 ) ;
#1055 = CARTESIAN_POINT ( 'NONE',  ( 9.349999999999999645, 2.189999999999998614, -1.574955080376377524E-15 ) ) ;
#1056 = EDGE_CURVE ( 'NONE', #1693, #489, #183, .T. ) ;
#1057 = ORIENTED_EDGE ( 'NONE', *, *, #62, .T. ) ;
#1058 = DIRECTION ( 'NONE',  ( -1.156482317317871725E-15, -1.000000000000000000, -0.000000000000000000 ) ) ;
#1059 = DIRECTION ( 'NONE',  ( 1.000000000000000000, -0.000000000000000000, 0.000000000000000000 ) ) ;
#1060 = AXIS2_PLACEMENT_3D ( 'NONE', #928, #596, #1398 ) ;
#1061 = PLANE ( 'NONE',  #1262 ) ;
#1062 = DIRECTION ( 'NONE',  ( 1.000000000000000000, -0.000000000000000000, -1.855319225643643724E-16 ) ) ;
#1063 = AXIS2_PLACEMENT_3D ( 'NONE', #1501, #1, #1450 ) ;
#1064 = CARTESIAN_POINT ( 'NONE',  ( -2.499999999999999112, 0.000000000000000000, 7.400000000000000355 ) ) ;
#1065 = ORIENTED_EDGE ( 'NONE', *, *, #1876, .F. ) ;
#1066 = CARTESIAN_POINT ( 'NONE',  ( -7.150000000000003908, 1.564999999999999947, 17.40000000000000213 ) ) ;
#1067 = ORIENTED_EDGE ( 'NONE', *, *, #1379, .T. ) ;
#1068 = DIRECTION ( 'NONE',  ( 8.758214818605775321E-17, 0.8541985556144388037, -0.5199469468957449436 ) ) ;
#1069 = CARTESIAN_POINT ( 'NONE',  ( -8.150000000000000355, -1.610000000000000320, 15.89999999999999680 ) ) ;
#1070 = ORIENTED_EDGE ( 'NONE', *, *, #1743, .T. ) ;
#1071 = DIRECTION ( 'NONE',  ( -1.000000000000000000, 0.000000000000000000, 1.586637325588543405E-16 ) ) ;
#1072 = CARTESIAN_POINT ( 'NONE',  ( -2.499999999999999112, 0.5799999999999999600, 5.400000000000000355 ) ) ;
#1073 = ORIENTED_EDGE ( 'NONE', *, *, #1743, .F. ) ;
#1074 = DIRECTION ( 'NONE',  ( -1.000000000000000000, -1.895872651340775305E-15, 0.000000000000000000 ) ) ;
#1075 = EDGE_CURVE ( 'NONE', #1662, #2074, #5, .T. ) ;
#1076 = EDGE_CURVE ( 'NONE', #1604, #57, #344, .T. ) ;
#1077 = DIRECTION ( 'NONE',  ( 0.7071067811865474617, 0.000000000000000000, 0.7071067811865475727 ) ) ;
#1078 = ORIENTED_EDGE ( 'NONE', *, *, #788, .F. ) ;
#1079 = LINE ( 'NONE', #718, #97 ) ;
#1080 = DIRECTION ( 'NONE',  ( 1.156482317317867978E-15, -0.000000000000000000, -1.000000000000000000 ) ) ;
#1081 = LINE ( 'NONE', #2070, #804 ) ;
#1082 = ADVANCED_FACE ( 'NONE', ( #844 ), #1017, .T. ) ;
#1083 = ORIENTED_EDGE ( 'NONE', *, *, #1333, .T. ) ;
#1084 = PERSON ( 'UNSPECIFIED', 'UNSPECIFIED', 'UNSPECIFIED', ('UNSPECIFIED'), ('UNSPECIFIED'), ('UNSPECIFIED') ) ;
#1085 = AXIS2_PLACEMENT_3D ( 'NONE', #1150, #867, #30 ) ;
#1086 = LINE ( 'NONE', #939, #1172 ) ;
#1087 = VECTOR ( 'NONE', #768, 1000.000000000000000 ) ;
#1088 = AXIS2_PLACEMENT_3D ( 'NONE', #323, #999, #354 ) ;
#1089 = VERTEX_POINT ( 'NONE', #1835 ) ;
#1090 = CARTESIAN_POINT ( 'NONE',  ( 7.850000000000001421, -2.285000000000000142, 19.40000000000000568 ) ) ;
#1091 = DIRECTION ( 'NONE',  ( 0.000000000000000000, -0.000000000000000000, -1.000000000000000000 ) ) ;
#1092 = DIRECTION ( 'NONE',  ( -1.156482317317871725E-15, 1.000000000000000000, 0.000000000000000000 ) ) ;
#1093 = ORIENTED_EDGE ( 'NONE', *, *, #1302, .F. ) ;
#1094 = DIRECTION ( 'NONE',  ( -0.000000000000000000, -1.000000000000000000, -0.000000000000000000 ) ) ;
#1095 = DIRECTION ( 'NONE',  ( 0.000000000000000000, -2.891205793294675368E-16, 1.000000000000000000 ) ) ;
#1096 = EDGE_LOOP ( 'NONE', ( #218, #1452, #902, #1229 ) ) ;
#1097 = VECTOR ( 'NONE', #2033, 1000.000000000000000 ) ;
#1098 = CARTESIAN_POINT ( 'NONE',  ( 5.594999999999999751, 0.000000000000000000, 0.000000000000000000 ) ) ;
#1099 = ORIENTED_EDGE ( 'NONE', *, *, #1992, .F. ) ;
#1100 = CARTESIAN_POINT ( 'NONE',  ( -2.024999999999999911, 0.000000000000000000, 0.000000000000000000 ) ) ;
#1101 = CARTESIAN_POINT ( 'NONE',  ( 9.350000000000003197, 2.864999999999999769, 19.40000000000000213 ) ) ;
#1102 = PLANE ( 'NONE',  #1132 ) ;
#1103 = VERTEX_POINT ( 'NONE', #1181 ) ;
#1104 = DIRECTION ( 'NONE',  ( 0.000000000000000000, -0.000000000000000000, -1.000000000000000000 ) ) ;
#1105 = EDGE_CURVE ( 'NONE', #313, #207, #1823, .T. ) ;
#1106 = PERSON_AND_ORGANIZATION ( #1084, #1874 ) ;
#1107 = VERTEX_POINT ( 'NONE', #859 ) ;
#1108 = DIRECTION ( 'NONE',  ( -0.7071067811865474617, 0.000000000000000000, 0.7071067811865475727 ) ) ;
#1109 = LINE ( 'NONE', #281, #1831 ) ;
#1110 = ORIENTED_EDGE ( 'NONE', *, *, #673, .T. ) ;
#1111 = LINE ( 'NONE', #933, #2071 ) ;
#1112 = FACE_OUTER_BOUND ( 'NONE', #1113, .T. ) ;
#1113 = EDGE_LOOP ( 'NONE', ( #595, #187, #627, #238 ) ) ;
#1114 = CARTESIAN_POINT ( 'NONE',  ( -2.899999999999996803, -1.360000000000000098, 17.40000000000000213 ) ) ;
#1115 = ADVANCED_FACE ( 'NONE', ( #1484 ), #1514, .F. ) ;
#1116 = PERSON_AND_ORGANIZATION ( #1084, #1874 ) ;
#1117 = ORIENTED_EDGE ( 'NONE', *, *, #1192, .T. ) ;
#1118 = LINE ( 'NONE', #1415, #1726 ) ;
#1119 = FACE_OUTER_BOUND ( 'NONE', #1646, .T. ) ;
#1120 = ORIENTED_EDGE ( 'NONE', *, *, #708, .T. ) ;
#1121 = VERTEX_POINT ( 'NONE', #1029 ) ;
#1122 = CARTESIAN_POINT ( 'NONE',  ( 2.900000000000003020, 1.274999999999999911, 17.40000000000000213 ) ) ;
#1123 = ADVANCED_FACE ( 'NONE', ( #1188 ), #1521, .T. ) ;
#1124 = DIRECTION ( 'NONE',  ( 1.000000000000000000, 0.000000000000000000, -0.000000000000000000 ) ) ;
#1125 = CYLINDRICAL_SURFACE ( 'NONE', #704, 0.5000000000000004441 ) ;
#1126 = AXIS2_PLACEMENT_3D ( 'NONE', #1945, #623, #1091 ) ;
#1127 = ORIENTED_EDGE ( 'NONE', *, *, #305, .T. ) ;
#1128 = DIRECTION ( 'NONE',  ( 1.000000000000000000, 7.039457583673970421E-16, 1.156482317317867978E-15 ) ) ;
#1129 = SECURITY_CLASSIFICATION_LEVEL ( 'unclassified' ) ;
#1130 = ORIENTED_EDGE ( 'NONE', *, *, #1686, .F. ) ;
#1131 = FACE_OUTER_BOUND ( 'NONE', #1260, .T. ) ;
#1132 = AXIS2_PLACEMENT_3D ( 'NONE', #986, #1946, #1633 ) ;
#1133 = VECTOR ( 'NONE', #2143, 1000.000000000000000 ) ;
#1134 = VERTEX_POINT ( 'NONE', #678 ) ;
#1135 = ORIENTED_EDGE ( 'NONE', *, *, #234, .F. ) ;
#1136 = DIRECTION ( 'NONE',  ( 0.000000000000000000, 0.000000000000000000, -1.000000000000000000 ) ) ;
#1137 = FACE_OUTER_BOUND ( 'NONE', #1799, .T. ) ;
#1138 = DIRECTION ( 'NONE',  ( 0.000000000000000000, 0.000000000000000000, 1.000000000000000000 ) ) ;
#1139 = ORIENTED_EDGE ( 'NONE', *, *, #435, .F. ) ;
#1140 = CARTESIAN_POINT ( 'NONE',  ( -7.149999999999988809, -6.828178984767741046E-15, -9.266667153581755179E-15 ) ) ;
#1141 = APPROVAL_DATE_TIME ( #2129, #1712 ) ;
#1142 = ORIENTED_EDGE ( 'NONE', *, *, #583, .F. ) ;
#1143 = DIRECTION ( 'NONE',  ( -8.758214818605780251E-17, -0.8541985556144386926, -0.5199469468957449436 ) ) ;
#1144 = DIRECTION ( 'NONE',  ( -1.000000000000000000, -0.000000000000000000, -0.000000000000000000 ) ) ;
#1145 = EDGE_CURVE ( 'NONE', #2138, #1625, #2038, .T. ) ;
#1146 = ADVANCED_FACE ( 'NONE', ( #1678 ), #1503, .F. ) ;
#1147 = EDGE_LOOP ( 'NONE', ( #267, #1561, #297, #1461 ) ) ;
#1148 = VERTEX_POINT ( 'NONE', #15 ) ;
#1149 = CARTESIAN_POINT ( 'NONE',  ( -7.849999999999997868, -2.285000000000000142, 19.40000000000000568 ) ) ;
#1150 = CARTESIAN_POINT ( 'NONE',  ( -7.849999999999997868, -2.285000000000000142, -0.001000000000001000089 ) ) ;
#1151 = EDGE_CURVE ( 'NONE', #1348, #1653, #1856, .T. ) ;
#1152 = CARTESIAN_POINT ( 'NONE',  ( 2.900000000000003020, 1.939999999999999947, 17.40000000000000213 ) ) ;
#1153 = ORIENTED_EDGE ( 'NONE', *, *, #1075, .F. ) ;
#1154 = CARTESIAN_POINT ( 'NONE',  ( -7.849999999999994316, -1.959999999999999964, 17.40000000000000213 ) ) ;
#1155 = EDGE_LOOP ( 'NONE', ( #633, #989, #1482, #781 ) ) ;
#1156 = EDGE_CURVE ( 'NONE', #1446, #1662, #658, .T. ) ;
#1157 = PLANE ( 'NONE',  #2154 ) ;
#1158 = VERTEX_POINT ( 'NONE', #1354 ) ;
#1159 = ORIENTED_EDGE ( 'NONE', *, *, #196, .F. ) ;
#1160 = PLANE ( 'NONE',  #1088 ) ;
#1161 = DIRECTION ( 'NONE',  ( 1.000000000000000000, -1.895872651340775305E-15, 0.000000000000000000 ) ) ;
#1162 = DIRECTION ( 'NONE',  ( -1.000000000000000000, 0.000000000000000000, 2.990902544787598592E-16 ) ) ;
#1163 = AXIS2_PLACEMENT_3D ( 'NONE', #1795, #2109, #1267 ) ;
#1164 = CARTESIAN_POINT ( 'NONE',  ( -9.350000000000001421, -6.469737931034480027, 10.62885517241379496 ) ) ;
#1165 = VECTOR ( 'NONE', #1173, 1000.000000000000000 ) ;
#1166 = DATE_AND_TIME ( #266, #1624 ) ;
#1167 = ORIENTED_EDGE ( 'NONE', *, *, #1278, .T. ) ;
#1168 = PLANE ( 'NONE',  #2077 ) ;
#1169 = AXIS2_PLACEMENT_3D ( 'NONE', #401, #1074, #247 ) ;
#1170 = ORIENTED_EDGE ( 'NONE', *, *, #996, .F. ) ;
#1171 = VERTEX_POINT ( 'NONE', #512 ) ;
#1172 = VECTOR ( 'NONE', #2108, 1000.000000000000000 ) ;
#1173 = DIRECTION ( 'NONE',  ( -0.000000000000000000, -1.000000000000000000, -0.000000000000000000 ) ) ;
#1174 = CARTESIAN_POINT ( 'NONE',  ( -7.150000000000003908, 1.564999999999999947, 17.40000000000000213 ) ) ;
#1175 = PLANE ( 'NONE',  #998 ) ;
#1176 = ORIENTED_EDGE ( 'NONE', *, *, #1232, .F. ) ;
#1177 = FACE_OUTER_BOUND ( 'NONE', #1032, .T. ) ;
#1178 = EDGE_CURVE ( 'NONE', #2047, #548, #172, .T. ) ;
#1179 = ORIENTED_EDGE ( 'NONE', *, *, #688, .F. ) ;
#1180 = PLANE ( 'NONE',  #1768 ) ;
#1181 = CARTESIAN_POINT ( 'NONE',  ( 7.850000000000001421, -2.285000000000000142, 17.39999999999999858 ) ) ;
#1182 = DIRECTION ( 'NONE',  ( 0.000000000000000000, 1.000000000000000000, 0.000000000000000000 ) ) ;
#1183 = ORIENTED_EDGE ( 'NONE', *, *, #520, .T. ) ;
#1184 = CARTESIAN_POINT ( 'NONE',  ( 2.500000000000000000, 0.000000000000000000, 7.400000000000000355 ) ) ;
#1185 = ORIENTED_EDGE ( 'NONE', *, *, #1347, .T. ) ;
#1186 = ADVANCED_FACE ( 'NONE', ( #154 ), #1160, .F. ) ;
#1187 = DIRECTION ( 'NONE',  ( 0.000000000000000000, 0.000000000000000000, -1.000000000000000000 ) ) ;
#1188 = FACE_OUTER_BOUND ( 'NONE', #1659, .T. ) ;
#1189 = LINE ( 'NONE', #1837, #1227 ) ;
#1190 = VERTEX_POINT ( 'NONE', #1331 ) ;
#1191 = DIRECTION ( 'NONE',  ( 0.000000000000000000, -0.8541985556144386926, -0.5199469468957449436 ) ) ;
#1192 = EDGE_CURVE ( 'NONE', #1023, #1171, #2007, .T. ) ;
#1193 = VECTOR ( 'NONE', #1550, 1000.000000000000000 ) ;
#1194 = ORIENTED_EDGE ( 'NONE', *, *, #1948, .T. ) ;
#1195 = AXIS2_PLACEMENT_3D ( 'NONE', #648, #1687, #1322 ) ;
#1196 = FACE_OUTER_BOUND ( 'NONE', #1958, .T. ) ;
#1197 = ADVANCED_FACE ( 'NONE', ( #336 ), #1010, .T. ) ;
#1198 = FACE_OUTER_BOUND ( 'NONE', #958, .T. ) ;
#1199 = VECTOR ( 'NONE', #906, 1000.000000000000000 ) ;
#1200 = LINE ( 'NONE', #851, #1297 ) ;
#1201 = VECTOR ( 'NONE', #1317, 1000.000000000000000 ) ;
#1202 = LINE ( 'NONE', #684, #1193 ) ;
#1203 = ORIENTED_EDGE ( 'NONE', *, *, #621, .F. ) ;
#1204 = DIRECTION ( 'NONE',  ( -1.000000000000000000, -0.000000000000000000, -1.606225440719266120E-16 ) ) ;
#1205 = VERTEX_POINT ( 'NONE', #896 ) ;
#1206 = CARTESIAN_POINT ( 'NONE',  ( -2.024999999999999023, 0.5799999999999999600, 5.400000000000000355 ) ) ;
#1207 = ADVANCED_FACE ( 'NONE', ( #49 ), #380, .F. ) ;
#1208 = ADVANCED_FACE ( 'NONE', ( #1198 ), #1554, .F. ) ;
#1209 = DIRECTION ( 'NONE',  ( 1.000000000000000000, -0.000000000000000000, -2.990902544787598592E-16 ) ) ;
#1210 = UNCERTAINTY_MEASURE_WITH_UNIT (LENGTH_MEASURE( 1.000000000000000082E-05 ), #1769, 'distance_accuracy_value', 'NONE');
#1211 = CARTESIAN_POINT ( 'NONE',  ( -8.150000000000000355, -2.304952957442643781E-31, 8.699999999999999289 ) ) ;
#1212 = ORIENTED_EDGE ( 'NONE', *, *, #1886, .T. ) ;
#1213 = EDGE_CURVE ( 'NONE', #1279, #2176, #868, .T. ) ;
#1214 = CARTESIAN_POINT ( 'NONE',  ( 5.594999999999999751, 0.5799999999999999600, 0.000000000000000000 ) ) ;
#1215 = ORIENTED_EDGE ( 'NONE', *, *, #2167, .F. ) ;
#1216 = LINE ( 'NONE', #239, #984 ) ;
#1217 = CARTESIAN_POINT ( 'NONE',  ( -7.150000000000007461, -0.9850000000000002087, 17.40000000000000213 ) ) ;
#1218 = LINE ( 'NONE', #1683, #1505 ) ;
#1219 = VECTOR ( 'NONE', #887, 1000.000000000000000 ) ;
#1220 = LINE ( 'NONE', #1724, #1586 ) ;
#1221 = ORIENTED_EDGE ( 'NONE', *, *, #1564, .T. ) ;
#1222 = VECTOR ( 'NONE', #940, 1000.000000000000000 ) ;
#1223 = VECTOR ( 'NONE', #543, 1000.000000000000000 ) ;
#1224 = CARTESIAN_POINT ( 'NONE',  ( 8.150000000000002132, 2.189999999999998614, 15.89999999999999680 ) ) ;
#1225 = EDGE_LOOP ( 'NONE', ( #335, #962, #1009, #439, #309, #1907, #1273, #537, #346, #1135, #2147, #883 ) ) ;
#1226 = DIRECTION ( 'NONE',  ( 1.606225440719266120E-16, 4.945608200916562073E-64, 1.000000000000000000 ) ) ;
#1227 = VECTOR ( 'NONE', #166, 1000.000000000000000 ) ;
#1228 = CARTESIAN_POINT ( 'NONE',  ( 8.150000000000002132, -0.6949999999999996181, 7.400000000000001243 ) ) ;
#1229 = ORIENTED_EDGE ( 'NONE', *, *, #105, .T. ) ;
#1230 = DIRECTION ( 'NONE',  ( 0.000000000000000000, -0.000000000000000000, -1.000000000000000000 ) ) ;
#1231 = AXIS2_PLACEMENT_3D ( 'NONE', #723, #1916, #901 ) ;
#1232 = EDGE_CURVE ( 'NONE', #258, #86, #1890, .T. ) ;
#1233 = EDGE_CURVE ( 'NONE', #116, #942, #2036, .T. ) ;
#1234 = EDGE_CURVE ( 'NONE', #1727, #1637, #1747, .T. ) ;
#1235 = PERSON_AND_ORGANIZATION_ROLE ( 'creator' ) ;
#1236 = ORIENTED_EDGE ( 'NONE', *, *, #957, .T. ) ;
#1237 = EDGE_CURVE ( 'NONE', #235, #432, #217, .T. ) ;
#1238 = LINE ( 'NONE', #1407, #464 ) ;
#1239 = LINE ( 'NONE', #1055, #634 ) ;
#1240 = LINE ( 'NONE', #404, #1219 ) ;
#1241 = EDGE_CURVE ( 'NONE', #1950, #1148, #1239, .T. ) ;
#1242 = FACE_OUTER_BOUND ( 'NONE', #694, .T. ) ;
#1243 = DIRECTION ( 'NONE',  ( 1.000000000000000000, -0.000000000000000000, -1.855319225643643724E-16 ) ) ;
#1244 = PERSON_AND_ORGANIZATION_ROLE ( 'design_owner' ) ;
#1245 = EDGE_LOOP ( 'NONE', ( #724, #1910, #204, #1538 ) ) ;
#1246 = PLANE ( 'NONE',  #1169 ) ;
#1247 = ORIENTED_EDGE ( 'NONE', *, *, #1022, .T. ) ;
#1248 = CARTESIAN_POINT ( 'NONE',  ( -2.899999999999998579, -1.360000000000000098, 7.400000000000003020 ) ) ;
#1249 = CARTESIAN_POINT ( 'NONE',  ( -2.899999999999996358, -0.9850000000000002087, 17.40000000000000213 ) ) ;
#1250 = FACE_OUTER_BOUND ( 'NONE', #563, .T. ) ;
#1251 = EDGE_LOOP ( 'NONE', ( #2088, #1327, #1396, #1953 ) ) ;
#1252 = DIRECTION ( 'NONE',  ( 1.000000000000000000, -0.000000000000000000, -1.606225440719266120E-16 ) ) ;
#1253 = VECTOR ( 'NONE', #2093, 1000.000000000000000 ) ;
#1254 = AXIS2_PLACEMENT_3D ( 'NONE', #1750, #1059, #63 ) ;
#1255 = EDGE_CURVE ( 'NONE', #250, #207, #402, .T. ) ;
#1256 = VERTEX_POINT ( 'NONE', #2053 ) ;
#1257 = DIRECTION ( 'NONE',  ( -1.619451680404204449E-15, -0.8541985556144376934, -0.5199469468957466090 ) ) ;
#1258 = FACE_OUTER_BOUND ( 'NONE', #1330, .T. ) ;
#1259 = LINE ( 'NONE', #1936, #188 ) ;
#1260 = EDGE_LOOP ( 'NONE', ( #424, #1701, #805, #1827 ) ) ;
#1261 = PLANE ( 'NONE',  #490 ) ;
#1262 = AXIS2_PLACEMENT_3D ( 'NONE', #1764, #254, #924 ) ;
#1263 = VECTOR ( 'NONE', #1973, 1000.000000000000000 ) ;
#1264 = ORIENTED_EDGE ( 'NONE', *, *, #1302, .T. ) ;
#1265 = VECTOR ( 'NONE', #1352, 1000.000000000000000 ) ;
#1266 = DIRECTION ( 'NONE',  ( 1.683199426319203239E-16, -0.03843312210120430894, -0.9992611746313142529 ) ) ;
#1267 = DIRECTION ( 'NONE',  ( 1.000000000000000000, 0.000000000000000000, -1.606225440719266120E-16 ) ) ;
#1268 = VERTEX_POINT ( 'NONE', #2063 ) ;
#1269 = ADVANCED_FACE ( 'NONE', ( #73 ), #551, .F. ) ;
#1270 = ADVANCED_FACE ( 'NONE', ( #1036 ), #1373, .F. ) ;
#1271 = DIRECTION ( 'NONE',  ( -1.495451272393799049E-16, -0.000000000000000000, -1.000000000000000000 ) ) ;
#1272 = DIRECTION ( 'NONE',  ( -1.895872651340776094E-15, 1.000000000000000000, 0.000000000000000000 ) ) ;
#1273 = ORIENTED_EDGE ( 'NONE', *, *, #1414, .F. ) ;
#1274 = DIRECTION ( 'NONE',  ( 1.156482317317867781E-15, -1.445602896647334726E-16, 1.000000000000000000 ) ) ;
#1275 = EDGE_CURVE ( 'NONE', #207, #1653, #395, .T. ) ;
#1276 = ORIENTED_EDGE ( 'NONE', *, *, #180, .F. ) ;
#1277 = CARTESIAN_POINT ( 'NONE',  ( 8.200000000000001066, -2.285000000000000142, 7.400000000000000355 ) ) ;
#1278 = EDGE_CURVE ( 'NONE', #1107, #1023, #1594, .T. ) ;
#1279 = VERTEX_POINT ( 'NONE', #912 ) ;
#1280 = ORIENTED_EDGE ( 'NONE', *, *, #683, .F. ) ;
#1281 = CARTESIAN_POINT ( 'NONE',  ( 7.195000000000000284, 0.5799999999999999600, 1.600000000000000089 ) ) ;
#1282 = FACE_OUTER_BOUND ( 'NONE', #2042, .T. ) ;
#1283 = DIRECTION ( 'NONE',  ( 0.000000000000000000, 1.000000000000000000, 0.000000000000000000 ) ) ;
#1284 = ORIENTED_EDGE ( 'NONE', *, *, #885, .F. ) ;
#1285 = DIRECTION ( 'NONE',  ( -1.000000000000000000, 0.000000000000000000, 1.606225440719266120E-16 ) ) ;
#1286 = DATE_AND_TIME ( #808, #1513 ) ;
#1287 = VERTEX_POINT ( 'NONE', #1410 ) ;
#1288 = DIRECTION ( 'NONE',  ( -1.000000000000000000, 0.000000000000000000, 1.586637325588543405E-16 ) ) ;
#1289 = VECTOR ( 'NONE', #1996, 1000.000000000000000 ) ;
#1290 = CARTESIAN_POINT ( 'NONE',  ( 2.900000000000003020, -0.6949999999999996181, 17.40000000000000213 ) ) ;
#1291 = ORIENTED_EDGE ( 'NONE', *, *, #1876, .T. ) ;
#1292 = ORIENTED_EDGE ( 'NONE', *, *, #196, .T. ) ;
#1293 = VECTOR ( 'NONE', #1058, 1000.000000000000000 ) ;
#1294 = CARTESIAN_POINT ( 'NONE',  ( 7.850000000000001421, 2.539999999999999591, 19.40000000000000568 ) ) ;
#1295 = DIRECTION ( 'NONE',  ( -0.000000000000000000, 1.000000000000000000, 0.000000000000000000 ) ) ;
#1296 = CARTESIAN_POINT ( 'NONE',  ( -7.150000000000003908, 1.564999999999999947, 15.51956521739130146 ) ) ;
#1297 = VECTOR ( 'NONE', #1038, 1000.000000000000000 ) ;
#1298 = ORIENTED_EDGE ( 'NONE', *, *, #1213, .T. ) ;
#1299 = CARTESIAN_POINT ( 'NONE',  ( 7.850000000000001421, 2.864999999999999769, 19.40000000000000568 ) ) ;
#1300 = ORIENTED_EDGE ( 'NONE', *, *, #809, .T. ) ;
#1301 = EDGE_CURVE ( 'NONE', #1321, #1406, #220, .T. ) ;
#1302 = EDGE_CURVE ( 'NONE', #1103, #1786, #1403, .T. ) ;
#1303 = CARTESIAN_POINT ( 'NONE',  ( 8.150000000000002132, -0.6949999999999996181, 7.400000000000001243 ) ) ;
#1304 = VECTOR ( 'NONE', #1182, 1000.000000000000000 ) ;
#1305 = VECTOR ( 'NONE', #480, 1000.000000000000000 ) ;
#1306 = ORIENTED_EDGE ( 'NONE', *, *, #1981, .F. ) ;
#1307 = ORIENTED_EDGE ( 'NONE', *, *, #685, .F. ) ;
#1308 = DIRECTION ( 'NONE',  ( 1.000000000000000000, 0.000000000000000000, 0.000000000000000000 ) ) ;
#1309 = PLANE ( 'NONE',  #315 ) ;
#1310 = DIRECTION ( 'NONE',  ( -8.758214818605775321E-17, 0.8541985556144388037, -0.5199469468957449436 ) ) ;
#1311 = EDGE_LOOP ( 'NONE', ( #1375, #29, #1848, #601 ) ) ;
#1312 = LINE ( 'NONE', #1154, #381 ) ;
#1313 = EDGE_CURVE ( 'NONE', #1190, #755, #1914, .T. ) ;
#1314 = ADVANCED_FACE ( 'NONE', ( #1583 ), #77, .T. ) ;
#1315 = APPROVAL_STATUS ( 'not_yet_approved' ) ;
#1316 = ORIENTED_EDGE ( 'NONE', *, *, #1502, .T. ) ;
#1317 = DIRECTION ( 'NONE',  ( 0.000000000000000000, 1.000000000000000000, 0.000000000000000000 ) ) ;
#1318 = DIRECTION ( 'NONE',  ( 0.000000000000000000, -1.000000000000000000, 0.000000000000000000 ) ) ;
#1319 = CC_DESIGN_PERSON_AND_ORGANIZATION_ASSIGNMENT ( #1460, #316, ( #76 ) ) ;
#1320 = ORIENTED_EDGE ( 'NONE', *, *, #1347, .F. ) ;
#1321 = VERTEX_POINT ( 'NONE', #1217 ) ;
#1322 = DIRECTION ( 'NONE',  ( 0.000000000000000000, 0.000000000000000000, -1.000000000000000000 ) ) ;
#1323 = CARTESIAN_POINT ( 'NONE',  ( -9.349999999999997868, -2.285000000000000142, 19.40000000000000568 ) ) ;
#1324 = DIRECTION ( 'NONE',  ( -0.000000000000000000, 1.000000000000000000, -0.000000000000000000 ) ) ;
#1325 = ORIENTED_EDGE ( 'NONE', *, *, #1629, .T. ) ;
#1326 = DIRECTION ( 'NONE',  ( 1.000000000000000000, -0.000000000000000000, -1.606225440719266120E-16 ) ) ;
#1327 = ORIENTED_EDGE ( 'NONE', *, *, #1627, .T. ) ;
#1328 = LINE ( 'NONE', #133, #1696 ) ;
#1329 = ORIENTED_EDGE ( 'NONE', *, *, #1502, .F. ) ;
#1330 = EDGE_LOOP ( 'NONE', ( #1932, #2162, #606, #767 ) ) ;
#1331 = CARTESIAN_POINT ( 'NONE',  ( 7.850000000000001421, 2.864999999999999769, 17.39999999999999503 ) ) ;
#1332 = VECTOR ( 'NONE', #1384, 1000.000000000000000 ) ;
#1333 = EDGE_CURVE ( 'NONE', #786, #873, #577, .T. ) ;
#1334 = CARTESIAN_POINT ( 'NONE',  ( -8.150000000000000355, -6.469737931034480027, 10.62885517241379496 ) ) ;
#1335 = DIRECTION ( 'NONE',  ( 0.000000000000000000, 0.000000000000000000, 1.000000000000000000 ) ) ;
#1336 = AXIS2_PLACEMENT_3D ( 'NONE', #2127, #1660, #142 ) ;
#1337 = ORIENTED_EDGE ( 'NONE', *, *, #1313, .T. ) ;
#1338 = FACE_OUTER_BOUND ( 'NONE', #747, .T. ) ;
#1339 = VECTOR ( 'NONE', #534, 1000.000000000000000 ) ;
#1340 = COORDINATED_UNIVERSAL_TIME_OFFSET ( 3, 30, .AHEAD. ) ;
#1341 = VERTEX_POINT ( 'NONE', #880 ) ;
#1342 = PLANE ( 'NONE',  #1063 ) ;
#1343 = VECTOR ( 'NONE', #1620, 1000.000000000000000 ) ;
#1344 =( GEOMETRIC_REPRESENTATION_CONTEXT ( 3 ) GLOBAL_UNCERTAINTY_ASSIGNED_CONTEXT ( ( #1210 ) ) GLOBAL_UNIT_ASSIGNED_CONTEXT ( ( #1769, #441, #2094 ) ) REPRESENTATION_CONTEXT ( 'NONE', 'WORKASPACE' ) );
#1345 = CARTESIAN_POINT ( 'NONE',  ( 9.350000000000003197, -2.285000000000000142, 19.40000000000000213 ) ) ;
#1346 = PLANE ( 'NONE',  #1935 ) ;
#1347 = EDGE_CURVE ( 'NONE', #834, #1882, #732, .T. ) ;
#1348 = VERTEX_POINT ( 'NONE', #2057 ) ;
#1349 = DIRECTION ( 'NONE',  ( -0.000000000000000000, -0.000000000000000000, 1.000000000000000000 ) ) ;
#1350 = ADVANCED_FACE ( 'NONE', ( #1906 ), #570, .F. ) ;
#1351 = DIRECTION ( 'NONE',  ( 0.000000000000000000, 0.000000000000000000, 1.000000000000000000 ) ) ;
#1352 = DIRECTION ( 'NONE',  ( -1.000000000000000000, 0.000000000000000000, 1.606225440719266120E-16 ) ) ;
#1353 = EDGE_CURVE ( 'NONE', #608, #514, #2101, .T. ) ;
#1354 = CARTESIAN_POINT ( 'NONE',  ( 7.195000000000000284, 0.000000000000000000, 1.600000000000000089 ) ) ;
#1355 = CARTESIAN_POINT ( 'NONE',  ( -2.899999999999998579, -1.360000000000000098, 7.400000000000003020 ) ) ;
#1356 = ORIENTED_EDGE ( 'NONE', *, *, #2171, .T. ) ;
#1357 = CARTESIAN_POINT ( 'NONE',  ( 7.150000000000006573, -0.6950000000000007283, 17.40000000000000213 ) ) ;
#1358 = LINE ( 'NONE', #546, #1025 ) ;
#1359 = ORIENTED_EDGE ( 'NONE', *, *, #1675, .T. ) ;
#1360 = DIRECTION ( 'NONE',  ( 1.000000000000000000, 0.000000000000000000, 0.000000000000000000 ) ) ;
#1361 = CARTESIAN_POINT ( 'NONE',  ( 2.900000000000003020, 1.274999999999999911, 17.40000000000000213 ) ) ;
#1362 = DIRECTION ( 'NONE',  ( -2.465190328815661892E-32, -1.000000000000000000, 3.959651422358809693E-48 ) ) ;
#1363 = CARTESIAN_POINT ( 'NONE',  ( -8.150000000000000355, 0.2711389165868373641, 8.699999999999999289 ) ) ;
#1364 = AXIS2_PLACEMENT_3D ( 'NONE', #1334, #2008, #973 ) ;
#1365 = AXIS2_PLACEMENT_3D ( 'NONE', #25, #1869, #1191 ) ;
#1366 = ORIENTED_EDGE ( 'NONE', *, *, #1682, .F. ) ;
#1367 = AXIS2_PLACEMENT_3D ( 'NONE', #1581, #1226, #1905 ) ;
#1368 = CARTESIAN_POINT ( 'NONE',  ( -7.849999999999994316, 2.539999999999999591, 17.40000000000000213 ) ) ;
#1369 = ORIENTED_EDGE ( 'NONE', *, *, #2171, .F. ) ;
#1370 = CC_DESIGN_PERSON_AND_ORGANIZATION_ASSIGNMENT ( #1106, #1235, ( #743 ) ) ;
#1371 = ADVANCED_FACE ( 'NONE', ( #1242 ), #1061, .F. ) ;
#1372 = EDGE_CURVE ( 'NONE', #558, #2049, #85, .T. ) ;
#1373 = PLANE ( 'NONE',  #2112 ) ;
#1374 = VECTOR ( 'NONE', #64, 1000.000000000000000 ) ;
#1375 = ORIENTED_EDGE ( 'NONE', *, *, #965, .T. ) ;
#1376 = LINE ( 'NONE', #195, #1898 ) ;
#1377 = VECTOR ( 'NONE', #79, 1000.000000000000000 ) ;
#1378 = ORIENTED_EDGE ( 'NONE', *, *, #27, .T. ) ;
#1379 = EDGE_CURVE ( 'NONE', #124, #59, #720, .T. ) ;
#1380 = DIRECTION ( 'NONE',  ( 0.000000000000000000, 0.000000000000000000, -1.000000000000000000 ) ) ;
#1381 = ORIENTED_EDGE ( 'NONE', *, *, #348, .T. ) ;
#1382 = CARTESIAN_POINT ( 'NONE',  ( -8.149999999999998579, 0.1244313146233389511, 0.004785819793203974042 ) ) ;
#1383 = ORIENTED_EDGE ( 'NONE', *, *, #377, .T. ) ;
#1384 = DIRECTION ( 'NONE',  ( 0.000000000000000000, 1.000000000000000000, 0.000000000000000000 ) ) ;
#1385 = CARTESIAN_POINT ( 'NONE',  ( -2.024999999999999023, 0.000000000000000000, 5.400000000000000355 ) ) ;
#1386 = DIRECTION ( 'NONE',  ( -1.683199426319203239E-16, -0.03843312210120430894, -0.9992611746313142529 ) ) ;
#1387 = ORIENTED_EDGE ( 'NONE', *, *, #613, .T. ) ;
#1388 = FACE_OUTER_BOUND ( 'NONE', #1438, .T. ) ;
#1389 = ORIENTED_EDGE ( 'NONE', *, *, #2000, .F. ) ;
#1390 = DIRECTION ( 'NONE',  ( 0.000000000000000000, -1.000000000000000000, 4.945608200916562073E-64 ) ) ;
#1391 = CARTESIAN_POINT ( 'NONE',  ( -9.350000000000001421, 6.626537931034480522, 10.88645517241379679 ) ) ;
#1392 = EDGE_CURVE ( 'NONE', #489, #2168, #1259, .T. ) ;
#1393 = LINE ( 'NONE', #44, #1512 ) ;
#1394 = ORIENTED_EDGE ( 'NONE', *, *, #775, .T. ) ;
#1395 = LINE ( 'NONE', #1780, #240 ) ;
#1396 = ORIENTED_EDGE ( 'NONE', *, *, #1372, .T. ) ;
#1397 = VECTOR ( 'NONE', #1326, 1000.000000000000000 ) ;
#1398 = DIRECTION ( 'NONE',  ( -1.000000000000000000, 0.000000000000000000, -0.000000000000000000 ) ) ;
#1399 = EDGE_CURVE ( 'NONE', #1107, #231, #1393, .T. ) ;
#1400 = DIRECTION ( 'NONE',  ( -1.684443936231420003E-16, 0.000000000000000000, -1.000000000000000000 ) ) ;
#1401 = DIRECTION ( 'NONE',  ( 1.683199426319203239E-16, 0.03843312210120447547, -0.9992611746313142529 ) ) ;
#1402 = VECTOR ( 'NONE', #1272, 1000.000000000000000 ) ;
#1403 = LINE ( 'NONE', #242, #1479 ) ;
#1404 = DIRECTION ( 'NONE',  ( -0.000000000000000000, -1.000000000000000000, -0.000000000000000000 ) ) ;
#1405 = APPROVAL_STATUS ( 'not_yet_approved' ) ;
#1406 = VERTEX_POINT ( 'NONE', #1568 ) ;
#1407 = CARTESIAN_POINT ( 'NONE',  ( -2.499999999999999112, 0.000000000000000000, 7.400000000000000355 ) ) ;
#1408 = ORIENTED_EDGE ( 'NONE', *, *, #613, .F. ) ;
#1409 = CARTESIAN_POINT ( 'NONE',  ( 2.900000000000001243, 1.939999999999999947, 7.400000000000001243 ) ) ;
#1410 = CARTESIAN_POINT ( 'NONE',  ( -9.350000000000001421, 0.3088610834131623739, 8.699999999999999289 ) ) ;
#1411 = DIRECTION ( 'NONE',  ( 1.586637325588543405E-16, 0.000000000000000000, 1.000000000000000000 ) ) ;
#1412 = CARTESIAN_POINT ( 'NONE',  ( 0.000000000000000000, 0.000000000000000000, 0.000000000000000000 ) ) ;
#1413 = ORIENTED_EDGE ( 'NONE', *, *, #272, .F. ) ;
#1414 = EDGE_CURVE ( 'NONE', #1205, #1889, #556, .T. ) ;
#1415 = CARTESIAN_POINT ( 'NONE',  ( 7.850000000000001421, -2.285000000000000142, 17.39999999999999858 ) ) ;
#1416 = ORIENTED_EDGE ( 'NONE', *, *, #775, .F. ) ;
#1417 = LINE ( 'NONE', #60, #987 ) ;
#1418 = DIRECTION ( 'NONE',  ( 1.000000000000000000, -0.000000000000000000, -1.606225440719266120E-16 ) ) ;
#1419 = CARTESIAN_POINT ( 'NONE',  ( -8.150000000000000355, 1.039999999999998481, 15.19999999999999396 ) ) ;
#1420 = ORIENTED_EDGE ( 'NONE', *, *, #1022, .F. ) ;
#1421 = DIRECTION ( 'NONE',  ( 0.000000000000000000, 0.000000000000000000, -1.000000000000000000 ) ) ;
#1422 = ORIENTED_EDGE ( 'NONE', *, *, #748, .F. ) ;
#1423 = CARTESIAN_POINT ( 'NONE',  ( 8.150000000000000355, 0.2711389165868373641, 8.699999999999999289 ) ) ;
#1424 = VECTOR ( 'NONE', #440, 1000.000000000000000 ) ;
#1425 = EDGE_CURVE ( 'NONE', #975, #786, #212, .T. ) ;
#1426 = EDGE_CURVE ( 'NONE', #2155, #2047, #1873, .T. ) ;
#1427 = AXIS2_PLACEMENT_3D ( 'NONE', #1382, #566, #715 ) ;
#1428 = ORIENTED_EDGE ( 'NONE', *, *, #1234, .T. ) ;
#1429 = ADVANCED_FACE ( 'NONE', ( #1472 ), #1125, .T. ) ;
#1430 = VERTEX_POINT ( 'NONE', #819 ) ;
#1431 = DIRECTION ( 'NONE',  ( -1.000000000000000000, -2.465190328815661892E-32, -1.684443936231420003E-16 ) ) ;
#1432 = FACE_OUTER_BOUND ( 'NONE', #1628, .T. ) ;
#1433 = ORIENTED_EDGE ( 'NONE', *, *, #341, .F. ) ;
#1434 = CARTESIAN_POINT ( 'NONE',  ( -7.849999999999997868, 2.864999999999999769, 19.40000000000000568 ) ) ;
#1435 = VECTOR ( 'NONE', #903, 1000.000000000000000 ) ;
#1436 = EDGE_CURVE ( 'NONE', #283, #86, #1486, .T. ) ;
#1437 = VECTOR ( 'NONE', #1626, 1000.000000000000000 ) ;
#1438 = EDGE_LOOP ( 'NONE', ( #739, #661, #473, #1300 ) ) ;
#1439 = FACE_OUTER_BOUND ( 'NONE', #1225, .T. ) ;
#1440 = CARTESIAN_POINT ( 'NONE',  ( -2.024999999999999023, 0.000000000000000000, 5.400000000000000355 ) ) ;
#1441 = EDGE_LOOP ( 'NONE', ( #813, #532, #1917, #614 ) ) ;
#1442 = ORIENTED_EDGE ( 'NONE', *, *, #484, .F. ) ;
#1443 = PLANE ( 'NONE',  #729 ) ;
#1444 = DIRECTION ( 'NONE',  ( 0.000000000000000000, -0.000000000000000000, 1.000000000000000000 ) ) ;
#1445 = CARTESIAN_POINT ( 'NONE',  ( 7.195000000000000284, 0.5799999999999999600, 1.600000000000000089 ) ) ;
#1446 = VERTEX_POINT ( 'NONE', #1788 ) ;
#1447 = DIRECTION ( 'NONE',  ( 0.000000000000000000, -1.000000000000000000, 0.000000000000000000 ) ) ;
#1448 = APPROVAL_DATE_TIME ( #1286, #1642 ) ;
#1449 = ORIENTED_EDGE ( 'NONE', *, *, #1736, .T. ) ;
#1450 = DIRECTION ( 'NONE',  ( 0.000000000000000000, 0.03843312210120447547, -0.9992611746313142529 ) ) ;
#1451 = ORIENTED_EDGE ( 'NONE', *, *, #2167, .T. ) ;
#1452 = ORIENTED_EDGE ( 'NONE', *, *, #1525, .F. ) ;
#1453 = CARTESIAN_POINT ( 'NONE',  ( -2.899999999999996803, -1.360000000000000098, 17.40000000000000213 ) ) ;
#1454 = CARTESIAN_POINT ( 'NONE',  ( -2.024999999999999911, 0.5799999999999999600, 0.000000000000000000 ) ) ;
#1455 = DIRECTION ( 'NONE',  ( -1.586637325588543405E-16, -0.000000000000000000, -1.000000000000000000 ) ) ;
#1456 = EDGE_CURVE ( 'NONE', #2024, #2138, #288, .T. ) ;
#1457 = ORIENTED_EDGE ( 'NONE', *, *, #241, .F. ) ;
#1458 = LINE ( 'NONE', #2139, #1053 ) ;
#1459 = EDGE_CURVE ( 'NONE', #57, #1205, #1608, .T. ) ;
#1460 = PERSON_AND_ORGANIZATION ( #1084, #1874 ) ;
#1461 = ORIENTED_EDGE ( 'NONE', *, *, #1792, .T. ) ;
#1462 = CARTESIAN_POINT ( 'NONE',  ( 8.149999999999998579, -1.609999999999995657, -1.847692160210507394E-15 ) ) ;
#1463 = CLOSED_SHELL ( 'NONE', ( #1040, #1477, #170, #1186, #368, #521, #1824, #1598, #526, #152, #1270, #1115, #140, #1510, #858, #852, #38, #6, #1197, #1082, #1963, #1723, #871, #567, #1207, #1574, #1467, #716, #909, #1123, #1371, #719, #151, #1863, #457, #1920, #1048, #1871, #2082, #1314, #1208, #1146, #2160, #2156, #106, #988, #1429, #1902, #2157, #373, #506, #1896, #655, #1350, #1585, #1269, #1705, #126, #109, #620, #143, #411, #2054, #920, #2061, #294 ) ) ;
#1464 = PLANE ( 'NONE',  #2104 ) ;
#1465 = AXIS2_PLACEMENT_3D ( 'NONE', #376, #205, #2031 ) ;
#1466 = ORIENTED_EDGE ( 'NONE', *, *, #295, .T. ) ;
#1467 = ADVANCED_FACE ( 'NONE', ( #1815 ), #650, .T. ) ;
#1468 = ORIENTED_EDGE ( 'NONE', *, *, #1862, .F. ) ;
#1469 = VECTOR ( 'NONE', #1849, 1000.000000000000000 ) ;
#1470 = CARTESIAN_POINT ( 'NONE',  ( 8.150000000000002132, -2.285000000000000142, 17.39999999999999858 ) ) ;
#1471 = DIRECTION ( 'NONE',  ( 1.156482317317867978E-15, 0.000000000000000000, 1.000000000000000000 ) ) ;
#1472 = FACE_OUTER_BOUND ( 'NONE', #369, .T. ) ;
#1473 = EDGE_LOOP ( 'NONE', ( #568, #841, #1741, #1356 ) ) ;
#1474 = LINE ( 'NONE', #615, #1573 ) ;
#1475 = COORDINATED_UNIVERSAL_TIME_OFFSET ( 3, 30, .AHEAD. ) ;
#1476 = VERTEX_POINT ( 'NONE', #1296 ) ;
#1477 = ADVANCED_FACE ( 'NONE', ( #1112 ), #1826, .T. ) ;
#1478 = DIRECTION ( 'NONE',  ( 1.000000000000000000, 0.000000000000000000, -1.606225440719265874E-16 ) ) ;
#1479 = VECTOR ( 'NONE', #2080, 1000.000000000000000 ) ;
#1480 = DIRECTION ( 'NONE',  ( 1.000000000000000000, 0.000000000000000000, 0.000000000000000000 ) ) ;
#1481 = AXIS2_PLACEMENT_3D ( 'NONE', #811, #1478, #2158 ) ;
#1482 = ORIENTED_EDGE ( 'NONE', *, *, #295, .F. ) ;
#1483 = ORIENTED_EDGE ( 'NONE', *, *, #390, .T. ) ;
#1484 = FACE_OUTER_BOUND ( 'NONE', #1441, .T. ) ;
#1485 = LINE ( 'NONE', #960, #1289 ) ;
#1486 = LINE ( 'NONE', #934, #1543 ) ;
#1487 = ORIENTED_EDGE ( 'NONE', *, *, #1762, .T. ) ;
#1488 = DIRECTION ( 'NONE',  ( -1.156482317317867978E-15, 0.000000000000000000, 1.000000000000000000 ) ) ;
#1489 = ORIENTED_EDGE ( 'NONE', *, *, #17, .F. ) ;
#1490 = PLANE ( 'NONE',  #1665 ) ;
#1491 = EDGE_CURVE ( 'NONE', #432, #2074, #1802, .T. ) ;
#1492 = VERTEX_POINT ( 'NONE', #961 ) ;
#1493 = ORIENTED_EDGE ( 'NONE', *, *, #1151, .T. ) ;
#1494 = DIRECTION ( 'NONE',  ( -1.606225440719265874E-16, -0.000000000000000000, -1.000000000000000000 ) ) ;
#1495 = DIRECTION ( 'NONE',  ( -1.606225440719265874E-16, -0.000000000000000000, -1.000000000000000000 ) ) ;
#1496 = DIRECTION ( 'NONE',  ( -1.684443936231420003E-16, 0.000000000000000000, 1.000000000000000000 ) ) ;
#1497 = VERTEX_POINT ( 'NONE', #428 ) ;
#1498 = CARTESIAN_POINT ( 'NONE',  ( 2.024999999999999911, 0.000000000000000000, 0.000000000000000000 ) ) ;
#1499 = APPROVAL_ROLE ( '' ) ;
#1500 = ORIENTED_EDGE ( 'NONE', *, *, #1392, .F. ) ;
#1501 = CARTESIAN_POINT ( 'NONE',  ( 8.149999999999998579, 0.1244313146233389511, 0.004785819793203974042 ) ) ;
#1502 = EDGE_CURVE ( 'NONE', #1667, #1693, #263, .T. ) ;
#1503 = PLANE ( 'NONE',  #243 ) ;
#1504 = CARTESIAN_POINT ( 'NONE',  ( 7.150000000000003020, 2.189999999999997282, 17.40000000000000213 ) ) ;
#1505 = VECTOR ( 'NONE', #1404, 1000.000000000000000 ) ;
#1506 = ORIENTED_EDGE ( 'NONE', *, *, #1234, .F. ) ;
#1507 = CARTESIAN_POINT ( 'NONE',  ( -9.350000000000003197, -1.610000000000000764, 17.39999999999999858 ) ) ;
#1508 = AXIS2_PLACEMENT_3D ( 'NONE', #944, #1643, #271 ) ;
#1509 = ORIENTED_EDGE ( 'NONE', *, *, #1805, .F. ) ;
#1510 = ADVANCED_FACE ( 'NONE', ( #1432 ), #1102, .F. ) ;
#1511 = CARTESIAN_POINT ( 'NONE',  ( -7.849999999999997868, -2.285000000000000142, 19.40000000000000568 ) ) ;
#1512 = VECTOR ( 'NONE', #2067, 1000.000000000000000 ) ;
#1513 = LOCAL_TIME ( 11, 55, 22.00000000000000000, #783 ) ;
#1514 = PLANE ( 'NONE',  #103 ) ;
#1515 = LINE ( 'NONE', #16, #359 ) ;
#1516 = EDGE_LOOP ( 'NONE', ( #1019, #1337, #798, #1383 ) ) ;
#1517 = CARTESIAN_POINT ( 'NONE',  ( -7.849999999999997868, 2.864999999999999769, 17.39999999999999858 ) ) ;
#1518 = PLANE ( 'NONE',  #1612 ) ;
#1519 = DIRECTION ( 'NONE',  ( 1.000000000000000000, -0.000000000000000000, -1.606225440719266120E-16 ) ) ;
#1520 = DIRECTION ( 'NONE',  ( 1.000000000000000000, 0.000000000000000000, -1.495451272393799049E-16 ) ) ;
#1521 = CYLINDRICAL_SURFACE ( 'NONE', #2107, 0.5000000000000004441 ) ;
#1522 = CARTESIAN_POINT ( 'NONE',  ( 8.150000000000003908, 1.274999999999999911, 17.40000000000000213 ) ) ;
#1523 = ORIENTED_EDGE ( 'NONE', *, *, #1379, .F. ) ;
#1524 = CARTESIAN_POINT ( 'NONE',  ( -2.899999999999994582, 1.564999999999999947, 15.51956521739130501 ) ) ;
#1525 = EDGE_CURVE ( 'NONE', #1566, #1158, #1777, .T. ) ;
#1526 = EDGE_CURVE ( 'NONE', #622, #1950, #946, .T. ) ;
#1527 = CARTESIAN_POINT ( 'NONE',  ( -8.150000000000002132, -1.610000000000000764, 17.39999999999999858 ) ) ;
#1528 = ORIENTED_EDGE ( 'NONE', *, *, #1237, .T. ) ;
#1529 = LINE ( 'NONE', #1368, #1265 ) ;
#1530 = EDGE_CURVE ( 'NONE', #736, #580, #612, .T. ) ;
#1531 = ORIENTED_EDGE ( 'NONE', *, *, #10, .T. ) ;
#1532 = DIRECTION ( 'NONE',  ( -1.000000000000000000, 0.000000000000000000, 0.000000000000000000 ) ) ;
#1533 = EDGE_CURVE ( 'NONE', #1999, #221, #2150, .T. ) ;
#1534 = CARTESIAN_POINT ( 'NONE',  ( -8.150000000000000355, -0.4600000000000005751, 15.19999999999999751 ) ) ;
#1535 = VECTOR ( 'NONE', #828, 1000.000000000000000 ) ;
#1536 = LINE ( 'NONE', #1122, #417 ) ;
#1537 = VECTOR ( 'NONE', #1144, 1000.000000000000000 ) ;
#1538 = ORIENTED_EDGE ( 'NONE', *, *, #1525, .T. ) ;
#1539 = LINE ( 'NONE', #1527, #1926 ) ;
#1540 = VECTOR ( 'NONE', #789, 1000.000000000000000 ) ;
#1541 = LINE ( 'NONE', #47, #531 ) ;
#1542 = EDGE_LOOP ( 'NONE', ( #695, #1117, #916, #795 ) ) ;
#1543 = VECTOR ( 'NONE', #1645, 1000.000000000000000 ) ;
#1544 = CARTESIAN_POINT ( 'NONE',  ( 8.150000000000000355, -2.304952957442643781E-31, 8.699999999999999289 ) ) ;
#1545 = AXIS2_PLACEMENT_3D ( 'NONE', #1694, #538, #1187 ) ;
#1546 = DIRECTION ( 'NONE',  ( 1.000000000000000000, 0.000000000000000000, 8.227635046035739681E-16 ) ) ;
#1547 = VECTOR ( 'NONE', #856, 1000.000000000000000 ) ;
#1548 = DIRECTION ( 'NONE',  ( -1.586637325588543405E-16, -0.000000000000000000, -1.000000000000000000 ) ) ;
#1549 = EDGE_LOOP ( 'NONE', ( #1093, #1954, #1506, #1884 ) ) ;
#1550 = DIRECTION ( 'NONE',  ( 1.000000000000000000, 0.000000000000000000, 0.000000000000000000 ) ) ;
#1551 = LINE ( 'NONE', #21, #1097 ) ;
#1552 = ORIENTED_EDGE ( 'NONE', *, *, #519, .F. ) ;
#1553 = EDGE_CURVE ( 'NONE', #171, #1134, #2137, .T. ) ;
#1554 = PLANE ( 'NONE',  #1427 ) ;
#1555 = CARTESIAN_POINT ( 'NONE',  ( 8.149999999999998579, 2.189999999999998614, -1.382208027490065472E-15 ) ) ;
#1556 = PLANE ( 'NONE',  #1254 ) ;
#1557 = CARTESIAN_POINT ( 'NONE',  ( -2.899999999999996803, 1.939999999999999947, 17.40000000000000213 ) ) ;
#1558 = EDGE_LOOP ( 'NONE', ( #322, #482, #1276, #1897, #1921, #1978 ) ) ;
#1559 = FACE_OUTER_BOUND ( 'NONE', #132, .T. ) ;
#1560 = DIRECTION ( 'NONE',  ( 1.156482317317871725E-15, 1.000000000000000000, 0.000000000000000000 ) ) ;
#1561 = ORIENTED_EDGE ( 'NONE', *, *, #1714, .F. ) ;
#1562 = LINE ( 'NONE', #508, #597 ) ;
#1563 = DIRECTION ( 'NONE',  ( 0.000000000000000000, 0.000000000000000000, 1.000000000000000000 ) ) ;
#1564 = EDGE_CURVE ( 'NONE', #1731, #1888, #465, .T. ) ;
#1565 = EDGE_CURVE ( 'NONE', #69, #873, #476, .T. ) ;
#1566 = VERTEX_POINT ( 'NONE', #156 ) ;
#1567 = DIRECTION ( 'NONE',  ( -1.586637325588543405E-16, -0.000000000000000000, -1.000000000000000000 ) ) ;
#1568 = CARTESIAN_POINT ( 'NONE',  ( -7.150000000000005684, -0.9850000000000002087, 15.51956521739130146 ) ) ;
#1569 = CARTESIAN_POINT ( 'NONE',  ( 8.150000000000000355, 0.3088610834131658156, 9.199999999999999289 ) ) ;
#1570 = CIRCLE ( 'NONE', #518, 0.5000000000000004441 ) ;
#1571 = APPLICATION_PROTOCOL_DEFINITION ( 'international standard', 'config_control_design', 1994, #2073 ) ;
#1572 = ORIENTED_EDGE ( 'NONE', *, *, #753, .F. ) ;
#1573 = VECTOR ( 'NONE', #806, 1000.000000000000000 ) ;
#1574 = ADVANCED_FACE ( 'NONE', ( #325 ), #1346, .F. ) ;
#1575 = VECTOR ( 'NONE', #447, 1000.000000000000000 ) ;
#1576 = FACE_OUTER_BOUND ( 'NONE', #1311, .T. ) ;
#1577 = DIRECTION ( 'NONE',  ( 0.000000000000000000, 1.000000000000000000, -0.000000000000000000 ) ) ;
#1578 = CARTESIAN_POINT ( 'NONE',  ( -2.024999999999999911, 0.5799999999999999600, 0.000000000000000000 ) ) ;
#1579 = VERTEX_POINT ( 'NONE', #1011 ) ;
#1580 = LINE ( 'NONE', #2079, #1721 ) ;
#1581 = CARTESIAN_POINT ( 'NONE',  ( 8.150000000000000355, -2.304952957442643781E-31, 8.699999999999999289 ) ) ;
#1582 = VECTOR ( 'NONE', #225, 1000.000000000000000 ) ;
#1583 = FACE_OUTER_BOUND ( 'NONE', #2029, .T. ) ;
#1584 = LINE ( 'NONE', #78, #2068 ) ;
#1585 = ADVANCED_FACE ( 'NONE', ( #1002 ), #1175, .F. ) ;
#1586 = VECTOR ( 'NONE', #213, 1000.000000000000000 ) ;
#1587 = CARTESIAN_POINT ( 'NONE',  ( -8.149999999999998579, -1.609999999999995657, -1.847692160210507394E-15 ) ) ;
#1588 = APPROVAL_PERSON_ORGANIZATION ( #2012, #1712, #1499 ) ;
#1589 = ORIENTED_EDGE ( 'NONE', *, *, #1796, .T. ) ;
#1590 = CARTESIAN_POINT ( 'NONE',  ( -9.350000000000001421, 0.8084916707288229976, 9.180783438949402964 ) ) ;
#1591 = ORIENTED_EDGE ( 'NONE', *, *, #1971, .T. ) ;
#1592 = FACE_OUTER_BOUND ( 'NONE', #1717, .T. ) ;
#1593 = LINE ( 'NONE', #437, #320 ) ;
#1594 = LINE ( 'NONE', #899, #2153 ) ;
#1595 = ORIENTED_EDGE ( 'NONE', *, *, #972, .T. ) ;
#1596 = FACE_OUTER_BOUND ( 'NONE', #981, .T. ) ;
#1597 = EDGE_CURVE ( 'NONE', #221, #1121, #1679, .T. ) ;
#1598 = ADVANCED_FACE ( 'NONE', ( #1688 ), #549, .F. ) ;
#1599 = EDGE_CURVE ( 'NONE', #680, #1268, #1901, .T. ) ;
#1600 = PLANE ( 'NONE',  #216 ) ;
#1601 = EDGE_LOOP ( 'NONE', ( #671, #1641, #1167, #1483, #2013, #604, #1034 ) ) ;
#1602 = CARTESIAN_POINT ( 'NONE',  ( 7.850000000000001421, -2.285000000000000142, 19.40000000000000213 ) ) ;
#1603 = CARTESIAN_POINT ( 'NONE',  ( -8.150000000000000355, -0.2284916707288233151, 9.180783438949402964 ) ) ;
#1604 = VERTEX_POINT ( 'NONE', #1355 ) ;
#1605 = CARTESIAN_POINT ( 'NONE',  ( 8.150000000000002132, -2.304952957442643781E-31, 17.39999999999999858 ) ) ;
#1606 = CARTESIAN_POINT ( 'NONE',  ( -7.849999999999997868, 2.864999999999999769, -0.001000000000001000089 ) ) ;
#1607 = EDGE_CURVE ( 'NONE', #489, #1148, #2019, .T. ) ;
#1608 = LINE ( 'NONE', #449, #952 ) ;
#1609 = VERTEX_POINT ( 'NONE', #2009 ) ;
#1610 = CARTESIAN_POINT ( 'NONE',  ( 8.150000000000000355, 6.626537931034480522, 10.88645517241379679 ) ) ;
#1611 = ORIENTED_EDGE ( 'NONE', *, *, #1661, .F. ) ;
#1612 = AXIS2_PLACEMENT_3D ( 'NONE', #1880, #675, #1351 ) ;
#1613 = CARTESIAN_POINT ( 'NONE',  ( -8.149999999999998579, 0.4547119645494836493, -0.01748892171344302096 ) ) ;
#1614 = VECTOR ( 'NONE', #773, 1000.000000000000000 ) ;
#1615 = CARTESIAN_POINT ( 'NONE',  ( -8.150000000000002132, 1.564999999999999947, 7.400000000000003020 ) ) ;
#1616 = VECTOR ( 'NONE', #19, 1000.000000000000000 ) ;
#1617 = ORIENTED_EDGE ( 'NONE', *, *, #1156, .F. ) ;
#1618 = DIRECTION ( 'NONE',  ( 1.000000000000000000, -0.000000000000000000, -1.606225440719266120E-16 ) ) ;
#1619 = CARTESIAN_POINT ( 'NONE',  ( 8.150000000000000355, 0.3088610834131623739, 8.699999999999999289 ) ) ;
#1620 = DIRECTION ( 'NONE',  ( 1.000000000000000000, -0.000000000000000000, -1.606225440719266120E-16 ) ) ;
#1621 = ORIENTED_EDGE ( 'NONE', *, *, #503, .F. ) ;
#1622 = CARTESIAN_POINT ( 'NONE',  ( -8.150000000000000355, 0.3088610834131623739, 8.699999999999999289 ) ) ;
#1623 = VECTOR ( 'NONE', #889, 1000.000000000000000 ) ;
#1624 = LOCAL_TIME ( 11, 55, 22.00000000000000000, #1909 ) ;
#1625 = VERTEX_POINT ( 'NONE', #1670 ) ;
#1626 = DIRECTION ( 'NONE',  ( -0.7071067811865474617, -0.000000000000000000, -0.7071067811865475727 ) ) ;
#1627 = EDGE_CURVE ( 'NONE', #826, #558, #1189, .T. ) ;
#1628 = EDGE_LOOP ( 'NONE', ( #1057, #1139, #1818, #1493 ) ) ;
#1629 = EDGE_CURVE ( 'NONE', #275, #630, #1737, .T. ) ;
#1630 = ORIENTED_EDGE ( 'NONE', *, *, #1772, .F. ) ;
#1631 = LINE ( 'NONE', #298, #1692 ) ;
#1632 = FACE_OUTER_BOUND ( 'NONE', #1791, .T. ) ;
#1633 = DIRECTION ( 'NONE',  ( 0.7071067811865474617, 0.000000000000000000, -0.7071067811865475727 ) ) ;
#1634 = VERTEX_POINT ( 'NONE', #513 ) ;
#1635 = LINE ( 'NONE', #157, #587 ) ;
#1636 = PERSON_AND_ORGANIZATION ( #1084, #1874 ) ;
#1637 = VERTEX_POINT ( 'NONE', #173 ) ;
#1638 = EDGE_CURVE ( 'NONE', #535, #1430, #58, .T. ) ;
#1639 = CARTESIAN_POINT ( 'NONE',  ( -2.899999999999996803, -1.360000000000000098, 17.40000000000000213 ) ) ;
#1640 = ORIENTED_EDGE ( 'NONE', *, *, #1759, .T. ) ;
#1641 = ORIENTED_EDGE ( 'NONE', *, *, #725, .T. ) ;
#1642 = APPROVAL ( #303, 'UNSPECIFIED' ) ;
#1643 = DIRECTION ( 'NONE',  ( 6.173225848522424420E-18, 0.9992611746313142529, -0.03843312210120430200 ) ) ;
#1644 = PLANE ( 'NONE',  #760 ) ;
#1645 = DIRECTION ( 'NONE',  ( 1.000000000000000000, -0.000000000000000000, -0.000000000000000000 ) ) ;
#1646 = EDGE_LOOP ( 'NONE', ( #228, #450, #420, #1381, #1320, #1416 ) ) ;
#1647 = DIRECTION ( 'NONE',  ( -1.683199426319203239E-16, 0.03843312210120447547, -0.9992611746313142529 ) ) ;
#1648 = ORIENTED_EDGE ( 'NONE', *, *, #1792, .F. ) ;
#1649 = DIRECTION ( 'NONE',  ( -1.586637325588543405E-16, 0.000000000000000000, -1.000000000000000000 ) ) ;
#1650 = AXIS2_PLACEMENT_3D ( 'NONE', #1749, #1933, #897 ) ;
#1651 = CARTESIAN_POINT ( 'NONE',  ( -5.594999999999999751, 0.5799999999999999600, 0.000000000000000000 ) ) ;
#1652 = AXIS2_PLACEMENT_3D ( 'NONE', #1610, #1925, #256 ) ;
#1653 = VERTEX_POINT ( 'NONE', #1700 ) ;
#1654 = ORIENTED_EDGE ( 'NONE', *, *, #341, .T. ) ;
#1655 = VECTOR ( 'NONE', #252, 1000.000000000000000 ) ;
#1656 = DIRECTION ( 'NONE',  ( -1.000000000000000000, -0.000000000000000000, -0.000000000000000000 ) ) ;
#1657 = DIRECTION ( 'NONE',  ( -1.000000000000000000, -0.000000000000000000, -0.000000000000000000 ) ) ;
#1658 = DIRECTION ( 'NONE',  ( -1.683199426319203239E-16, -0.03843312210120430894, -0.9992611746313142529 ) ) ;
#1659 = EDGE_LOOP ( 'NONE', ( #1451, #1648, #493, #1083 ) ) ;
#1660 = DIRECTION ( 'NONE',  ( -1.000000000000000000, 0.000000000000000000, 1.495451272393799049E-16 ) ) ;
#1661 = EDGE_CURVE ( 'NONE', #50, #2102, #1562, .T. ) ;
#1662 = VERTEX_POINT ( 'NONE', #194 ) ;
#1663 = LINE ( 'NONE', #2001, #1305 ) ;
#1664 = VECTOR ( 'NONE', #886, 1000.000000000000000 ) ;
#1665 = AXIS2_PLACEMENT_3D ( 'NONE', #1462, #491, #1007 ) ;
#1666 = ORIENTED_EDGE ( 'NONE', *, *, #272, .T. ) ;
#1667 = VERTEX_POINT ( 'NONE', #726 ) ;
#1668 = DIRECTION ( 'NONE',  ( 0.000000000000000000, 0.000000000000000000, -1.000000000000000000 ) ) ;
#1669 = LINE ( 'NONE', #2124, #2002 ) ;
#1670 = CARTESIAN_POINT ( 'NONE',  ( 9.350000000000001421, 0.2711389165868373641, 8.699999999999999289 ) ) ;
#1671 = ORIENTED_EDGE ( 'NONE', *, *, #71, .F. ) ;
#1672 = CARTESIAN_POINT ( 'NONE',  ( -7.849999999999997868, -1.959999999999999964, -0.001000000000001000089 ) ) ;
#1673 = DATE_TIME_ROLE ( 'classification_date' ) ;
#1674 = ORIENTED_EDGE ( 'NONE', *, *, #621, .T. ) ;
#1675 = EDGE_CURVE ( 'NONE', #1476, #108, #184, .T. ) ;
#1676 = LINE ( 'NONE', #1979, #249 ) ;
#1677 = ORIENTED_EDGE ( 'NONE', *, *, #1960, .F. ) ;
#1678 = FACE_OUTER_BOUND ( 'NONE', #1558, .T. ) ;
#1679 = LINE ( 'NONE', #486, #735 ) ;
#1680 = VERTEX_POINT ( 'NONE', #860 ) ;
#1681 = LINE ( 'NONE', #862, #1930 ) ;
#1682 = EDGE_CURVE ( 'NONE', #171, #656, #829, .T. ) ;
#1683 = CARTESIAN_POINT ( 'NONE',  ( -7.195000000000000284, 0.5799999999999999600, 1.600000000000000089 ) ) ;
#1684 = VERTEX_POINT ( 'NONE', #838 ) ;
#1685 = DIRECTION ( 'NONE',  ( 0.000000000000000000, 1.000000000000000000, -0.000000000000000000 ) ) ;
#1686 = EDGE_CURVE ( 'NONE', #1667, #1703, #497, .T. ) ;
#1687 = DIRECTION ( 'NONE',  ( 1.000000000000000000, -2.465190328815661892E-32, -1.684443936231420003E-16 ) ) ;
#1688 = FACE_OUTER_BOUND ( 'NONE', #1516, .T. ) ;
#1689 = AXIS2_PLACEMENT_3D ( 'NONE', #1773, #1577, #1563 ) ;
#1690 = VERTEX_POINT ( 'NONE', #23 ) ;
#1691 = LINE ( 'NONE', #1184, #843 ) ;
#1692 = VECTOR ( 'NONE', #1787, 1000.000000000000114 ) ;
#1693 = VERTEX_POINT ( 'NONE', #1504 ) ;
#1694 = CARTESIAN_POINT ( 'NONE',  ( -9.350000000000001421, 0.2711389165868339224, 9.199999999999999289 ) ) ;
#1695 = VECTOR ( 'NONE', #660, 1000.000000000000000 ) ;
#1696 = VECTOR ( 'NONE', #1143, 1000.000000000000000 ) ;
#1697 = DIRECTION ( 'NONE',  ( -0.000000000000000000, -1.000000000000000000, -0.000000000000000000 ) ) ;
#1698 = EDGE_CURVE ( 'NONE', #1703, #1999, #690, .T. ) ;
#1699 = EDGE_CURVE ( 'NONE', #1739, #1625, #1515, .T. ) ;
#1700 = CARTESIAN_POINT ( 'NONE',  ( -5.594999999999999751, 0.000000000000000000, 0.000000000000000000 ) ) ;
#1701 = ORIENTED_EDGE ( 'NONE', *, *, #2132, .F. ) ;
#1702 = FACE_OUTER_BOUND ( 'NONE', #762, .T. ) ;
#1703 = VERTEX_POINT ( 'NONE', #236 ) ;
#1704 = DIRECTION ( 'NONE',  ( -1.586637325588543405E-16, -0.000000000000000000, -1.000000000000000000 ) ) ;
#1705 = ADVANCED_FACE ( 'NONE', ( #81 ), #1246, .T. ) ;
#1706 = CARTESIAN_POINT ( 'NONE',  ( 9.350000000000001421, -2.285000000000000142, 8.599999999999999645 ) ) ;
#1707 = CC_DESIGN_PERSON_AND_ORGANIZATION_ASSIGNMENT ( #833, #329, ( #2016 ) ) ;
#1708 = EDGE_LOOP ( 'NONE', ( #1325, #18, #1359, #1854, #865, #408 ) ) ;
#1709 = PLANE ( 'NONE',  #1865 ) ;
#1710 = LINE ( 'NONE', #52, #1834 ) ;
#1711 = ORIENTED_EDGE ( 'NONE', *, *, #89, .T. ) ;
#1712 = APPROVAL ( #1315, 'UNSPECIFIED' ) ;
#1713 = FACE_OUTER_BOUND ( 'NONE', #647, .T. ) ;
#1714 = EDGE_CURVE ( 'NONE', #942, #1625, #90, .T. ) ;
#1715 = LINE ( 'NONE', #530, #328 ) ;
#1716 = ORIENTED_EDGE ( 'NONE', *, *, #1237, .F. ) ;
#1717 = EDGE_LOOP ( 'NONE', ( #1528, #1489, #1982, #2120, #1666, #1394, #1212, #712, #403, #931, #1176, #1961, #1904, #1012, #1449, #1387 ) ) ;
#1718 = LINE ( 'NONE', #1033, #454 ) ;
#1719 = VECTOR ( 'NONE', #779, 1000.000000000000000 ) ;
#1720 = DIRECTION ( 'NONE',  ( -1.000000000000000000, -0.000000000000000000, -1.606225440719266120E-16 ) ) ;
#1721 = VECTOR ( 'NONE', #1567, 1000.000000000000000 ) ;
#1722 = CARTESIAN_POINT ( 'NONE',  ( -7.849999999999997868, -2.285000000000000142, 17.40000000000000213 ) ) ;
#1723 = ADVANCED_FACE ( 'NONE', ( #1576 ), #1951, .F. ) ;
#1724 = CARTESIAN_POINT ( 'NONE',  ( 2.024999999999999911, 0.000000000000000000, 0.000000000000000000 ) ) ;
#1725 = ORIENTED_EDGE ( 'NONE', *, *, #708, .F. ) ;
#1726 = VECTOR ( 'NONE', #104, 1000.000000000000000 ) ;
#1727 = VERTEX_POINT ( 'NONE', #1931 ) ;
#1728 = CARTESIAN_POINT ( 'NONE',  ( -7.849999999999997868, -1.959999999999999964, 17.40000000000000213 ) ) ;
#1729 = CARTESIAN_POINT ( 'NONE',  ( 9.350000000000001421, 0.8084916707288229976, 9.180783438949402964 ) ) ;
#1730 = CARTESIAN_POINT ( 'NONE',  ( -7.849999999999997868, 2.864999999999999769, 19.40000000000000568 ) ) ;
#1731 = VERTEX_POINT ( 'NONE', #749 ) ;
#1732 = DIRECTION ( 'NONE',  ( 0.000000000000000000, -1.000000000000000000, 0.000000000000000000 ) ) ;
#1733 = PRODUCT ( 'CarFuse', 'CarFuse', '', ( #2072 ) ) ;
#1734 = LINE ( 'NONE', #1072, #1377 ) ;
#1735 = EDGE_LOOP ( 'NONE', ( #510, #516, #1014, #466, #1127, #1247, #2095, #1070, #1236, #1839, #997, #545, #1457, #1099 ) ) ;
#1736 = EDGE_CURVE ( 'NONE', #1103, #927, #1118, .T. ) ;
#1737 = LINE ( 'NONE', #345, #461 ) ;
#1738 = EDGE_CURVE ( 'NONE', #1121, #580, #421, .T. ) ;
#1739 = VERTEX_POINT ( 'NONE', #1746 ) ;
#1740 = DIRECTION ( 'NONE',  ( -0.000000000000000000, -0.000000000000000000, 1.000000000000000000 ) ) ;
#1741 = ORIENTED_EDGE ( 'NONE', *, *, #386, .F. ) ;
#1742 = CARTESIAN_POINT ( 'NONE',  ( -7.150000000000006573, -1.610000000000001430, 15.89999999999999680 ) ) ;
#1743 = EDGE_CURVE ( 'NONE', #59, #1811, #433, .T. ) ;
#1744 = DIRECTION ( 'NONE',  ( 1.000000000000000000, 0.000000000000000000, 0.000000000000000000 ) ) ;
#1745 = ORIENTED_EDGE ( 'NONE', *, *, #61, .T. ) ;
#1746 = CARTESIAN_POINT ( 'NONE',  ( 9.350000000000001421, 0.3088610834131623739, 8.699999999999999289 ) ) ;
#1747 = LINE ( 'NONE', #1706, #1199 ) ;
#1748 = ORIENTED_EDGE ( 'NONE', *, *, #685, .T. ) ;
#1749 = CARTESIAN_POINT ( 'NONE',  ( -2.499999999999999112, 0.5799999999999999600, 7.400000000000000355 ) ) ;
#1750 = CARTESIAN_POINT ( 'NONE',  ( 2.500000000000000000, 0.5799999999999999600, 7.400000000000000355 ) ) ;
#1751 = CARTESIAN_POINT ( 'NONE',  ( 7.850000000000001421, 2.864999999999999769, -0.001000000000001000089 ) ) ;
#1752 = VECTOR ( 'NONE', #1985, 1000.000000000000000 ) ;
#1753 = CARTESIAN_POINT ( 'NONE',  ( -7.150000000000006573, -0.6950000000000007283, 15.34304347826086712 ) ) ;
#1754 = VECTOR ( 'NONE', #478, 1000.000000000000000 ) ;
#1755 = VERTEX_POINT ( 'NONE', #70 ) ;
#1756 = DIRECTION ( 'NONE',  ( 1.683199426319203239E-16, -0.03843312210120430894, -0.9992611746313142529 ) ) ;
#1757 = VERTEX_POINT ( 'NONE', #738 ) ;
#1758 = DIRECTION ( 'NONE',  ( -1.683199426319203239E-16, 0.03843312210120447547, -0.9992611746313142529 ) ) ;
#1759 = EDGE_CURVE ( 'NONE', #2130, #814, #1238, .T. ) ;
#1760 = EDGE_CURVE ( 'NONE', #317, #1891, #574, .T. ) ;
#1761 = CYLINDRICAL_SURFACE ( 'NONE', #67, 0.5000000000000004441 ) ;
#1762 = EDGE_CURVE ( 'NONE', #1348, #1492, #280, .T. ) ;
#1763 = AXIS2_PLACEMENT_3D ( 'NONE', #1894, #2114, #974 ) ;
#1764 = CARTESIAN_POINT ( 'NONE',  ( 8.149999999999998579, 0.4547119645494836493, -0.01748892171344302096 ) ) ;
#1765 = ORIENTED_EDGE ( 'NONE', *, *, #688, .T. ) ;
#1766 = LINE ( 'NONE', #756, #664 ) ;
#1767 = EDGE_CURVE ( 'NONE', #1158, #45, #1918, .T. ) ;
#1768 = AXIS2_PLACEMENT_3D ( 'NONE', #505, #1855, #292 ) ;
#1769 =( LENGTH_UNIT ( ) NAMED_UNIT ( * ) SI_UNIT ( .MILLI., .METRE. ) );
#1770 = ORIENTED_EDGE ( 'NONE', *, *, #1372, .F. ) ;
#1771 = CARTESIAN_POINT ( 'NONE',  ( -8.150000000000000355, -0.2284916707288233151, 9.180783438949402964 ) ) ;
#1772 = EDGE_CURVE ( 'NONE', #258, #777, #758, .T. ) ;
#1773 = CARTESIAN_POINT ( 'NONE',  ( -2.899999999999996358, -0.9850000000000002087, 17.40000000000000213 ) ) ;
#1774 = ORIENTED_EDGE ( 'NONE', *, *, #1919, .F. ) ;
#1775 = CARTESIAN_POINT ( 'NONE',  ( -9.349999999999997868, 2.864999999999999769, 8.600000000000003197 ) ) ;
#1776 = CARTESIAN_POINT ( 'NONE',  ( -9.350000000000001421, 0.2711389165868373641, 8.699999999999999289 ) ) ;
#1777 = LINE ( 'NONE', #1445, #815 ) ;
#1778 = CC_DESIGN_DATE_AND_TIME_ASSIGNMENT ( #977, #1673, ( #76 ) ) ;
#1779 = VERTEX_POINT ( 'NONE', #409 ) ;
#1780 = CARTESIAN_POINT ( 'NONE',  ( 8.150000000000000355, -2.304952957442643781E-31, 7.400000000000000355 ) ) ;
#1781 = DIRECTION ( 'NONE',  ( -1.586637325588543405E-16, -0.000000000000000000, -1.000000000000000000 ) ) ;
#1782 = EDGE_CURVE ( 'NONE', #736, #108, #268, .T. ) ;
#1783 = EDGE_LOOP ( 'NONE', ( #1110, #215, #1003, #1989 ) ) ;
#1784 = DIRECTION ( 'NONE',  ( 1.156482317317871725E-15, -1.000000000000000000, 0.000000000000000000 ) ) ;
#1785 = CARTESIAN_POINT ( 'NONE',  ( -7.849999999999997868, 2.539999999999999591, 19.40000000000000568 ) ) ;
#1786 = VERTEX_POINT ( 'NONE', #1602 ) ;
#1787 = DIRECTION ( 'NONE',  ( 1.683199426319203239E-16, 0.03843312210120447547, -0.9992611746313142529 ) ) ;
#1788 = CARTESIAN_POINT ( 'NONE',  ( 7.850000000000001421, -1.959999999999999964, 19.40000000000000568 ) ) ;
#1789 = ORIENTED_EDGE ( 'NONE', *, *, #1178, .F. ) ;
#1790 = CARTESIAN_POINT ( 'NONE',  ( 8.150000000000002132, 2.189999999999998614, 17.39999999999999858 ) ) ;
#1791 = EDGE_LOOP ( 'NONE', ( #37, #181, #698, #1716 ) ) ;
#1792 = EDGE_CURVE ( 'NONE', #116, #1739, #1086, .T. ) ;
#1793 = DIRECTION ( 'NONE',  ( -1.000000000000000000, 0.000000000000000000, 0.000000000000000000 ) ) ;
#1794 = AXIS2_PLACEMENT_3D ( 'NONE', #1140, #1128, #1488 ) ;
#1795 = CARTESIAN_POINT ( 'NONE',  ( 8.150000000000002132, -2.304952957442643781E-31, 17.39999999999999858 ) ) ;
#1796 = EDGE_CURVE ( 'NONE', #124, #2155, #2075, .T. ) ;
#1797 = AXIS2_PLACEMENT_3D ( 'NONE', #122, #199, #677 ) ;
#1798 = ORIENTED_EDGE ( 'NONE', *, *, #1241, .F. ) ;
#1799 = EDGE_LOOP ( 'NONE', ( #2133, #717, #358, #1572, #129, #1067 ) ) ;
#1800 = CARTESIAN_POINT ( 'NONE',  ( -7.150000000000004796, 1.274999999999998801, 17.40000000000000213 ) ) ;
#1801 = FACE_OUTER_BOUND ( 'NONE', #379, .T. ) ;
#1802 = LINE ( 'NONE', #1986, #72 ) ;
#1803 = EDGE_LOOP ( 'NONE', ( #1420, #393, #993, #619 ) ) ;
#1804 = DIRECTION ( 'NONE',  ( 1.000000000000000000, 0.000000000000000000, 0.000000000000000000 ) ) ;
#1805 = EDGE_CURVE ( 'NONE', #2155, #1811, #1941, .T. ) ;
#1806 = VECTOR ( 'NONE', #1784, 1000.000000000000000 ) ;
#1807 = AXIS2_PLACEMENT_3D ( 'NONE', #1277, #1649, #1288 ) ;
#1808 = ORIENTED_EDGE ( 'NONE', *, *, #227, .T. ) ;
#1809 = CARTESIAN_POINT ( 'NONE',  ( 8.150000000000000355, 6.626537931034480522, 10.88645517241379679 ) ) ;
#1810 = LINE ( 'NONE', #598, #1222 ) ;
#1811 = VERTEX_POINT ( 'NONE', #1590 ) ;
#1812 = ORIENTED_EDGE ( 'NONE', *, *, #1526, .T. ) ;
#1813 = DIRECTION ( 'NONE',  ( -1.000000000000000000, 0.000000000000000000, -0.000000000000000000 ) ) ;
#1814 = CARTESIAN_POINT ( 'NONE',  ( 2.900000000000003020, -1.360000000000000098, 17.40000000000000213 ) ) ;
#1815 = FACE_OUTER_BOUND ( 'NONE', #1601, .T. ) ;
#1816 = VERTEX_POINT ( 'NONE', #771 ) ;
#1817 = DIRECTION ( 'NONE',  ( -0.000000000000000000, 1.000000000000000000, -0.000000000000000000 ) ) ;
#1818 = ORIENTED_EDGE ( 'NONE', *, *, #1762, .F. ) ;
#1819 = CARTESIAN_POINT ( 'NONE',  ( 7.150000000000004796, 1.274999999999998801, 15.34304347826086534 ) ) ;
#1820 = DIRECTION ( 'NONE',  ( 1.000000000000000000, -0.000000000000000000, -0.000000000000000000 ) ) ;
#1821 = ORIENTED_EDGE ( 'NONE', *, *, #62, .F. ) ;
#1822 = ORIENTED_EDGE ( 'NONE', *, *, #365, .T. ) ;
#1823 = LINE ( 'NONE', #837, #876 ) ;
#1824 = ADVANCED_FACE ( 'NONE', ( #1439, #2119, #607 ), #565, .T. ) ;
#1825 = LINE ( 'NONE', #985, #1752 ) ;
#1826 = PLANE ( 'NONE',  #388 ) ;
#1827 = ORIENTED_EDGE ( 'NONE', *, *, #938, .T. ) ;
#1828 = CARTESIAN_POINT ( 'NONE',  ( -2.899999999999996358, 1.564999999999999947, 17.40000000000000213 ) ) ;
#1829 = ORIENTED_EDGE ( 'NONE', *, *, #1759, .F. ) ;
#1830 = CARTESIAN_POINT ( 'NONE',  ( -9.350000000000001421, -0.2284916707288233151, 9.180783438949402964 ) ) ;
#1831 = VECTOR ( 'NONE', #1820, 1000.000000000000000 ) ;
#1832 = ORIENTED_EDGE ( 'NONE', *, *, #645, .F. ) ;
#1833 = ORIENTED_EDGE ( 'NONE', *, *, #846, .T. ) ;
#1834 = VECTOR ( 'NONE', #2066, 1000.000000000000000 ) ;
#1835 = CARTESIAN_POINT ( 'NONE',  ( -2.499999999999999112, 0.5799999999999999600, 5.400000000000000355 ) ) ;
#1836 = CARTESIAN_POINT ( 'NONE',  ( -7.849999999999997868, 2.539999999999999591, -0.001000000000001000089 ) ) ;
#1837 = CARTESIAN_POINT ( 'NONE',  ( -7.849999999999997868, 2.864999999999999769, -0.001000000000001000089 ) ) ;
#1838 = EDGE_CURVE ( 'NONE', #1755, #975, #1328, .T. ) ;
#1839 = ORIENTED_EDGE ( 'NONE', *, *, #2022, .T. ) ;
#1840 = DIRECTION ( 'NONE',  ( -0.000000000000000000, -1.000000000000000000, -0.000000000000000000 ) ) ;
#1841 = LINE ( 'NONE', #2178, #277 ) ;
#1842 = ORIENTED_EDGE ( 'NONE', *, *, #1156, .T. ) ;
#1843 = VECTOR ( 'NONE', #1390, 1000.000000000000000 ) ;
#1844 = DIRECTION ( 'NONE',  ( 0.000000000000000000, 0.000000000000000000, 1.000000000000000000 ) ) ;
#1845 = VECTOR ( 'NONE', #1108, 1000.000000000000000 ) ;
#1846 = ORIENTED_EDGE ( 'NONE', *, *, #119, .F. ) ;
#1847 = EDGE_CURVE ( 'NONE', #1406, #680, #1015, .T. ) ;
#1848 = ORIENTED_EDGE ( 'NONE', *, *, #725, .F. ) ;
#1849 = DIRECTION ( 'NONE',  ( -0.000000000000000000, -1.000000000000000000, -0.000000000000000000 ) ) ;
#1850 = LINE ( 'NONE', #1323, #1719 ) ;
#1851 = CARTESIAN_POINT ( 'NONE',  ( 2.024999999999999911, 0.5799999999999999600, 0.000000000000000000 ) ) ;
#1852 = ORIENTED_EDGE ( 'NONE', *, *, #1399, .T. ) ;
#1853 = CARTESIAN_POINT ( 'NONE',  ( -2.899999999999996358, 1.564999999999999947, 17.40000000000000213 ) ) ;
#1854 = ORIENTED_EDGE ( 'NONE', *, *, #1782, .F. ) ;
#1855 = DIRECTION ( 'NONE',  ( -1.000000000000000000, -2.465190328815661892E-32, -1.684443936231420003E-16 ) ) ;
#1856 = LINE ( 'NONE', #474, #1469 ) ;
#1857 = DIRECTION ( 'NONE',  ( 0.000000000000000000, -0.000000000000000000, -1.000000000000000000 ) ) ;
#1858 = ORIENTED_EDGE ( 'NONE', *, *, #1661, .T. ) ;
#1859 = CARTESIAN_POINT ( 'NONE',  ( 9.350000000000003197, 2.864999999999999769, 19.40000000000000213 ) ) ;
#1860 = LINE ( 'NONE', #349, #1962 ) ;
#1861 = LINE ( 'NONE', #882, #40 ) ;
#1862 = EDGE_CURVE ( 'NONE', #1190, #338, #1663, .T. ) ;
#1863 = ADVANCED_FACE ( 'NONE', ( #1964 ), #1490, .T. ) ;
#1864 = DIRECTION ( 'NONE',  ( 2.465190328815661892E-32, -1.000000000000000000, 3.959651422358809693E-48 ) ) ;
#1865 = AXIS2_PLACEMENT_3D ( 'NONE', #1878, #515, #878 ) ;
#1866 = CARTESIAN_POINT ( 'NONE',  ( -8.149999999999998579, -0.9850000000000002087, -1.382208027490065472E-15 ) ) ;
#1867 = AXIS2_PLACEMENT_3D ( 'NONE', #1345, #2018, #983 ) ;
#1868 = EDGE_LOOP ( 'NONE', ( #1159, #356, #1765, #978 ) ) ;
#1869 = DIRECTION ( 'NONE',  ( 1.372035451453562190E-16, -0.5199469468957450546, 0.8541985556144388037 ) ) ;
#1870 = ORIENTED_EDGE ( 'NONE', *, *, #885, .T. ) ;
#1871 = ADVANCED_FACE ( 'NONE', ( #631 ), #1157, .T. ) ;
#1872 = DIRECTION ( 'NONE',  ( 1.606225440719266120E-16, -4.945608200916562073E-64, -1.000000000000000000 ) ) ;
#1873 = CIRCLE ( 'NONE', #1763, 0.5000000000000004441 ) ;
#1874 = ORGANIZATION ( 'UNSPECIFIED', 'UNSPECIFIED', '' ) ;
#1875 = DIRECTION ( 'NONE',  ( -1.000000000000000000, 0.000000000000000000, 1.586637325588543405E-16 ) ) ;
#1876 = EDGE_CURVE ( 'NONE', #1727, #750, #644, .T. ) ;
#1877 = ORIENTED_EDGE ( 'NONE', *, *, #1024, .F. ) ;
#1878 = CARTESIAN_POINT ( 'NONE',  ( 0.000000000000000000, 0.000000000000000000, 0.000000000000000000 ) ) ;
#1879 = ORIENTED_EDGE ( 'NONE', *, *, #1699, .F. ) ;
#1880 = CARTESIAN_POINT ( 'NONE',  ( -9.349999999999997868, -2.285000000000000142, 8.600000000000003197 ) ) ;
#1881 = LINE ( 'NONE', #387, #737 ) ;
#1882 = VERTEX_POINT ( 'NONE', #2169 ) ;
#1883 = DIRECTION ( 'NONE',  ( -1.000000000000000000, 0.000000000000000000, -0.000000000000000000 ) ) ;
#1884 = ORIENTED_EDGE ( 'NONE', *, *, #455, .F. ) ;
#1885 = CARTESIAN_POINT ( 'NONE',  ( -9.350000000000003197, 2.864999999999999769, 17.39999999999999858 ) ) ;
#1886 = EDGE_CURVE ( 'NONE', #834, #653, #979, .T. ) ;
#1887 = CARTESIAN_POINT ( 'NONE',  ( -8.150000000000000355, 0.3088610834131623739, 8.699999999999999289 ) ) ;
#1888 = VERTEX_POINT ( 'NONE', #1990 ) ;
#1889 = VERTEX_POINT ( 'NONE', #1303 ) ;
#1890 = LINE ( 'NONE', #1912, #1339 ) ;
#1891 = VERTEX_POINT ( 'NONE', #1830 ) ;
#1892 = PLANE ( 'NONE',  #410 ) ;
#1893 = VECTOR ( 'NONE', #817, 1000.000000000000000 ) ;
#1894 = CARTESIAN_POINT ( 'NONE',  ( -8.150000000000000355, 0.3088610834131658156, 9.199999999999999289 ) ) ;
#1895 = AXIS2_PLACEMENT_3D ( 'NONE', #1828, #1447, #1998 ) ;
#1896 = ADVANCED_FACE ( 'NONE', ( #1131 ), #1168, .F. ) ;
#1897 = ORIENTED_EDGE ( 'NONE', *, *, #1847, .F. ) ;
#1898 = VECTOR ( 'NONE', #1349, 1000.000000000000000 ) ;
#1899 = CARTESIAN_POINT ( 'NONE',  ( -7.849999999999997868, 2.539999999999999147, 19.40000000000000568 ) ) ;
#1900 = EDGE_LOOP ( 'NONE', ( #970, #176, #123, #442 ) ) ;
#1901 = LINE ( 'NONE', #1866, #284 ) ;
#1902 = ADVANCED_FACE ( 'NONE', ( #333 ), #1180, .T. ) ;
#1903 = VECTOR ( 'NONE', #458, 1000.000000000000000 ) ;
#1904 = ORIENTED_EDGE ( 'NONE', *, *, #203, .F. ) ;
#1905 = DIRECTION ( 'NONE',  ( 1.000000000000000000, 0.000000000000000000, -1.606225440719266120E-16 ) ) ;
#1906 = FACE_OUTER_BOUND ( 'NONE', #2110, .T. ) ;
#1907 = ORIENTED_EDGE ( 'NONE', *, *, #528, .T. ) ;
#1908 = DIRECTION ( 'NONE',  ( -2.465190328815661892E-32, -1.000000000000000000, 3.959651422358809085E-48 ) ) ;
#1909 = COORDINATED_UNIVERSAL_TIME_OFFSET ( 3, 30, .AHEAD. ) ;
#1910 = ORIENTED_EDGE ( 'NONE', *, *, #179, .F. ) ;
#1911 = CARTESIAN_POINT ( 'NONE',  ( -5.594999999999999751, 0.5799999999999999600, 0.000000000000000000 ) ) ;
#1912 = CARTESIAN_POINT ( 'NONE',  ( 7.150000000000008349, -1.610000000000001652, 17.40000000000000213 ) ) ;
#1913 = PLANE ( 'NONE',  #696 ) ;
#1914 = LINE ( 'NONE', #1751, #1031 ) ;
#1915 = DIRECTION ( 'NONE',  ( 0.000000000000000000, 2.309350627394122236E-14, -1.000000000000000000 ) ) ;
#1916 = DIRECTION ( 'NONE',  ( -0.000000000000000000, 1.000000000000000000, 0.000000000000000000 ) ) ;
#1917 = ORIENTED_EDGE ( 'NONE', *, *, #46, .F. ) ;
#1918 = LINE ( 'NONE', #1098, #1437 ) ;
#1919 = EDGE_CURVE ( 'NONE', #656, #185, #1676, .T. ) ;
#1920 = ADVANCED_FACE ( 'NONE', ( #967 ), #1342, .T. ) ;
#1921 = ORIENTED_EDGE ( 'NONE', *, *, #519, .T. ) ;
#1922 = FACE_OUTER_BOUND ( 'NONE', #429, .T. ) ;
#1923 = LINE ( 'NONE', #888, #766 ) ;
#1924 = DIRECTION ( 'NONE',  ( -1.000000000000000000, -0.000000000000000000, -0.000000000000000000 ) ) ;
#1925 = DIRECTION ( 'NONE',  ( -1.372035451453562683E-16, -0.5199469468957449436, -0.8541985556144388037 ) ) ;
#1926 = VECTOR ( 'NONE', #1049, 1000.000000000000000 ) ;
#1927 = FACE_OUTER_BOUND ( 'NONE', #1900, .T. ) ;
#1928 = EDGE_CURVE ( 'NONE', #26, #283, #666, .T. ) ;
#1929 = ORIENTED_EDGE ( 'NONE', *, *, #594, .T. ) ;
#1930 = VECTOR ( 'NONE', #347, 1000.000000000000000 ) ;
#1931 = CARTESIAN_POINT ( 'NONE',  ( 9.350000000000003197, -2.285000000000000142, 19.40000000000000213 ) ) ;
#1932 = ORIENTED_EDGE ( 'NONE', *, *, #1050, .T. ) ;
#1933 = DIRECTION ( 'NONE',  ( -1.000000000000000000, 0.000000000000000000, 0.000000000000000000 ) ) ;
#1934 = DIRECTION ( 'NONE',  ( 0.000000000000000000, 0.000000000000000000, -1.000000000000000000 ) ) ;
#1935 = AXIS2_PLACEMENT_3D ( 'NONE', #1851, #2062, #1030 ) ;
#1936 = CARTESIAN_POINT ( 'NONE',  ( 7.150000000000003020, 2.189999999999997726, 15.89999999999999680 ) ) ;
#1937 = CARTESIAN_POINT ( 'NONE',  ( 2.900000000000003020, -0.6949999999999996181, 17.40000000000000213 ) ) ;
#1938 = VECTOR ( 'NONE', #161, 1000.000000000000000 ) ;
#1939 = DATE_AND_TIME ( #1949, #774 ) ;
#1940 = ORIENTED_EDGE ( 'NONE', *, *, #1426, .F. ) ;
#1941 = LINE ( 'NONE', #951, #881 ) ;
#1942 = CARTESIAN_POINT ( 'NONE',  ( -9.350000000000003197, -2.304952957442643781E-31, 17.39999999999999858 ) ) ;
#1943 = ORIENTED_EDGE ( 'NONE', *, *, #1056, .T. ) ;
#1944 = ORIENTED_EDGE ( 'NONE', *, *, #1738, .T. ) ;
#1945 = CARTESIAN_POINT ( 'NONE',  ( 0.000000000000000000, 2.864999999999999769, 0.000000000000000000 ) ) ;
#1946 = DIRECTION ( 'NONE',  ( 0.7071067811865475727, -0.000000000000000000, 0.7071067811865474617 ) ) ;
#1947 = DIRECTION ( 'NONE',  ( 0.000000000000000000, -0.8541985556144388037, 0.5199469468957447216 ) ) ;
#1948 = EDGE_CURVE ( 'NONE', #2168, #1755, #470, .T. ) ;
#1949 = CALENDAR_DATE ( 2024, 31, 8 ) ;
#1950 = VERTEX_POINT ( 'NONE', #2015 ) ;
#1951 = PLANE ( 'NONE',  #1060 ) ;
#1952 = LINE ( 'NONE', #260, #2037 ) ;
#1953 = ORIENTED_EDGE ( 'NONE', *, *, #89, .F. ) ;
#1954 = ORIENTED_EDGE ( 'NONE', *, *, #991, .T. ) ;
#1955 = CARTESIAN_POINT ( 'NONE',  ( -2.024999999999999023, 0.5799999999999999600, 5.400000000000000355 ) ) ;
#1956 = CARTESIAN_POINT ( 'NONE',  ( 7.149999999999988809, -6.828178984767741046E-15, -9.266667153581755179E-15 ) ) ;
#1957 = DIRECTION ( 'NONE',  ( 0.000000000000000000, -1.000000000000000000, 0.000000000000000000 ) ) ;
#1958 = EDGE_LOOP ( 'NONE', ( #2118, #334, #1748, #296 ) ) ;
#1959 = LINE ( 'NONE', #640, #1397 ) ;
#1960 = EDGE_CURVE ( 'NONE', #1256, #1684, #618, .T. ) ;
#1961 = ORIENTED_EDGE ( 'NONE', *, *, #1772, .T. ) ;
#1962 = VECTOR ( 'NONE', #20, 1000.000000000000227 ) ;
#1963 = ADVANCED_FACE ( 'NONE', ( #306 ), #148, .F. ) ;
#1964 = FACE_OUTER_BOUND ( 'NONE', #855, .T. ) ;
#1965 = VECTOR ( 'NONE', #1647, 1000.000000000000114 ) ;
#1966 = CARTESIAN_POINT ( 'NONE',  ( 7.150000000000008349, -1.610000000000001652, 17.40000000000000213 ) ) ;
#1967 = CIRCLE ( 'NONE', #2006, 0.5000000000000004441 ) ;
#1968 = ORIENTED_EDGE ( 'NONE', *, *, #745, .F. ) ;
#1969 = ORIENTED_EDGE ( 'NONE', *, *, #1414, .T. ) ;
#1970 = CARTESIAN_POINT ( 'NONE',  ( 8.150000000000000355, 1.039999999999998481, 15.19999999999999396 ) ) ;
#1971 = EDGE_CURVE ( 'NONE', #927, #1446, #1551, .T. ) ;
#1972 = LINE ( 'NONE', #649, #1535 ) ;
#1973 = DIRECTION ( 'NONE',  ( 1.606225440719265874E-16, 0.000000000000000000, 1.000000000000000000 ) ) ;
#1974 = ORIENTED_EDGE ( 'NONE', *, *, #573, .T. ) ;
#1975 = LINE ( 'NONE', #467, #2003 ) ;
#1976 = VECTOR ( 'NONE', #754, 1000.000000000000000 ) ;
#1977 = AXIS2_PLACEMENT_3D ( 'NONE', #2085, #2105, #56 ) ;
#1978 = ORIENTED_EDGE ( 'NONE', *, *, #1353, .T. ) ;
#1979 = CARTESIAN_POINT ( 'NONE',  ( 2.024999999999999911, 0.000000000000000000, 0.000000000000000000 ) ) ;
#1980 = LINE ( 'NONE', #797, #763 ) ;
#1981 = EDGE_CURVE ( 'NONE', #777, #1731, #687, .T. ) ;
#1982 = ORIENTED_EDGE ( 'NONE', *, *, #823, .T. ) ;
#1983 = ORIENTED_EDGE ( 'NONE', *, *, #330, .F. ) ;
#1984 = CARTESIAN_POINT ( 'NONE',  ( -8.150000000000000355, 6.626537931034480522, 10.88645517241379679 ) ) ;
#1985 = DIRECTION ( 'NONE',  ( -1.000000000000000000, 0.000000000000000000, 2.990902544787598592E-16 ) ) ;
#1986 = CARTESIAN_POINT ( 'NONE',  ( -7.849999999999997868, -2.285000000000000142, -0.001000000000001000089 ) ) ;
#1987 = ORIENTED_EDGE ( 'NONE', *, *, #1526, .F. ) ;
#1988 = LINE ( 'NONE', #314, #208 ) ;
#1989 = ORIENTED_EDGE ( 'NONE', *, *, #911, .T. ) ;
#1990 = CARTESIAN_POINT ( 'NONE',  ( 9.350000000000001421, -0.4600000000000005751, 15.19999999999999751 ) ) ;
#1991 = CARTESIAN_POINT ( 'NONE',  ( 7.850000000000001421, 2.539999999999999591, 17.39999999999999858 ) ) ;
#1992 = EDGE_CURVE ( 'NONE', #787, #514, #1541, .T. ) ;
#1993 = ORIENTED_EDGE ( 'NONE', *, *, #559, .T. ) ;
#1994 = ORIENTED_EDGE ( 'NONE', *, *, #1960, .T. ) ;
#1995 = DIRECTION ( 'NONE',  ( 1.000000000000000000, -0.000000000000000000, -1.606225440719266120E-16 ) ) ;
#1996 = DIRECTION ( 'NONE',  ( -0.000000000000000000, -1.000000000000000000, -0.000000000000000000 ) ) ;
#1997 = DIRECTION ( 'NONE',  ( 0.000000000000000000, -0.000000000000000000, -1.000000000000000000 ) ) ;
#1998 = DIRECTION ( 'NONE',  ( 0.000000000000000000, -0.000000000000000000, -1.000000000000000000 ) ) ;
#1999 = VERTEX_POINT ( 'NONE', #1042 ) ;
#2000 = EDGE_CURVE ( 'NONE', #338, #1609, #1529, .T. ) ;
#2001 = CARTESIAN_POINT ( 'NONE',  ( 7.850000000000001421, 2.864999999999999769, 17.39999999999999858 ) ) ;
#2002 = VECTOR ( 'NONE', #1657, 1000.000000000000000 ) ;
#2003 = VECTOR ( 'NONE', #1004, 1000.000000000000000 ) ;
#2004 = EDGE_LOOP ( 'NONE', ( #340, #1674, #643, #1142 ) ) ;
#2005 = ORIENTED_EDGE ( 'NONE', *, *, #911, .F. ) ;
#2006 = AXIS2_PLACEMENT_3D ( 'NONE', #2100, #971, #1136 ) ;
#2007 = LINE ( 'NONE', #495, #1165 ) ;
#2008 = DIRECTION ( 'NONE',  ( 1.372035451453562190E-16, 0.5199469468957450546, -0.8541985556144388037 ) ) ;
#2009 = CARTESIAN_POINT ( 'NONE',  ( -7.849999999999997868, 2.539999999999999591, 17.40000000000000213 ) ) ;
#2010 = APPLICATION_CONTEXT ( 'configuration controlled 3d designs of mechanical parts and assemblies' ) ;
#2011 = PLANE ( 'NONE',  #1365 ) ;
#2012 = PERSON_AND_ORGANIZATION ( #1084, #1874 ) ;
#2013 = ORIENTED_EDGE ( 'NONE', *, *, #919, .T. ) ;
#2014 = VECTOR ( 'NONE', #1548, 1000.000000000000000 ) ;
#2015 = CARTESIAN_POINT ( 'NONE',  ( 9.350000000000003197, 2.189999999999998614, 17.39999999999999858 ) ) ;
#2016 = PRODUCT_DEFINITION_FORMATION_WITH_SPECIFIED_SOURCE ( 'ANY', '', #1733, .NOT_KNOWN. ) ;
#2017 = FACE_OUTER_BOUND ( 'NONE', #2060, .T. ) ;
#2018 = DIRECTION ( 'NONE',  ( 1.855319225643644218E-16, -0.000000000000000000, 1.000000000000000000 ) ) ;
#2019 = LINE ( 'NONE', #1224, #849 ) ;
#2020 = EDGE_LOOP ( 'NONE', ( #1264, #460, #436, #2098 ) ) ;
#2021 = LINE ( 'NONE', #1363, #182 ) ;
#2022 = EDGE_CURVE ( 'NONE', #1287, #925, #1715, .T. ) ;
#2023 = EDGE_CURVE ( 'NONE', #1889, #1256, #1861, .T. ) ;
#2024 = VERTEX_POINT ( 'NONE', #2050 ) ;
#2025 = DIRECTION ( 'NONE',  ( 2.465190328815661892E-32, -1.000000000000000000, 3.959651422358809693E-48 ) ) ;
#2026 = CARTESIAN_POINT ( 'NONE',  ( -8.150000000000000355, -2.304952957442643781E-31, 8.699999999999999289 ) ) ;
#2027 = DIRECTION ( 'NONE',  ( 0.000000000000000000, -1.000000000000000000, 0.000000000000000000 ) ) ;
#2028 = EDGE_CURVE ( 'NONE', #2040, #246, #378, .T. ) ;
#2029 = EDGE_LOOP ( 'NONE', ( #533, #969, #585, #2069 ) ) ;
#2030 = LINE ( 'NONE', #1534, #626 ) ;
#2031 = DIRECTION ( 'NONE',  ( 0.000000000000000000, -0.000000000000000000, 1.000000000000000000 ) ) ;
#2032 = VERTEX_POINT ( 'NONE', #842 ) ;
#2033 = DIRECTION ( 'NONE',  ( -0.000000000000000000, -0.000000000000000000, 1.000000000000000000 ) ) ;
#2034 = PRODUCT_RELATED_PRODUCT_CATEGORY ( 'detail', '', ( #1733 ) ) ;
#2035 = AXIS2_PLACEMENT_3D ( 'NONE', #475, #2149, #1124 ) ;
#2036 = LINE ( 'NONE', #1544, #382 ) ;
#2037 = VECTOR ( 'NONE', #307, 1000.000000000000000 ) ;
#2038 = CIRCLE ( 'NONE', #1195, 0.5000000000000004441 ) ;
#2039 = CARTESIAN_POINT ( 'NONE',  ( 9.350000000000003197, -1.610000000000000764, 17.39999999999999858 ) ) ;
#2040 = VERTEX_POINT ( 'NONE', #206 ) ;
#2041 = LINE ( 'NONE', #1035, #331 ) ;
#2042 = EDGE_LOOP ( 'NONE', ( #1531, #1993, #937, #1120 ) ) ;
#2043 = VECTOR ( 'NONE', #791, 1000.000000000000000 ) ;
#2044 = EDGE_CURVE ( 'NONE', #1891, #925, #14, .T. ) ;
#2045 = AXIS2_PLACEMENT_3D ( 'NONE', #1211, #1872, #360 ) ;
#2046 = DIRECTION ( 'NONE',  ( 0.000000000000000000, 0.000000000000000000, -1.000000000000000000 ) ) ;
#2047 = VERTEX_POINT ( 'NONE', #1887 ) ;
#2048 = DIRECTION ( 'NONE',  ( -1.000000000000000000, -0.000000000000000000, -1.606225440719266120E-16 ) ) ;
#2049 = VERTEX_POINT ( 'NONE', #1899 ) ;
#2050 = CARTESIAN_POINT ( 'NONE',  ( 8.150000000000000355, -0.2284916707288233151, 9.180783438949402964 ) ) ;
#2051 = ORIENTED_EDGE ( 'NONE', *, *, #1686, .T. ) ;
#2052 = ADVANCED_BREP_SHAPE_REPRESENTATION ( 'CarFuse', ( #905, #637 ), #1344 ) ;
#2053 = CARTESIAN_POINT ( 'NONE',  ( 8.150000000000005684, -0.6949999999999996181, 15.34304347826086712 ) ) ;
#2054 = ADVANCED_FACE ( 'NONE', ( #350 ), #547, .F. ) ;
#2055 = ORIENTED_EDGE ( 'NONE', *, *, #1599, .F. ) ;
#2056 = CARTESIAN_POINT ( 'NONE',  ( 8.149999999999998579, 1.274999999999999911, -1.382208027490065472E-15 ) ) ;
#2057 = CARTESIAN_POINT ( 'NONE',  ( -5.594999999999999751, 0.5799999999999999600, 0.000000000000000000 ) ) ;
#2058 = ORIENTED_EDGE ( 'NONE', *, *, #2083, .T. ) ;
#2059 = CARTESIAN_POINT ( 'NONE',  ( -8.150000000000002132, 2.189999999999998614, 15.89999999999999680 ) ) ;
#2060 = EDGE_LOOP ( 'NONE', ( #1858, #1983, #1008, #757 ) ) ;
#2061 = ADVANCED_FACE ( 'NONE', ( #1196 ), #35, .F. ) ;
#2062 = DIRECTION ( 'NONE',  ( 0.000000000000000000, 0.000000000000000000, 1.000000000000000000 ) ) ;
#2063 = CARTESIAN_POINT ( 'NONE',  ( -8.150000000000002132, -0.9850000000000002087, 7.400000000000003020 ) ) ;
#2064 = ORIENTED_EDGE ( 'NONE', *, *, #2000, .T. ) ;
#2065 = CARTESIAN_POINT ( 'NONE',  ( -9.350000000000003197, 2.189999999999998614, 15.89999999999999680 ) ) ;
#2066 = DIRECTION ( 'NONE',  ( -1.000000000000000000, 0.000000000000000000, 0.000000000000000000 ) ) ;
#2067 = DIRECTION ( 'NONE',  ( -0.000000000000000000, -1.000000000000000000, -0.000000000000000000 ) ) ;
#2068 = VECTOR ( 'NONE', #1274, 1000.000000000000000 ) ;
#2069 = ORIENTED_EDGE ( 'NONE', *, *, #1760, .T. ) ;
#2070 = CARTESIAN_POINT ( 'NONE',  ( -8.150000000000000355, -6.469737931034480027, 10.62885517241379496 ) ) ;
#2071 = VECTOR ( 'NONE', #1271, 1000.000000000000000 ) ;
#2072 = MECHANICAL_CONTEXT ( 'NONE', #2073, 'mechanical' ) ;
#2073 = APPLICATION_CONTEXT ( 'configuration controlled 3d designs of mechanical parts and assemblies' ) ;
#2074 = VERTEX_POINT ( 'NONE', #1511 ) ;
#2075 = LINE ( 'NONE', #1613, #917 ) ;
#2076 = VECTOR ( 'NONE', #1266, 1000.000000000000114 ) ;
#2077 = AXIS2_PLACEMENT_3D ( 'NONE', #319, #1685, #1844 ) ;
#2078 = ORIENTED_EDGE ( 'NONE', *, *, #46, .T. ) ;
#2079 = CARTESIAN_POINT ( 'NONE',  ( 2.900000000000003020, -0.6949999999999996181, 17.40000000000000213 ) ) ;
#2080 = DIRECTION ( 'NONE',  ( -0.000000000000000000, -0.000000000000000000, 1.000000000000000000 ) ) ;
#2081 = CARTESIAN_POINT ( 'NONE',  ( 9.350000000000003197, -2.285000000000000142, 19.40000000000000213 ) ) ;
#2082 = ADVANCED_FACE ( 'NONE', ( #1388 ), #371, .T. ) ;
#2083 = EDGE_CURVE ( 'NONE', #1684, #1888, #1051, .T. ) ;
#2084 = EDGE_CURVE ( 'NONE', #894, #1121, #2041, .T. ) ;
#2085 = CARTESIAN_POINT ( 'NONE',  ( 9.350000000000001421, 0.3088610834131658156, 9.199999999999999289 ) ) ;
#2086 = ORIENTED_EDGE ( 'NONE', *, *, #1675, .F. ) ;
#2087 = DIRECTION ( 'NONE',  ( 0.000000000000000000, 0.000000000000000000, -1.000000000000000000 ) ) ;
#2088 = ORIENTED_EDGE ( 'NONE', *, *, #1016, .T. ) ;
#2089 = LINE ( 'NONE', #1248, #1293 ) ;
#2090 = FACE_OUTER_BOUND ( 'NONE', #1147, .T. ) ;
#2091 = EDGE_CURVE ( 'NONE', #275, #1268, #198, .T. ) ;
#2092 = CARTESIAN_POINT ( 'NONE',  ( -7.150000000000008349, -0.9850000000000002087, 17.39999999999999858 ) ) ;
#2093 = DIRECTION ( 'NONE',  ( 1.156482317317871725E-15, -1.000000000000000000, 0.000000000000000000 ) ) ;
#2094 =( NAMED_UNIT ( * ) SI_UNIT ( $, .STERADIAN. ) SOLID_ANGLE_UNIT ( ) );
#2095 = ORIENTED_EDGE ( 'NONE', *, *, #665, .T. ) ;
#2096 = DIRECTION ( 'NONE',  ( -1.000000000000000000, -0.000000000000000000, -1.606225440719266120E-16 ) ) ;
#2097 = CC_DESIGN_DATE_AND_TIME_ASSIGNMENT ( #1166, #794, ( #743 ) ) ;
#2098 = ORIENTED_EDGE ( 'NONE', *, *, #1736, .F. ) ;
#2099 = CARTESIAN_POINT ( 'NONE',  ( 2.025000000000000799, 0.000000000000000000, 5.400000000000000355 ) ) ;
#2100 = CARTESIAN_POINT ( 'NONE',  ( -8.150000000000000355, 0.2711389165868339224, 9.199999999999999289 ) ) ;
#2101 = LINE ( 'NONE', #1069, #529 ) ;
#2102 = VERTEX_POINT ( 'NONE', #28 ) ;
#2103 = CARTESIAN_POINT ( 'NONE',  ( 8.150000000000003908, 1.274999999999999911, 17.40000000000000213 ) ) ;
#2104 = AXIS2_PLACEMENT_3D ( 'NONE', #968, #1318, #812 ) ;
#2105 = DIRECTION ( 'NONE',  ( -1.000000000000000000, 2.465190328815661892E-32, 1.684443936231420003E-16 ) ) ;
#2106 = ORIENTED_EDGE ( 'NONE', *, *, #189, .F. ) ;
#2107 = AXIS2_PLACEMENT_3D ( 'NONE', #689, #1995, #1668 ) ;
#2108 = DIRECTION ( 'NONE',  ( 1.000000000000000000, -0.000000000000000000, -1.606225440719266120E-16 ) ) ;
#2109 = DIRECTION ( 'NONE',  ( 1.606225440719266120E-16, 4.945608200916562073E-64, 1.000000000000000000 ) ) ;
#2110 = EDGE_LOOP ( 'NONE', ( #1944, #591, #639, #291 ) ) ;
#2111 = ORIENTED_EDGE ( 'NONE', *, *, #1767, .F. ) ;
#2112 = AXIS2_PLACEMENT_3D ( 'NONE', #1206, #2046, #1883 ) ;
#2113 = PLANE ( 'NONE',  #1508 ) ;
#2114 = DIRECTION ( 'NONE',  ( -1.000000000000000000, -2.465190328815661892E-32, -1.684443936231420003E-16 ) ) ;
#2115 = ORIENTED_EDGE ( 'NONE', *, *, #1426, .T. ) ;
#2116 = PLANE ( 'NONE',  #352 ) ;
#2117 = PERSON_AND_ORGANIZATION ( #1084, #1874 ) ;
#2118 = ORIENTED_EDGE ( 'NONE', *, *, #1862, .T. ) ;
#2119 = FACE_BOUND ( 'NONE', #1542, .T. ) ;
#2120 = ORIENTED_EDGE ( 'NONE', *, *, #426, .F. ) ;
#2121 = ORIENTED_EDGE ( 'NONE', *, *, #400, .T. ) ;
#2122 = EDGE_CURVE ( 'NONE', #45, #656, #1220, .T. ) ;
#2123 = CARTESIAN_POINT ( 'NONE',  ( 7.850000000000001421, -1.959999999999999964, 17.39999999999999858 ) ) ;
#2124 = CARTESIAN_POINT ( 'NONE',  ( 2.024999999999999911, 0.5799999999999999600, 0.000000000000000000 ) ) ;
#2125 = DIRECTION ( 'NONE',  ( -2.465190328815661892E-32, -1.000000000000000000, 3.959651422358809693E-48 ) ) ;
#2126 = ORIENTED_EDGE ( 'NONE', *, *, #203, .T. ) ;
#2127 = CARTESIAN_POINT ( 'NONE',  ( 7.195000000000000284, 0.5799999999999999600, 1.600000000000000089 ) ) ;
#2128 = EDGE_CURVE ( 'NONE', #839, #826, #1881, .T. ) ;
#2129 = DATE_AND_TIME ( #2140, #641 ) ;
#2130 = VERTEX_POINT ( 'NONE', #1064 ) ;
#2131 = CARTESIAN_POINT ( 'NONE',  ( 2.900000000000003020, -0.6949999999999996181, 17.40000000000000213 ) ) ;
#2132 = EDGE_CURVE ( 'NONE', #26, #57, #177, .T. ) ;
#2133 = ORIENTED_EDGE ( 'NONE', *, *, #665, .F. ) ;
#2134 = ORIENTED_EDGE ( 'NONE', *, *, #1425, .T. ) ;
#2135 = CARTESIAN_POINT ( 'NONE',  ( 2.500000000000000000, 0.5799999999999999600, 7.400000000000000355 ) ) ;
#2136 = CARTESIAN_POINT ( 'NONE',  ( 5.594999999999999751, 0.000000000000000000, 0.000000000000000000 ) ) ;
#2137 = LINE ( 'NONE', #625, #1263 ) ;
#2138 = VERTEX_POINT ( 'NONE', #101 ) ;
#2139 = CARTESIAN_POINT ( 'NONE',  ( 7.150000000000006573, -0.6950000000000007283, 15.34304347826086712 ) ) ;
#2140 = CALENDAR_DATE ( 2024, 31, 8 ) ;
#2141 = ORIENTED_EDGE ( 'NONE', *, *, #682, .F. ) ;
#2142 = CIRCLE ( 'NONE', #100, 0.5000000000000004441 ) ;
#2143 = DIRECTION ( 'NONE',  ( -8.758214818605775321E-17, 0.8541985556144388037, -0.5199469468957449436 ) ) ;
#2144 = VECTOR ( 'NONE', #193, 1000.000000000000000 ) ;
#2145 = LINE ( 'NONE', #471, #1614 ) ;
#2146 = EDGE_LOOP ( 'NONE', ( #200, #120, #850, #1852 ) ) ;
#2147 = ORIENTED_EDGE ( 'NONE', *, *, #348, .F. ) ;
#2148 = DIRECTION ( 'NONE',  ( 1.895872651340776094E-15, 1.000000000000000000, 0.000000000000000000 ) ) ;
#2149 = DIRECTION ( 'NONE',  ( 0.000000000000000000, 0.000000000000000000, 1.000000000000000000 ) ) ;
#2150 = LINE ( 'NONE', #1152, #111 ) ;
#2151 = ORIENTED_EDGE ( 'NONE', *, *, #1698, .T. ) ;
#2152 = LINE ( 'NONE', #1672, #699 ) ;
#2153 = VECTOR ( 'NONE', #1740, 1000.000000000000000 ) ;
#2154 = AXIS2_PLACEMENT_3D ( 'NONE', #654, #824, #342 ) ;
#2155 = VERTEX_POINT ( 'NONE', #561 ) ;
#2156 = ADVANCED_FACE ( 'NONE', ( #407 ), #223, .T. ) ;
#2157 = ADVANCED_FACE ( 'NONE', ( #746 ), #1600, .F. ) ;
#2158 = DIRECTION ( 'NONE',  ( -1.606225440719265874E-16, 0.000000000000000000, -1.000000000000000000 ) ) ;
#2159 = DIRECTION ( 'NONE',  ( -0.000000000000000000, -1.000000000000000000, -0.000000000000000000 ) ) ;
#2160 = ADVANCED_FACE ( 'NONE', ( #1927 ), #419, .F. ) ;
#2161 = ORIENTED_EDGE ( 'NONE', *, *, #180, .T. ) ;
#2162 = ORIENTED_EDGE ( 'NONE', *, *, #1627, .F. ) ;
#2163 = DIRECTION ( 'NONE',  ( 1.606225440719265874E-16, 0.000000000000000000, 1.000000000000000000 ) ) ;
#2164 = CARTESIAN_POINT ( 'NONE',  ( -7.195000000000000284, 0.000000000000000000, 1.600000000000000089 ) ) ;
#2165 = CARTESIAN_POINT ( 'NONE',  ( 8.150000000000000355, -0.2284916707288233151, 9.180783438949402964 ) ) ;
#2166 = CARTESIAN_POINT ( 'NONE',  ( 9.350000000000003197, 2.864999999999999769, 17.39999999999999858 ) ) ;
#2167 = EDGE_CURVE ( 'NONE', #873, #1739, #114, .T. ) ;
#2168 = VERTEX_POINT ( 'NONE', #233 ) ;
#2169 = CARTESIAN_POINT ( 'NONE',  ( -2.899999999999998135, -0.9850000000000002087, 7.400000000000003020 ) ) ;
#2170 = ORIENTED_EDGE ( 'NONE', *, *, #1553, .F. ) ;
#2171 = EDGE_CURVE ( 'NONE', #1089, #814, #1734, .T. ) ;
#2172 = EDGE_LOOP ( 'NONE', ( #255, #141, #1183, #479 ) ) ;
#2173 = DIRECTION ( 'NONE',  ( -1.372035451453562683E-16, 0.5199469468957449436, 0.8541985556144388037 ) ) ;
#2174 = LINE ( 'NONE', #1836, #1021 ) ;
#2175 = CARTESIAN_POINT ( 'NONE',  ( 2.024999999999999911, 0.5799999999999999600, 0.000000000000000000 ) ) ;
#2176 = VERTEX_POINT ( 'NONE', #734 ) ;
#2177 = LINE ( 'NONE', #1622, #1754 ) ;
#2178 = CARTESIAN_POINT ( 'NONE',  ( 9.350000000000001421, 2.864999999999999769, 8.599999999999999645 ) ) ;
#2179 = ORIENTED_EDGE ( 'NONE', *, *, #691, .T. ) ;
ENDSEC;
END-ISO-10303-21;
