ISO-10303-21;
HEADER;
FILE_DESCRIPTION(('KiCad electronic assembly'),'2;1');
FILE_NAME('esc-breakout.step','2024-11-15T04:14:14',('Pcbnew'),('Kicad')
  ,'Open CASCADE STEP processor 7.8','KiCad to STEP converter','Unknown'
  );
FILE_SCHEMA(('AUTOMOTIVE_DESIGN { 1 0 10303 214 1 1 1 1 }'));
ENDSEC;
DATA;
#1 = APPLICATION_PROTOCOL_DEFINITION('international standard',
  'automotive_design',2000,#2);
#2 = APPLICATION_CONTEXT(
  'core data for automotive mechanical design processes');
#3 = SHAPE_DEFINITION_REPRESENTATION(#4,#10);
#4 = PRODUCT_DEFINITION_SHAPE('','',#5);
#5 = PRODUCT_DEFINITION('design','',#6,#9);
#6 = PRODUCT_DEFINITION_FORMATION('','',#7);
#7 = PRODUCT('esc-breakout 1','esc-breakout 1','',(#8));
#8 = PRODUCT_CONTEXT('',#2,'mechanical');
#9 = PRODUCT_DEFINITION_CONTEXT('part definition',#2,'design');
#10 = SHAPE_REPRESENTATION('',(#11,#15,#19,#23,#27,#31,#35,#39,#43,#47,
    #51),#55);
#11 = AXIS2_PLACEMENT_3D('',#12,#13,#14);
#12 = CARTESIAN_POINT('',(0.,0.,0.));
#13 = DIRECTION('',(0.,0.,1.));
#14 = DIRECTION('',(1.,0.,-0.));
#15 = AXIS2_PLACEMENT_3D('',#16,#17,#18);
#16 = CARTESIAN_POINT('',(22.5,10.,1.65));
#17 = DIRECTION('',(0.,0.,1.));
#18 = DIRECTION('',(1.,0.,0.));
#19 = AXIS2_PLACEMENT_3D('',#20,#21,#22);
#20 = CARTESIAN_POINT('',(-22.5,10.,1.65));
#21 = DIRECTION('',(0.,0.,1.));
#22 = DIRECTION('',(1.,0.,0.));
#23 = AXIS2_PLACEMENT_3D('',#24,#25,#26);
#24 = CARTESIAN_POINT('',(-7.5,0.,1.65));
#25 = DIRECTION('',(0.,0.,1.));
#26 = DIRECTION('',(-1.,1.224646799147E-16,0.));
#27 = AXIS2_PLACEMENT_3D('',#28,#29,#30);
#28 = CARTESIAN_POINT('',(-7.5,10.,1.65));
#29 = DIRECTION('',(0.,0.,1.));
#30 = DIRECTION('',(1.,0.,0.));
#31 = AXIS2_PLACEMENT_3D('',#32,#33,#34);
#32 = CARTESIAN_POINT('',(7.5,10.,1.65));
#33 = DIRECTION('',(0.,0.,1.));
#34 = DIRECTION('',(1.,0.,0.));
#35 = AXIS2_PLACEMENT_3D('',#36,#37,#38);
#36 = CARTESIAN_POINT('',(22.5,0.,1.65));
#37 = DIRECTION('',(0.,0.,1.));
#38 = DIRECTION('',(-1.,1.224646799147E-16,0.));
#39 = AXIS2_PLACEMENT_3D('',#40,#41,#42);
#40 = CARTESIAN_POINT('',(-22.5,0.,1.65));
#41 = DIRECTION('',(0.,0.,1.));
#42 = DIRECTION('',(-1.,1.224646799147E-16,0.));
#43 = AXIS2_PLACEMENT_3D('',#44,#45,#46);
#44 = CARTESIAN_POINT('',(7.5,0.,1.65));
#45 = DIRECTION('',(0.,0.,1.));
#46 = DIRECTION('',(-1.,1.224646799147E-16,0.));
#47 = AXIS2_PLACEMENT_3D('',#48,#49,#50);
#48 = CARTESIAN_POINT('',(-3.599999,-10.,-5.E-02));
#49 = DIRECTION('',(0.,-1.224646799147E-16,-1.));
#50 = DIRECTION('',(1.,0.,0.));
#51 = AXIS2_PLACEMENT_3D('',#52,#53,#54);
#52 = CARTESIAN_POINT('',(0.,0.,0.));
#53 = DIRECTION('',(0.,0.,1.));
#54 = DIRECTION('',(1.,0.,-0.));
#55 = ( GEOMETRIC_REPRESENTATION_CONTEXT(3) 
GLOBAL_UNCERTAINTY_ASSIGNED_CONTEXT((#59)) GLOBAL_UNIT_ASSIGNED_CONTEXT(
(#56,#57,#58)) REPRESENTATION_CONTEXT('Context #1',
  '3D Context with UNIT and UNCERTAINTY') );
#56 = ( LENGTH_UNIT() NAMED_UNIT(*) SI_UNIT(.MILLI.,.METRE.) );
#57 = ( NAMED_UNIT(*) PLANE_ANGLE_UNIT() SI_UNIT($,.RADIAN.) );
#58 = ( NAMED_UNIT(*) SI_UNIT($,.STERADIAN.) SOLID_ANGLE_UNIT() );
#59 = UNCERTAINTY_MEASURE_WITH_UNIT(LENGTH_MEASURE(1.E-05),#56,
  'distance_accuracy_value','confusion accuracy');
#60 = PRODUCT_RELATED_PRODUCT_CATEGORY('part',$,(#7));
#61 = SHAPE_DEFINITION_REPRESENTATION(#62,#68);
#62 = PRODUCT_DEFINITION_SHAPE('','',#63);
#63 = PRODUCT_DEFINITION('design','',#64,#67);
#64 = PRODUCT_DEFINITION_FORMATION('','',#65);
#65 = PRODUCT('Amass_XT30UPB-F','Amass_XT30UPB-F','',(#66));
#66 = PRODUCT_CONTEXT('',#2,'mechanical');
#67 = PRODUCT_DEFINITION_CONTEXT('part definition',#2,'design');
#68 = SHAPE_REPRESENTATION('',(#11,#69),#73);
#69 = AXIS2_PLACEMENT_3D('',#70,#71,#72);
#70 = CARTESIAN_POINT('',(0.,0.,0.));
#71 = DIRECTION('',(0.,0.,1.));
#72 = DIRECTION('',(1.,0.,-0.));
#73 = ( GEOMETRIC_REPRESENTATION_CONTEXT(3) 
GLOBAL_UNCERTAINTY_ASSIGNED_CONTEXT((#77)) GLOBAL_UNIT_ASSIGNED_CONTEXT(
(#74,#75,#76)) REPRESENTATION_CONTEXT('Context #1',
  '3D Context with UNIT and UNCERTAINTY') );
#74 = ( LENGTH_UNIT() NAMED_UNIT(*) SI_UNIT(.MILLI.,.METRE.) );
#75 = ( NAMED_UNIT(*) PLANE_ANGLE_UNIT() SI_UNIT($,.RADIAN.) );
#76 = ( NAMED_UNIT(*) SI_UNIT($,.STERADIAN.) SOLID_ANGLE_UNIT() );
#77 = UNCERTAINTY_MEASURE_WITH_UNIT(LENGTH_MEASURE(1.E-07),#74,
  'distance_accuracy_value','confusion accuracy');
#78 = CONTEXT_DEPENDENT_SHAPE_REPRESENTATION(#79,#81);
#79 = ( REPRESENTATION_RELATIONSHIP('','',#68,#10) 
REPRESENTATION_RELATIONSHIP_WITH_TRANSFORMATION(#80) 
SHAPE_REPRESENTATION_RELATIONSHIP() );
#80 = ITEM_DEFINED_TRANSFORMATION('','',#11,#15);
#81 = PRODUCT_DEFINITION_SHAPE('Placement','Placement of an item',#82);
#82 = NEXT_ASSEMBLY_USAGE_OCCURRENCE('2','J104','',#5,#63,$);
#83 = PRODUCT_RELATED_PRODUCT_CATEGORY('part',$,(#65));
#84 = SHAPE_DEFINITION_REPRESENTATION(#85,#91);
#85 = PRODUCT_DEFINITION_SHAPE('','',#86);
#86 = PRODUCT_DEFINITION('design','',#87,#90);
#87 = PRODUCT_DEFINITION_FORMATION('','',#88);
#88 = PRODUCT('ASSEMBLY','ASSEMBLY','',(#89));
#89 = PRODUCT_CONTEXT('',#2,'mechanical');
#90 = PRODUCT_DEFINITION_CONTEXT('part definition',#2,'design');
#91 = SHAPE_REPRESENTATION('',(#11,#92,#286,#480),#5490);
#92 = MANIFOLD_SOLID_BREP('',#93);
#93 = CLOSED_SHELL('',(#94,#128,#153,#162,#182,#207,#227,#252,#277));
#94 = ADVANCED_FACE('',(#95),#123,.T.);
#95 = FACE_BOUND('',#96,.T.);
#96 = EDGE_LOOP('',(#97,#106,#115,#122));
#97 = ORIENTED_EDGE('',*,*,#98,.T.);
#98 = EDGE_CURVE('',#99,#99,#101,.T.);
#99 = VERTEX_POINT('',#100);
#100 = CARTESIAN_POINT('',(2.05,0.,-2.));
#101 = CIRCLE('',#102,0.45);
#102 = AXIS2_PLACEMENT_3D('',#103,#104,#105);
#103 = CARTESIAN_POINT('',(2.5,0.,-2.));
#104 = DIRECTION('',(0.,0.,1.));
#105 = DIRECTION('',(-1.,0.,0.));
#106 = ORIENTED_EDGE('',*,*,#107,.F.);
#107 = EDGE_CURVE('',#108,#99,#110,.T.);
#108 = VERTEX_POINT('',#109);
#109 = CARTESIAN_POINT('',(1.75,0.,-1.7));
#110 = CIRCLE('',#111,0.3);
#111 = AXIS2_PLACEMENT_3D('',#112,#113,#114);
#112 = CARTESIAN_POINT('',(2.05,0.,-1.7));
#113 = DIRECTION('',(0.,-1.,0.));
#114 = DIRECTION('',(-1.,0.,0.));
#115 = ORIENTED_EDGE('',*,*,#116,.F.);
#116 = EDGE_CURVE('',#108,#108,#117,.T.);
#117 = CIRCLE('',#118,0.75);
#118 = AXIS2_PLACEMENT_3D('',#119,#120,#121);
#119 = CARTESIAN_POINT('',(2.5,0.,-1.7));
#120 = DIRECTION('',(0.,0.,1.));
#121 = DIRECTION('',(-1.,0.,0.));
#122 = ORIENTED_EDGE('',*,*,#107,.T.);
#123 = TOROIDAL_SURFACE('',#124,0.45,0.3);
#124 = AXIS2_PLACEMENT_3D('',#125,#126,#127);
#125 = CARTESIAN_POINT('',(2.5,0.,-1.7));
#126 = DIRECTION('',(0.,0.,-1.));
#127 = DIRECTION('',(-1.,-0.,-0.));
#128 = ADVANCED_FACE('',(#129),#148,.T.);
#129 = FACE_BOUND('',#130,.T.);
#130 = EDGE_LOOP('',(#131,#132,#140,#147));
#131 = ORIENTED_EDGE('',*,*,#116,.T.);
#132 = ORIENTED_EDGE('',*,*,#133,.F.);
#133 = EDGE_CURVE('',#134,#108,#136,.T.);
#134 = VERTEX_POINT('',#135);
#135 = CARTESIAN_POINT('',(1.75,0.,-1.7763568394E-15));
#136 = LINE('',#137,#138);
#137 = CARTESIAN_POINT('',(1.75,0.,-1.7763568394E-15));
#138 = VECTOR('',#139,1.);
#139 = DIRECTION('',(-0.,-0.,-1.));
#140 = ORIENTED_EDGE('',*,*,#141,.F.);
#141 = EDGE_CURVE('',#134,#134,#142,.T.);
#142 = CIRCLE('',#143,0.75);
#143 = AXIS2_PLACEMENT_3D('',#144,#145,#146);
#144 = CARTESIAN_POINT('',(2.5,0.,-1.7763568394E-15));
#145 = DIRECTION('',(0.,0.,1.));
#146 = DIRECTION('',(-1.,0.,0.));
#147 = ORIENTED_EDGE('',*,*,#133,.T.);
#148 = CYLINDRICAL_SURFACE('',#149,0.75);
#149 = AXIS2_PLACEMENT_3D('',#150,#151,#152);
#150 = CARTESIAN_POINT('',(2.5,0.,-1.7763568394E-15));
#151 = DIRECTION('',(0.,0.,1.));
#152 = DIRECTION('',(-1.,0.,0.));
#153 = ADVANCED_FACE('',(#154),#157,.F.);
#154 = FACE_BOUND('',#155,.T.);
#155 = EDGE_LOOP('',(#156));
#156 = ORIENTED_EDGE('',*,*,#98,.F.);
#157 = PLANE('',#158);
#158 = AXIS2_PLACEMENT_3D('',#159,#160,#161);
#159 = CARTESIAN_POINT('',(1.75,0.,-2.));
#160 = DIRECTION('',(0.,0.,1.));
#161 = DIRECTION('',(1.,0.,0.));
#162 = ADVANCED_FACE('',(#163,#174),#177,.T.);
#163 = FACE_BOUND('',#164,.F.);
#164 = EDGE_LOOP('',(#165));
#165 = ORIENTED_EDGE('',*,*,#166,.F.);
#166 = EDGE_CURVE('',#167,#167,#169,.T.);
#167 = VERTEX_POINT('',#168);
#168 = CARTESIAN_POINT('',(1.3,0.,-1.7763568394E-15));
#169 = CIRCLE('',#170,1.2);
#170 = AXIS2_PLACEMENT_3D('',#171,#172,#173);
#171 = CARTESIAN_POINT('',(2.5,0.,-1.7763568394E-15));
#172 = DIRECTION('',(0.,0.,-1.));
#173 = DIRECTION('',(-1.,-0.,-0.));
#174 = FACE_BOUND('',#175,.F.);
#175 = EDGE_LOOP('',(#176));
#176 = ORIENTED_EDGE('',*,*,#141,.F.);
#177 = PLANE('',#178);
#178 = AXIS2_PLACEMENT_3D('',#179,#180,#181);
#179 = CARTESIAN_POINT('',(1.3,0.,-1.7763568394E-15));
#180 = DIRECTION('',(0.,0.,-1.));
#181 = DIRECTION('',(-1.,0.,0.));
#182 = ADVANCED_FACE('',(#183),#202,.T.);
#183 = FACE_BOUND('',#184,.T.);
#184 = EDGE_LOOP('',(#185,#194,#200,#201));
#185 = ORIENTED_EDGE('',*,*,#186,.T.);
#186 = EDGE_CURVE('',#187,#187,#189,.T.);
#187 = VERTEX_POINT('',#188);
#188 = CARTESIAN_POINT('',(1.3,0.,9.3));
#189 = CIRCLE('',#190,1.2);
#190 = AXIS2_PLACEMENT_3D('',#191,#192,#193);
#191 = CARTESIAN_POINT('',(2.5,0.,9.3));
#192 = DIRECTION('',(0.,0.,-1.));
#193 = DIRECTION('',(-1.,-0.,-0.));
#194 = ORIENTED_EDGE('',*,*,#195,.T.);
#195 = EDGE_CURVE('',#187,#167,#196,.T.);
#196 = LINE('',#197,#198);
#197 = CARTESIAN_POINT('',(1.3,0.,9.3));
#198 = VECTOR('',#199,1.);
#199 = DIRECTION('',(-0.,-0.,-1.));
#200 = ORIENTED_EDGE('',*,*,#166,.F.);
#201 = ORIENTED_EDGE('',*,*,#195,.F.);
#202 = CYLINDRICAL_SURFACE('',#203,1.2);
#203 = AXIS2_PLACEMENT_3D('',#204,#205,#206);
#204 = CARTESIAN_POINT('',(2.5,0.,9.3));
#205 = DIRECTION('',(0.,0.,1.));
#206 = DIRECTION('',(-1.,0.,0.));
#207 = ADVANCED_FACE('',(#208,#219),#222,.F.);
#208 = FACE_BOUND('',#209,.T.);
#209 = EDGE_LOOP('',(#210));
#210 = ORIENTED_EDGE('',*,*,#211,.T.);
#211 = EDGE_CURVE('',#212,#212,#214,.T.);
#212 = VERTEX_POINT('',#213);
#213 = CARTESIAN_POINT('',(1.35,0.,9.3));
#214 = CIRCLE('',#215,1.15);
#215 = AXIS2_PLACEMENT_3D('',#216,#217,#218);
#216 = CARTESIAN_POINT('',(2.5,0.,9.3));
#217 = DIRECTION('',(0.,0.,-1.));
#218 = DIRECTION('',(-1.,-0.,-0.));
#219 = FACE_BOUND('',#220,.T.);
#220 = EDGE_LOOP('',(#221));
#221 = ORIENTED_EDGE('',*,*,#186,.F.);
#222 = PLANE('',#223);
#223 = AXIS2_PLACEMENT_3D('',#224,#225,#226);
#224 = CARTESIAN_POINT('',(1.3,0.,9.3));
#225 = DIRECTION('',(0.,0.,-1.));
#226 = DIRECTION('',(-1.,0.,0.));
#227 = ADVANCED_FACE('',(#228),#247,.F.);
#228 = FACE_BOUND('',#229,.F.);
#229 = EDGE_LOOP('',(#230,#238,#239,#240));
#230 = ORIENTED_EDGE('',*,*,#231,.F.);
#231 = EDGE_CURVE('',#212,#232,#234,.T.);
#232 = VERTEX_POINT('',#233);
#233 = CARTESIAN_POINT('',(1.5,0.,9.15));
#234 = LINE('',#235,#236);
#235 = CARTESIAN_POINT('',(1.5,0.,9.15));
#236 = VECTOR('',#237,1.);
#237 = DIRECTION('',(0.707106781187,0.,-0.707106781187));
#238 = ORIENTED_EDGE('',*,*,#211,.T.);
#239 = ORIENTED_EDGE('',*,*,#231,.T.);
#240 = ORIENTED_EDGE('',*,*,#241,.F.);
#241 = EDGE_CURVE('',#232,#232,#242,.T.);
#242 = CIRCLE('',#243,1.);
#243 = AXIS2_PLACEMENT_3D('',#244,#245,#246);
#244 = CARTESIAN_POINT('',(2.5,0.,9.15));
#245 = DIRECTION('',(0.,0.,-1.));
#246 = DIRECTION('',(-1.,-0.,-0.));
#247 = CONICAL_SURFACE('',#248,1.,0.785398163397);
#248 = AXIS2_PLACEMENT_3D('',#249,#250,#251);
#249 = CARTESIAN_POINT('',(2.5,0.,9.15));
#250 = DIRECTION('',(0.,0.,1.));
#251 = DIRECTION('',(-1.,0.,0.));
#252 = ADVANCED_FACE('',(#253),#272,.F.);
#253 = FACE_BOUND('',#254,.F.);
#254 = EDGE_LOOP('',(#255,#264,#270,#271));
#255 = ORIENTED_EDGE('',*,*,#256,.F.);
#256 = EDGE_CURVE('',#257,#257,#259,.T.);
#257 = VERTEX_POINT('',#258);
#258 = CARTESIAN_POINT('',(1.5,0.,1.3));
#259 = CIRCLE('',#260,1.);
#260 = AXIS2_PLACEMENT_3D('',#261,#262,#263);
#261 = CARTESIAN_POINT('',(2.5,0.,1.3));
#262 = DIRECTION('',(0.,0.,-1.));
#263 = DIRECTION('',(-1.,-0.,-0.));
#264 = ORIENTED_EDGE('',*,*,#265,.F.);
#265 = EDGE_CURVE('',#232,#257,#266,.T.);
#266 = LINE('',#267,#268);
#267 = CARTESIAN_POINT('',(1.5,0.,9.3));
#268 = VECTOR('',#269,1.);
#269 = DIRECTION('',(-0.,-0.,-1.));
#270 = ORIENTED_EDGE('',*,*,#241,.T.);
#271 = ORIENTED_EDGE('',*,*,#265,.T.);
#272 = CYLINDRICAL_SURFACE('',#273,1.);
#273 = AXIS2_PLACEMENT_3D('',#274,#275,#276);
#274 = CARTESIAN_POINT('',(2.5,0.,9.3));
#275 = DIRECTION('',(0.,0.,1.));
#276 = DIRECTION('',(-1.,0.,0.));
#277 = ADVANCED_FACE('',(#278),#281,.F.);
#278 = FACE_BOUND('',#279,.F.);
#279 = EDGE_LOOP('',(#280));
#280 = ORIENTED_EDGE('',*,*,#256,.T.);
#281 = PLANE('',#282);
#282 = AXIS2_PLACEMENT_3D('',#283,#284,#285);
#283 = CARTESIAN_POINT('',(1.5,0.,1.3));
#284 = DIRECTION('',(0.,0.,-1.));
#285 = DIRECTION('',(-1.,0.,0.));
#286 = MANIFOLD_SOLID_BREP('',#287);
#287 = CLOSED_SHELL('',(#288,#322,#347,#356,#376,#401,#421,#446,#471));
#288 = ADVANCED_FACE('',(#289),#317,.T.);
#289 = FACE_BOUND('',#290,.T.);
#290 = EDGE_LOOP('',(#291,#302,#309,#310));
#291 = ORIENTED_EDGE('',*,*,#292,.F.);
#292 = EDGE_CURVE('',#293,#295,#297,.T.);
#293 = VERTEX_POINT('',#294);
#294 = CARTESIAN_POINT('',(-1.75,0.,-1.7));
#295 = VERTEX_POINT('',#296);
#296 = CARTESIAN_POINT('',(-2.05,0.,-2.));
#297 = CIRCLE('',#298,0.3);
#298 = AXIS2_PLACEMENT_3D('',#299,#300,#301);
#299 = CARTESIAN_POINT('',(-2.05,0.,-1.7));
#300 = DIRECTION('',(-0.,1.,0.));
#301 = DIRECTION('',(1.,0.,0.));
#302 = ORIENTED_EDGE('',*,*,#303,.T.);
#303 = EDGE_CURVE('',#293,#293,#304,.T.);
#304 = CIRCLE('',#305,0.75);
#305 = AXIS2_PLACEMENT_3D('',#306,#307,#308);
#306 = CARTESIAN_POINT('',(-2.5,0.,-1.7));
#307 = DIRECTION('',(0.,0.,-1.));
#308 = DIRECTION('',(1.,0.,0.));
#309 = ORIENTED_EDGE('',*,*,#292,.T.);
#310 = ORIENTED_EDGE('',*,*,#311,.F.);
#311 = EDGE_CURVE('',#295,#295,#312,.T.);
#312 = CIRCLE('',#313,0.45);
#313 = AXIS2_PLACEMENT_3D('',#314,#315,#316);
#314 = CARTESIAN_POINT('',(-2.5,0.,-2.));
#315 = DIRECTION('',(0.,0.,-1.));
#316 = DIRECTION('',(1.,0.,0.));
#317 = TOROIDAL_SURFACE('',#318,0.45,0.3);
#318 = AXIS2_PLACEMENT_3D('',#319,#320,#321);
#319 = CARTESIAN_POINT('',(-2.5,0.,-1.7));
#320 = DIRECTION('',(-0.,-0.,-1.));
#321 = DIRECTION('',(1.,0.,0.));
#322 = ADVANCED_FACE('',(#323),#342,.T.);
#323 = FACE_BOUND('',#324,.T.);
#324 = EDGE_LOOP('',(#325,#333,#340,#341));
#325 = ORIENTED_EDGE('',*,*,#326,.F.);
#326 = EDGE_CURVE('',#327,#293,#329,.T.);
#327 = VERTEX_POINT('',#328);
#328 = CARTESIAN_POINT('',(-1.75,0.,-1.7763568394E-15));
#329 = LINE('',#330,#331);
#330 = CARTESIAN_POINT('',(-1.75,0.,-1.7763568394E-15));
#331 = VECTOR('',#332,1.);
#332 = DIRECTION('',(0.,0.,-1.));
#333 = ORIENTED_EDGE('',*,*,#334,.T.);
#334 = EDGE_CURVE('',#327,#327,#335,.T.);
#335 = CIRCLE('',#336,0.75);
#336 = AXIS2_PLACEMENT_3D('',#337,#338,#339);
#337 = CARTESIAN_POINT('',(-2.5,0.,-1.7763568394E-15));
#338 = DIRECTION('',(0.,0.,-1.));
#339 = DIRECTION('',(1.,0.,0.));
#340 = ORIENTED_EDGE('',*,*,#326,.T.);
#341 = ORIENTED_EDGE('',*,*,#303,.F.);
#342 = CYLINDRICAL_SURFACE('',#343,0.75);
#343 = AXIS2_PLACEMENT_3D('',#344,#345,#346);
#344 = CARTESIAN_POINT('',(-2.5,0.,-1.7763568394E-15));
#345 = DIRECTION('',(0.,0.,1.));
#346 = DIRECTION('',(1.,0.,0.));
#347 = ADVANCED_FACE('',(#348),#351,.F.);
#348 = FACE_BOUND('',#349,.F.);
#349 = EDGE_LOOP('',(#350));
#350 = ORIENTED_EDGE('',*,*,#311,.F.);
#351 = PLANE('',#352);
#352 = AXIS2_PLACEMENT_3D('',#353,#354,#355);
#353 = CARTESIAN_POINT('',(-1.75,0.,-2.));
#354 = DIRECTION('',(0.,0.,1.));
#355 = DIRECTION('',(1.,0.,0.));
#356 = ADVANCED_FACE('',(#357,#368),#371,.T.);
#357 = FACE_BOUND('',#358,.T.);
#358 = EDGE_LOOP('',(#359));
#359 = ORIENTED_EDGE('',*,*,#360,.F.);
#360 = EDGE_CURVE('',#361,#361,#363,.T.);
#361 = VERTEX_POINT('',#362);
#362 = CARTESIAN_POINT('',(-1.3,0.,-1.7763568394E-15));
#363 = CIRCLE('',#364,1.2);
#364 = AXIS2_PLACEMENT_3D('',#365,#366,#367);
#365 = CARTESIAN_POINT('',(-2.5,0.,-1.7763568394E-15));
#366 = DIRECTION('',(0.,0.,1.));
#367 = DIRECTION('',(1.,0.,0.));
#368 = FACE_BOUND('',#369,.T.);
#369 = EDGE_LOOP('',(#370));
#370 = ORIENTED_EDGE('',*,*,#334,.F.);
#371 = PLANE('',#372);
#372 = AXIS2_PLACEMENT_3D('',#373,#374,#375);
#373 = CARTESIAN_POINT('',(-1.3,0.,-1.7763568394E-15));
#374 = DIRECTION('',(0.,0.,-1.));
#375 = DIRECTION('',(-1.,0.,0.));
#376 = ADVANCED_FACE('',(#377),#396,.T.);
#377 = FACE_BOUND('',#378,.T.);
#378 = EDGE_LOOP('',(#379,#387,#388,#389));
#379 = ORIENTED_EDGE('',*,*,#380,.T.);
#380 = EDGE_CURVE('',#381,#361,#383,.T.);
#381 = VERTEX_POINT('',#382);
#382 = CARTESIAN_POINT('',(-1.3,0.,9.3));
#383 = LINE('',#384,#385);
#384 = CARTESIAN_POINT('',(-1.3,0.,9.3));
#385 = VECTOR('',#386,1.);
#386 = DIRECTION('',(0.,0.,-1.));
#387 = ORIENTED_EDGE('',*,*,#360,.T.);
#388 = ORIENTED_EDGE('',*,*,#380,.F.);
#389 = ORIENTED_EDGE('',*,*,#390,.F.);
#390 = EDGE_CURVE('',#381,#381,#391,.T.);
#391 = CIRCLE('',#392,1.2);
#392 = AXIS2_PLACEMENT_3D('',#393,#394,#395);
#393 = CARTESIAN_POINT('',(-2.5,0.,9.3));
#394 = DIRECTION('',(0.,0.,1.));
#395 = DIRECTION('',(1.,0.,0.));
#396 = CYLINDRICAL_SURFACE('',#397,1.2);
#397 = AXIS2_PLACEMENT_3D('',#398,#399,#400);
#398 = CARTESIAN_POINT('',(-2.5,0.,9.3));
#399 = DIRECTION('',(0.,0.,1.));
#400 = DIRECTION('',(1.,0.,0.));
#401 = ADVANCED_FACE('',(#402,#413),#416,.F.);
#402 = FACE_BOUND('',#403,.F.);
#403 = EDGE_LOOP('',(#404));
#404 = ORIENTED_EDGE('',*,*,#405,.T.);
#405 = EDGE_CURVE('',#406,#406,#408,.T.);
#406 = VERTEX_POINT('',#407);
#407 = CARTESIAN_POINT('',(-1.35,0.,9.3));
#408 = CIRCLE('',#409,1.15);
#409 = AXIS2_PLACEMENT_3D('',#410,#411,#412);
#410 = CARTESIAN_POINT('',(-2.5,0.,9.3));
#411 = DIRECTION('',(0.,0.,1.));
#412 = DIRECTION('',(1.,0.,0.));
#413 = FACE_BOUND('',#414,.F.);
#414 = EDGE_LOOP('',(#415));
#415 = ORIENTED_EDGE('',*,*,#390,.F.);
#416 = PLANE('',#417);
#417 = AXIS2_PLACEMENT_3D('',#418,#419,#420);
#418 = CARTESIAN_POINT('',(-1.3,0.,9.3));
#419 = DIRECTION('',(0.,0.,-1.));
#420 = DIRECTION('',(-1.,0.,0.));
#421 = ADVANCED_FACE('',(#422),#441,.F.);
#422 = FACE_BOUND('',#423,.F.);
#423 = EDGE_LOOP('',(#424,#433,#439,#440));
#424 = ORIENTED_EDGE('',*,*,#425,.T.);
#425 = EDGE_CURVE('',#426,#426,#428,.T.);
#426 = VERTEX_POINT('',#427);
#427 = CARTESIAN_POINT('',(-1.5,0.,9.15));
#428 = CIRCLE('',#429,1.);
#429 = AXIS2_PLACEMENT_3D('',#430,#431,#432);
#430 = CARTESIAN_POINT('',(-2.5,0.,9.15));
#431 = DIRECTION('',(0.,0.,1.));
#432 = DIRECTION('',(1.,0.,0.));
#433 = ORIENTED_EDGE('',*,*,#434,.F.);
#434 = EDGE_CURVE('',#406,#426,#435,.T.);
#435 = LINE('',#436,#437);
#436 = CARTESIAN_POINT('',(-1.5,0.,9.15));
#437 = VECTOR('',#438,1.);
#438 = DIRECTION('',(-0.707106781187,0.,-0.707106781187));
#439 = ORIENTED_EDGE('',*,*,#405,.F.);
#440 = ORIENTED_EDGE('',*,*,#434,.T.);
#441 = CONICAL_SURFACE('',#442,1.,0.785398163397);
#442 = AXIS2_PLACEMENT_3D('',#443,#444,#445);
#443 = CARTESIAN_POINT('',(-2.5,0.,9.15));
#444 = DIRECTION('',(0.,0.,1.));
#445 = DIRECTION('',(1.,0.,0.));
#446 = ADVANCED_FACE('',(#447),#466,.F.);
#447 = FACE_BOUND('',#448,.F.);
#448 = EDGE_LOOP('',(#449,#457,#458,#459));
#449 = ORIENTED_EDGE('',*,*,#450,.F.);
#450 = EDGE_CURVE('',#426,#451,#453,.T.);
#451 = VERTEX_POINT('',#452);
#452 = CARTESIAN_POINT('',(-1.5,0.,1.3));
#453 = LINE('',#454,#455);
#454 = CARTESIAN_POINT('',(-1.5,0.,9.3));
#455 = VECTOR('',#456,1.);
#456 = DIRECTION('',(0.,0.,-1.));
#457 = ORIENTED_EDGE('',*,*,#425,.F.);
#458 = ORIENTED_EDGE('',*,*,#450,.T.);
#459 = ORIENTED_EDGE('',*,*,#460,.T.);
#460 = EDGE_CURVE('',#451,#451,#461,.T.);
#461 = CIRCLE('',#462,1.);
#462 = AXIS2_PLACEMENT_3D('',#463,#464,#465);
#463 = CARTESIAN_POINT('',(-2.5,0.,1.3));
#464 = DIRECTION('',(0.,0.,1.));
#465 = DIRECTION('',(1.,0.,0.));
#466 = CYLINDRICAL_SURFACE('',#467,1.);
#467 = AXIS2_PLACEMENT_3D('',#468,#469,#470);
#468 = CARTESIAN_POINT('',(-2.5,0.,9.3));
#469 = DIRECTION('',(0.,0.,1.));
#470 = DIRECTION('',(1.,0.,0.));
#471 = ADVANCED_FACE('',(#472),#475,.F.);
#472 = FACE_BOUND('',#473,.T.);
#473 = EDGE_LOOP('',(#474));
#474 = ORIENTED_EDGE('',*,*,#460,.T.);
#475 = PLANE('',#476);
#476 = AXIS2_PLACEMENT_3D('',#477,#478,#479);
#477 = CARTESIAN_POINT('',(-1.5,0.,1.3));
#478 = DIRECTION('',(0.,0.,-1.));
#479 = DIRECTION('',(-1.,0.,0.));
#480 = MANIFOLD_SOLID_BREP('',#481);
#481 = CLOSED_SHELL('',(#482,#698,#905,#930,#955,#1153,#1186,#1212,#1237
    ,#1262,#1295,#1328,#1353,#1378,#1411,#1444,#1469,#1494,#1527,#1726,
    #1751,#1776,#1975,#1992,#2017,#2042,#2074,#2098,#2122,#2146,#2171,
    #2196,#2220,#2244,#2269,#2294,#2318,#2342,#2367,#2392,#2416,#2440,
    #2465,#2490,#2514,#2538,#2563,#2580,#2605,#2630,#2671,#2695,#2817,
    #2842,#2875,#2907,#2924,#2956,#2968,#3021,#3108,#3125,#3158,#3191,
    #3217,#3250,#3276,#3302,#3328,#3354,#3379,#3397,#3414,#3526,#3543,
    #3574,#3591,#3622,#3647,#3678,#3703,#3728,#3753,#3778,#3802,#3820,
    #3853,#3886,#3912,#3945,#3971,#3997,#4023,#4049,#4074,#4092,#4110,
    #4143,#4161,#4192,#4218,#4249,#4275,#4301,#4327,#4353,#4378,#4396,
    #4413,#4444,#4461,#4492,#4517,#4548,#4573,#4598,#4623,#4648,#4672,
    #4690,#4701,#4825,#4836,#4854,#4887,#4905,#4936,#4962,#4993,#5019,
    #5045,#5071,#5097,#5122,#5140,#5171,#5196,#5221,#5245,#5270,#5295,
    #5320,#5344,#5368,#5393,#5418,#5436,#5447,#5479));
#482 = ADVANCED_FACE('',(#483,#671,#682),#693,.T.);
#483 = FACE_BOUND('',#484,.T.);
#484 = EDGE_LOOP('',(#485,#496,#504,#513,#521,#530,#538,#547,#555,#564,
    #572,#581,#589,#597,#606,#614,#623,#631,#640,#648,#657,#665));
#485 = ORIENTED_EDGE('',*,*,#486,.T.);
#486 = EDGE_CURVE('',#487,#489,#491,.T.);
#487 = VERTEX_POINT('',#488);
#488 = CARTESIAN_POINT('',(-0.92837663545,0.3,9.6));
#489 = VERTEX_POINT('',#490);
#490 = CARTESIAN_POINT('',(-2.5,1.6,9.6));
#491 = CIRCLE('',#492,1.6);
#492 = AXIS2_PLACEMENT_3D('',#493,#494,#495);
#493 = CARTESIAN_POINT('',(-2.5,0.,9.6));
#494 = DIRECTION('',(0.,-0.,1.));
#495 = DIRECTION('',(0.960645359211,0.277777777778,0.));
#496 = ORIENTED_EDGE('',*,*,#497,.T.);
#497 = EDGE_CURVE('',#489,#498,#500,.T.);
#498 = VERTEX_POINT('',#499);
#499 = CARTESIAN_POINT('',(-3.292893218813,1.6,9.6));
#500 = LINE('',#501,#502);
#501 = CARTESIAN_POINT('',(-2.5,1.6,9.6));
#502 = VECTOR('',#503,1.);
#503 = DIRECTION('',(-1.,0.,0.));
#504 = ORIENTED_EDGE('',*,*,#505,.T.);
#505 = EDGE_CURVE('',#498,#506,#508,.T.);
#506 = VERTEX_POINT('',#507);
#507 = CARTESIAN_POINT('',(-3.363603896932,1.570710678119,9.6));
#508 = CIRCLE('',#509,0.1);
#509 = AXIS2_PLACEMENT_3D('',#510,#511,#512);
#510 = CARTESIAN_POINT('',(-3.292893218813,1.5,9.6));
#511 = DIRECTION('',(0.,-0.,1.));
#512 = DIRECTION('',(0.,1.,0.));
#513 = ORIENTED_EDGE('',*,*,#514,.T.);
#514 = EDGE_CURVE('',#506,#515,#517,.T.);
#515 = VERTEX_POINT('',#516);
#516 = CARTESIAN_POINT('',(-4.070710678119,0.863603896932,9.6));
#517 = LINE('',#518,#519);
#518 = CARTESIAN_POINT('',(-3.363603896932,1.570710678119,9.6));
#519 = VECTOR('',#520,1.);
#520 = DIRECTION('',(-0.707106781187,-0.707106781187,0.));
#521 = ORIENTED_EDGE('',*,*,#522,.T.);
#522 = EDGE_CURVE('',#515,#523,#525,.T.);
#523 = VERTEX_POINT('',#524);
#524 = CARTESIAN_POINT('',(-4.1,0.792893218813,9.6));
#525 = CIRCLE('',#526,0.1);
#526 = AXIS2_PLACEMENT_3D('',#527,#528,#529);
#527 = CARTESIAN_POINT('',(-4.,0.792893218813,9.6));
#528 = DIRECTION('',(0.,0.,1.));
#529 = DIRECTION('',(-0.707106781187,0.707106781187,0.));
#530 = ORIENTED_EDGE('',*,*,#531,.T.);
#531 = EDGE_CURVE('',#523,#532,#534,.T.);
#532 = VERTEX_POINT('',#533);
#533 = CARTESIAN_POINT('',(-4.1,-0.792893218813,9.6));
#534 = LINE('',#535,#536);
#535 = CARTESIAN_POINT('',(-4.1,0.792893218813,9.6));
#536 = VECTOR('',#537,1.);
#537 = DIRECTION('',(0.,-1.,0.));
#538 = ORIENTED_EDGE('',*,*,#539,.T.);
#539 = EDGE_CURVE('',#532,#540,#542,.T.);
#540 = VERTEX_POINT('',#541);
#541 = CARTESIAN_POINT('',(-4.070710678119,-0.863603896932,9.6));
#542 = CIRCLE('',#543,0.1);
#543 = AXIS2_PLACEMENT_3D('',#544,#545,#546);
#544 = CARTESIAN_POINT('',(-4.,-0.792893218813,9.6));
#545 = DIRECTION('',(0.,0.,1.));
#546 = DIRECTION('',(-1.,0.,0.));
#547 = ORIENTED_EDGE('',*,*,#548,.T.);
#548 = EDGE_CURVE('',#540,#549,#551,.T.);
#549 = VERTEX_POINT('',#550);
#550 = CARTESIAN_POINT('',(-3.363603896932,-1.570710678119,9.6));
#551 = LINE('',#552,#553);
#552 = CARTESIAN_POINT('',(-4.070710678119,-0.863603896932,9.6));
#553 = VECTOR('',#554,1.);
#554 = DIRECTION('',(0.707106781187,-0.707106781187,0.));
#555 = ORIENTED_EDGE('',*,*,#556,.T.);
#556 = EDGE_CURVE('',#549,#557,#559,.T.);
#557 = VERTEX_POINT('',#558);
#558 = CARTESIAN_POINT('',(-3.292893218813,-1.6,9.6));
#559 = CIRCLE('',#560,0.1);
#560 = AXIS2_PLACEMENT_3D('',#561,#562,#563);
#561 = CARTESIAN_POINT('',(-3.292893218813,-1.5,9.6));
#562 = DIRECTION('',(0.,0.,1.));
#563 = DIRECTION('',(-0.707106781187,-0.707106781187,0.));
#564 = ORIENTED_EDGE('',*,*,#565,.T.);
#565 = EDGE_CURVE('',#557,#566,#568,.T.);
#566 = VERTEX_POINT('',#567);
#567 = CARTESIAN_POINT('',(-2.5,-1.6,9.6));
#568 = LINE('',#569,#570);
#569 = CARTESIAN_POINT('',(-3.292893218813,-1.6,9.6));
#570 = VECTOR('',#571,1.);
#571 = DIRECTION('',(1.,0.,0.));
#572 = ORIENTED_EDGE('',*,*,#573,.T.);
#573 = EDGE_CURVE('',#566,#574,#576,.T.);
#574 = VERTEX_POINT('',#575);
#575 = CARTESIAN_POINT('',(-0.92837663545,-0.3,9.6));
#576 = CIRCLE('',#577,1.6);
#577 = AXIS2_PLACEMENT_3D('',#578,#579,#580);
#578 = CARTESIAN_POINT('',(-2.5,0.,9.6));
#579 = DIRECTION('',(-0.,0.,1.));
#580 = DIRECTION('',(4.93432455389E-16,-1.,0.));
#581 = ORIENTED_EDGE('',*,*,#582,.T.);
#582 = EDGE_CURVE('',#574,#583,#585,.T.);
#583 = VERTEX_POINT('',#584);
#584 = CARTESIAN_POINT('',(0.,-0.3,9.6));
#585 = LINE('',#586,#587);
#586 = CARTESIAN_POINT('',(-0.770838353421,-0.3,9.6));
#587 = VECTOR('',#588,1.);
#588 = DIRECTION('',(1.,0.,0.));
#589 = ORIENTED_EDGE('',*,*,#590,.T.);
#590 = EDGE_CURVE('',#583,#591,#593,.T.);
#591 = VERTEX_POINT('',#592);
#592 = CARTESIAN_POINT('',(0.92837663545,-0.3,9.6));
#593 = LINE('',#594,#595);
#594 = CARTESIAN_POINT('',(0.,-0.3,9.6));
#595 = VECTOR('',#596,1.);
#596 = DIRECTION('',(1.,0.,0.));
#597 = ORIENTED_EDGE('',*,*,#598,.F.);
#598 = EDGE_CURVE('',#599,#591,#601,.T.);
#599 = VERTEX_POINT('',#600);
#600 = CARTESIAN_POINT('',(2.5,-1.6,9.6));
#601 = CIRCLE('',#602,1.6);
#602 = AXIS2_PLACEMENT_3D('',#603,#604,#605);
#603 = CARTESIAN_POINT('',(2.5,0.,9.6));
#604 = DIRECTION('',(-0.,0.,-1.));
#605 = DIRECTION('',(-4.93432455389E-16,-1.,0.));
#606 = ORIENTED_EDGE('',*,*,#607,.F.);
#607 = EDGE_CURVE('',#608,#599,#610,.T.);
#608 = VERTEX_POINT('',#609);
#609 = CARTESIAN_POINT('',(4.,-1.6,9.6));
#610 = LINE('',#611,#612);
#611 = CARTESIAN_POINT('',(4.,-1.6,9.6));
#612 = VECTOR('',#613,1.);
#613 = DIRECTION('',(-1.,-0.,-0.));
#614 = ORIENTED_EDGE('',*,*,#615,.F.);
#615 = EDGE_CURVE('',#616,#608,#618,.T.);
#616 = VERTEX_POINT('',#617);
#617 = CARTESIAN_POINT('',(4.1,-1.5,9.6));
#618 = CIRCLE('',#619,0.1);
#619 = AXIS2_PLACEMENT_3D('',#620,#621,#622);
#620 = CARTESIAN_POINT('',(4.,-1.5,9.6));
#621 = DIRECTION('',(0.,0.,-1.));
#622 = DIRECTION('',(1.,0.,0.));
#623 = ORIENTED_EDGE('',*,*,#624,.F.);
#624 = EDGE_CURVE('',#625,#616,#627,.T.);
#625 = VERTEX_POINT('',#626);
#626 = CARTESIAN_POINT('',(4.1,1.5,9.6));
#627 = LINE('',#628,#629);
#628 = CARTESIAN_POINT('',(4.1,1.5,9.6));
#629 = VECTOR('',#630,1.);
#630 = DIRECTION('',(-0.,-1.,-0.));
#631 = ORIENTED_EDGE('',*,*,#632,.F.);
#632 = EDGE_CURVE('',#633,#625,#635,.T.);
#633 = VERTEX_POINT('',#634);
#634 = CARTESIAN_POINT('',(4.,1.6,9.6));
#635 = CIRCLE('',#636,0.1);
#636 = AXIS2_PLACEMENT_3D('',#637,#638,#639);
#637 = CARTESIAN_POINT('',(4.,1.5,9.6));
#638 = DIRECTION('',(0.,0.,-1.));
#639 = DIRECTION('',(0.,1.,0.));
#640 = ORIENTED_EDGE('',*,*,#641,.F.);
#641 = EDGE_CURVE('',#642,#633,#644,.T.);
#642 = VERTEX_POINT('',#643);
#643 = CARTESIAN_POINT('',(2.5,1.6,9.6));
#644 = LINE('',#645,#646);
#645 = CARTESIAN_POINT('',(2.5,1.6,9.6));
#646 = VECTOR('',#647,1.);
#647 = DIRECTION('',(1.,0.,0.));
#648 = ORIENTED_EDGE('',*,*,#649,.F.);
#649 = EDGE_CURVE('',#650,#642,#652,.T.);
#650 = VERTEX_POINT('',#651);
#651 = CARTESIAN_POINT('',(0.92837663545,0.3,9.6));
#652 = CIRCLE('',#653,1.6);
#653 = AXIS2_PLACEMENT_3D('',#654,#655,#656);
#654 = CARTESIAN_POINT('',(2.5,0.,9.6));
#655 = DIRECTION('',(0.,0.,-1.));
#656 = DIRECTION('',(-0.960645359211,0.277777777778,0.));
#657 = ORIENTED_EDGE('',*,*,#658,.T.);
#658 = EDGE_CURVE('',#650,#659,#661,.T.);
#659 = VERTEX_POINT('',#660);
#660 = CARTESIAN_POINT('',(0.,0.3,9.6));
#661 = LINE('',#662,#663);
#662 = CARTESIAN_POINT('',(0.770838353421,0.3,9.6));
#663 = VECTOR('',#664,1.);
#664 = DIRECTION('',(-1.,-0.,-0.));
#665 = ORIENTED_EDGE('',*,*,#666,.T.);
#666 = EDGE_CURVE('',#659,#487,#667,.T.);
#667 = LINE('',#668,#669);
#668 = CARTESIAN_POINT('',(0.,0.3,9.6));
#669 = VECTOR('',#670,1.);
#670 = DIRECTION('',(-1.,0.,0.));
#671 = FACE_BOUND('',#672,.T.);
#672 = EDGE_LOOP('',(#673));
#673 = ORIENTED_EDGE('',*,*,#674,.T.);
#674 = EDGE_CURVE('',#675,#675,#677,.T.);
#675 = VERTEX_POINT('',#676);
#676 = CARTESIAN_POINT('',(1.,0.,9.6));
#677 = CIRCLE('',#678,1.5);
#678 = AXIS2_PLACEMENT_3D('',#679,#680,#681);
#679 = CARTESIAN_POINT('',(2.5,0.,9.6));
#680 = DIRECTION('',(0.,0.,-1.));
#681 = DIRECTION('',(-1.,0.,0.));
#682 = FACE_BOUND('',#683,.T.);
#683 = EDGE_LOOP('',(#684));
#684 = ORIENTED_EDGE('',*,*,#685,.F.);
#685 = EDGE_CURVE('',#686,#686,#688,.T.);
#686 = VERTEX_POINT('',#687);
#687 = CARTESIAN_POINT('',(-1.,0.,9.6));
#688 = CIRCLE('',#689,1.5);
#689 = AXIS2_PLACEMENT_3D('',#690,#691,#692);
#690 = CARTESIAN_POINT('',(-2.5,0.,9.6));
#691 = DIRECTION('',(0.,0.,1.));
#692 = DIRECTION('',(1.,0.,0.));
#693 = PLANE('',#694);
#694 = AXIS2_PLACEMENT_3D('',#695,#696,#697);
#695 = CARTESIAN_POINT('',(-4.5,-1.,9.6));
#696 = DIRECTION('',(0.,0.,1.));
#697 = DIRECTION('',(1.,0.,0.));
#698 = ADVANCED_FACE('',(#699),#900,.T.);
#699 = FACE_BOUND('',#700,.T.);
#700 = EDGE_LOOP('',(#701,#712,#719,#720));
#701 = ORIENTED_EDGE('',*,*,#702,.T.);
#702 = EDGE_CURVE('',#703,#705,#707,.T.);
#703 = VERTEX_POINT('',#704);
#704 = CARTESIAN_POINT('',(-0.770838353421,0.5,9.4));
#705 = VERTEX_POINT('',#706);
#706 = CARTESIAN_POINT('',(-2.5,1.8,9.4));
#707 = CIRCLE('',#708,1.8);
#708 = AXIS2_PLACEMENT_3D('',#709,#710,#711);
#709 = CARTESIAN_POINT('',(-2.5,0.,9.4));
#710 = DIRECTION('',(0.,-0.,1.));
#711 = DIRECTION('',(0.960645359211,0.277777777778,0.));
#712 = ORIENTED_EDGE('',*,*,#713,.F.);
#713 = EDGE_CURVE('',#489,#705,#714,.T.);
#714 = CIRCLE('',#715,0.2);
#715 = AXIS2_PLACEMENT_3D('',#716,#717,#718);
#716 = CARTESIAN_POINT('',(-2.5,1.6,9.4));
#717 = DIRECTION('',(-1.,4.440892098501E-16,0.));
#718 = DIRECTION('',(4.440892098501E-16,1.,0.));
#719 = ORIENTED_EDGE('',*,*,#486,.F.);
#720 = ORIENTED_EDGE('',*,*,#721,.T.);
#721 = EDGE_CURVE('',#487,#703,#722,.T.);
#722 = B_SPLINE_CURVE_WITH_KNOTS('',6,(#723,#724,#725,#726,#727,#728,
    #729,#730,#731,#732,#733,#734,#735,#736,#737,#738,#739,#740,#741,
    #742,#743,#744,#745,#746,#747,#748,#749,#750,#751,#752,#753,#754,
    #755,#756,#757,#758,#759,#760,#761,#762,#763,#764,#765,#766,#767,
    #768,#769,#770,#771,#772,#773,#774,#775,#776,#777,#778,#779,#780,
    #781,#782,#783,#784,#785,#786,#787,#788,#789,#790,#791,#792,#793,
    #794,#795,#796,#797,#798,#799,#800,#801,#802,#803,#804,#805,#806,
    #807,#808,#809,#810,#811,#812,#813,#814,#815,#816,#817,#818,#819,
    #820,#821,#822,#823,#824,#825,#826,#827,#828,#829,#830,#831,#832,
    #833,#834,#835,#836,#837,#838,#839,#840,#841,#842,#843,#844,#845,
    #846,#847,#848,#849,#850,#851,#852,#853,#854,#855,#856,#857,#858,
    #859,#860,#861,#862,#863,#864,#865,#866,#867,#868,#869,#870,#871,
    #872,#873,#874,#875,#876,#877,#878,#879,#880,#881,#882,#883,#884,
    #885,#886,#887,#888,#889,#890,#891,#892,#893,#894,#895,#896,#897,
    #898,#899),.UNSPECIFIED.,.F.,.F.,(7,5,5,5,5,5,5,5,5,5,5,5,5,5,5,5,5,
    5,5,5,5,5,5,5,5,5,5,5,5,5,5,5,5,5,5,7),(0.,2.099798035722E-03,
    1.386340557969E-02,5.296872734426E-02,9.182410363876E-02,
    0.130376202893,0.168573779443,0.206367814262,0.243711648815,
    0.280561113912,0.316874655437,0.352613458816,0.38774157407,
    0.422226043266,0.4560370322,0.489147968051,0.521535684731,
    0.553180577518,0.584066768443,0.614182283639,0.64351924357,
    0.6720740666,0.699847685833,0.726845778495,0.753079006579,
    0.778563267272,0.803319952692,0.827376222367,0.850765302424,
    0.873526850715,0.895707485007,0.917361701976,0.938553702824,
    0.9593612069,0.979882875144,1.),.UNSPECIFIED.);
#723 = CARTESIAN_POINT('',(-0.928376448417,0.300000226827,9.6));
#724 = CARTESIAN_POINT('',(-0.928317121285,0.300071723463,9.599999999919
    ));
#725 = CARTESIAN_POINT('',(-0.928258834274,0.300144805854,9.599999969021
    ));
#726 = CARTESIAN_POINT('',(-0.928194538048,0.300208165507,9.599999908143
    ));
#727 = CARTESIAN_POINT('',(-0.928147337488,0.300304842413,9.599999808701
    ));
#728 = CARTESIAN_POINT('',(-0.928090555436,0.300345883493,9.5999997186)
  );
#729 = CARTESIAN_POINT('',(-0.927631288372,0.300901235941,9.599998524592
    ));
#730 = CARTESIAN_POINT('',(-0.927241701751,0.301372469965,9.599996179044
    ));
#731 = CARTESIAN_POINT('',(-0.926852237201,0.301843696406,9.599992501118
    ));
#732 = CARTESIAN_POINT('',(-0.926462898479,0.302314910556,9.599987490847
    ));
#733 = CARTESIAN_POINT('',(-0.926073689332,0.302786107706,9.599981148284
    ));
#734 = CARTESIAN_POINT('',(-0.924391223215,0.304823594086,9.599947960532
    ));
#735 = CARTESIAN_POINT('',(-0.923098024434,0.306391217291,9.599907700328
    ));
#736 = CARTESIAN_POINT('',(-0.92180506298,0.307960096414,9.599852639138)
  );
#737 = CARTESIAN_POINT('',(-0.920512385398,0.309530173862,9.599782718414
    ));
#738 = CARTESIAN_POINT('',(-0.91922003895,0.311101390799,9.599697874814)
  );
#739 = CARTESIAN_POINT('',(-0.916644362015,0.314235934011,9.599498843701
    ));
#740 = CARTESIAN_POINT('',(-0.915361026774,0.315799246433,9.599384847173
    ));
#741 = CARTESIAN_POINT('',(-0.914078112948,0.317363565491,9.599255983803
    ));
#742 = CARTESIAN_POINT('',(-0.912795668569,0.318928830694,9.599112181917
    ));
#743 = CARTESIAN_POINT('',(-0.911513742637,0.320494979983,9.598953364977
    ));
#744 = CARTESIAN_POINT('',(-0.908961028969,0.323616688843,9.598606895644
    ));
#745 = CARTESIAN_POINT('',(-0.907690232477,0.325172235551,9.598419477947
    ));
#746 = CARTESIAN_POINT('',(-0.906420044453,0.326728527719,9.598217119012
    ));
#747 = CARTESIAN_POINT('',(-0.905150514937,0.328285501306,9.597999734389
    ));
#748 = CARTESIAN_POINT('',(-0.903881695204,0.329843090359,9.597767234666
    ));
#749 = CARTESIAN_POINT('',(-0.901357241307,0.33294503515,9.597274094191)
  );
#750 = CARTESIAN_POINT('',(-0.900101593277,0.334489380744,9.597013731826
    ));
#751 = CARTESIAN_POINT('',(-0.89884674474,0.336034197814,9.596738346594)
  );
#752 = CARTESIAN_POINT('',(-0.897592748273,0.337579418099,9.596447841622
    ));
#753 = CARTESIAN_POINT('',(-0.896339657969,0.339124971069,9.596142114939
    ));
#754 = CARTESIAN_POINT('',(-0.893848629117,0.34220026589,9.595503395838)
  );
#755 = CARTESIAN_POINT('',(-0.892610670456,0.343730002149,9.595170725525
    ));
#756 = CARTESIAN_POINT('',(-0.891373707292,0.345259922196,9.594822944846
    ));
#757 = CARTESIAN_POINT('',(-0.890137795279,0.346789952871,9.594459944853
    ));
#758 = CARTESIAN_POINT('',(-0.88890299188,0.348320018353,9.594081611341)
  );
#759 = CARTESIAN_POINT('',(-0.886450415841,0.351361836432,9.593298729126
    ));
#760 = CARTESIAN_POINT('',(-0.885232615656,0.352873589916,9.592894546304
    ));
#761 = CARTESIAN_POINT('',(-0.884016012966,0.354385224922,9.59247516116)
  );
#762 = CARTESIAN_POINT('',(-0.882800667056,0.35589666268,9.592040453036)
  );
#763 = CARTESIAN_POINT('',(-0.881586639333,0.357407821336,9.591590295844
    ));
#764 = CARTESIAN_POINT('',(-0.879177400719,0.360409410195,9.590664985862
    ));
#765 = CARTESIAN_POINT('',(-0.87798215361,0.361899849806,9.590190242782)
  );
#766 = CARTESIAN_POINT('',(-0.876788313025,0.363389853209,9.589700202467
    ));
#767 = CARTESIAN_POINT('',(-0.875595942448,0.364879335285,9.589194732943
    ));
#768 = CARTESIAN_POINT('',(-0.874405107833,0.366368207374,9.58867369662)
  );
#769 = CARTESIAN_POINT('',(-0.872043943036,0.369322903837,9.587608010174
    ));
#770 = CARTESIAN_POINT('',(-0.870873566667,0.3707887483,9.587063813602)
  );
#771 = CARTESIAN_POINT('',(-0.869704813937,0.37225382246,9.586504223529)
  );
#772 = CARTESIAN_POINT('',(-0.868537753131,0.373718034077,9.585929097108
    ));
#773 = CARTESIAN_POINT('',(-0.867372455366,0.375181286868,9.585338285685
    ));
#774 = CARTESIAN_POINT('',(-0.865063948046,0.378082531865,9.584134585438
    ));
#775 = CARTESIAN_POINT('',(-0.863920680959,0.379520557119,9.583522193945
    ));
#776 = CARTESIAN_POINT('',(-0.862779263807,0.380957460683,9.582894313086
    ));
#777 = CARTESIAN_POINT('',(-0.861639770295,0.382393142379,9.582250789642
    ));
#778 = CARTESIAN_POINT('',(-0.860502277365,0.383827497448,9.581591464415
    ));
#779 = CARTESIAN_POINT('',(-0.858250854424,0.386668850584,9.580252419105
    ));
#780 = CARTESIAN_POINT('',(-0.85713685409,0.388075897066,9.579573239948)
  );
#781 = CARTESIAN_POINT('',(-0.856024940296,0.389481452204,9.578878477893
    ));
#782 = CARTESIAN_POINT('',(-0.854915192819,0.390885407037,9.578167969949
    ));
#783 = CARTESIAN_POINT('',(-0.853807695109,0.392287647424,9.577441546988
    ));
#784 = CARTESIAN_POINT('',(-0.851617623135,0.395062801279,9.575970125448
    ));
#785 = CARTESIAN_POINT('',(-0.850534964219,0.396435781061,9.575225711027
    ));
#786 = CARTESIAN_POINT('',(-0.849454639925,0.397806880572,9.574465624683
    ));
#787 = CARTESIAN_POINT('',(-0.848376736783,0.39917598117,9.573689694363)
  );
#788 = CARTESIAN_POINT('',(-0.847301345469,0.400542958393,9.572897741771
    ));
#789 = CARTESIAN_POINT('',(-0.845176727585,0.403245752528,9.571297206275
    ));
#790 = CARTESIAN_POINT('',(-0.844127400419,0.404581656305,9.570489250162
    ));
#791 = CARTESIAN_POINT('',(-0.843080668638,0.405915270552,9.569665540074
    ));
#792 = CARTESIAN_POINT('',(-0.842036626233,0.407246466016,9.568825895764
    ));
#793 = CARTESIAN_POINT('',(-0.840995371852,0.40857510693,9.56797013069)
  );
#794 = CARTESIAN_POINT('',(-0.838940144954,0.411199541551,9.56624402964)
  );
#795 = CARTESIAN_POINT('',(-0.837926054199,0.412495445437,9.565374362169
    ));
#796 = CARTESIAN_POINT('',(-0.836914833509,0.413788629107,9.564488868479
    ));
#797 = CARTESIAN_POINT('',(-0.835906585066,0.415078951737,9.563587361183
    ));
#798 = CARTESIAN_POINT('',(-0.83490141626,0.416366265236,9.562669646637)
  );
#799 = CARTESIAN_POINT('',(-0.832919348601,0.418906514497,9.560821806604
    ));
#800 = CARTESIAN_POINT('',(-0.831942312097,0.42015958661,9.559892390017)
  );
#801 = CARTESIAN_POINT('',(-0.830968435507,0.421409485273,9.558947088053
    ));
#802 = CARTESIAN_POINT('',(-0.829997829952,0.422656057106,9.557985707479
    ));
#803 = CARTESIAN_POINT('',(-0.829030612348,0.423899140668,9.557008048953
    ));
#804 = CARTESIAN_POINT('',(-0.82712530143,0.426349565577,9.555042566093)
  );
#805 = CARTESIAN_POINT('',(-0.826187049232,0.427557072367,9.554055489222
    ));
#806 = CARTESIAN_POINT('',(-0.825252263216,0.428760928807,9.553052484725
    ));
#807 = CARTESIAN_POINT('',(-0.824321064195,0.429960967973,9.552033355104
    ));
#808 = CARTESIAN_POINT('',(-0.823393579393,0.431157014045,9.550997897044
    ));
#809 = CARTESIAN_POINT('',(-0.821568450151,0.433512174939,9.548919127907
    ));
#810 = CARTESIAN_POINT('',(-0.820670623749,0.434671487237,9.547876600401
    ));
#811 = CARTESIAN_POINT('',(-0.819776587435,0.435826647532,9.546818124394
    ));
#812 = CARTESIAN_POINT('',(-0.818886472451,0.436977474396,9.545743500045
    ));
#813 = CARTESIAN_POINT('',(-0.81800041709,0.438123776634,9.544652522185)
  );
#814 = CARTESIAN_POINT('',(-0.816258720333,0.4403784452,9.542465073946)
  );
#815 = CARTESIAN_POINT('',(-0.81540287207,0.441487043923,9.541369420024)
  );
#816 = CARTESIAN_POINT('',(-0.814551156582,0.442590963255,9.540257823323
    ));
#817 = CARTESIAN_POINT('',(-0.813703716237,0.443690006353,9.539130084001
    ));
#818 = CARTESIAN_POINT('',(-0.812860701103,0.444783965737,9.537985997594
    ));
#819 = CARTESIAN_POINT('',(-0.811205512184,0.446933136534,9.535694717721
    ));
#820 = CARTESIAN_POINT('',(-0.810393104886,0.447988618014,9.534548369465
    ));
#821 = CARTESIAN_POINT('',(-0.809585192836,0.449038866165,9.533386116855
    ));
#822 = CARTESIAN_POINT('',(-0.808781930153,0.45008366793,9.532207762864)
  );
#823 = CARTESIAN_POINT('',(-0.807983479287,0.451122798759,9.531013106829
    ));
#824 = CARTESIAN_POINT('',(-0.806417696991,0.45316170023,9.52862307223)
  );
#825 = CARTESIAN_POINT('',(-0.805650103826,0.454161781097,9.52742856242)
  );
#826 = CARTESIAN_POINT('',(-0.804887388965,0.455156047609,9.5262182265)
  );
#827 = CARTESIAN_POINT('',(-0.804129718773,0.456144269873,9.524991873624
    ));
#828 = CARTESIAN_POINT('',(-0.803377268542,0.4571262057,9.523749310622)
  );
#829 = CARTESIAN_POINT('',(-0.801903614159,0.459050310633,9.521265816294
    ));
#830 = CARTESIAN_POINT('',(-0.801182118765,0.459992832185,9.520025770822
    ));
#831 = CARTESIAN_POINT('',(-0.800465905787,0.460928931154,9.518770025546
    ));
#832 = CARTESIAN_POINT('',(-0.799755154149,0.461858360439,9.517498399786
    ));
#833 = CARTESIAN_POINT('',(-0.79905005222,0.46278085996,9.516210712224)
  );
#834 = CARTESIAN_POINT('',(-0.797671068793,0.464585895382,9.513639259444
    ));
#835 = CARTESIAN_POINT('',(-0.796996865695,0.465468827377,9.512356389347
    ));
#836 = CARTESIAN_POINT('',(-0.796328370211,0.46634470183,9.511058003298)
  );
#837 = CARTESIAN_POINT('',(-0.795665773871,0.467213254436,9.509743935441
    ));
#838 = CARTESIAN_POINT('',(-0.795009278044,0.468074207391,9.50841402139)
  );
#839 = CARTESIAN_POINT('',(-0.793727329765,0.469756163871,9.505760305482
    ));
#840 = CARTESIAN_POINT('',(-0.793101525131,0.470577607662,9.504437398664
    ));
#841 = CARTESIAN_POINT('',(-0.792481873816,0.471391333505,9.503099228099
    ));
#842 = CARTESIAN_POINT('',(-0.791868579644,0.472197060386,9.50174564813)
  );
#843 = CARTESIAN_POINT('',(-0.79126185649,0.472994493527,9.500376517119)
  );
#844 = CARTESIAN_POINT('',(-0.790079128221,0.474549633881,9.497646414823
    ));
#845 = CARTESIAN_POINT('',(-0.789502740983,0.475307824831,9.496286327566
    ));
#846 = CARTESIAN_POINT('',(-0.7889329719,0.476057614327,9.494911309287)
  );
#847 = CARTESIAN_POINT('',(-0.78837003631,0.476798705784,9.493521240631)
  );
#848 = CARTESIAN_POINT('',(-0.787814159558,0.477530788949,9.492116009263
    ));
#849 = CARTESIAN_POINT('',(-0.78673265645,0.478955656334,9.489315565717)
  );
#850 = CARTESIAN_POINT('',(-0.786206619805,0.47964896547,9.487921214067)
  );
#851 = CARTESIAN_POINT('',(-0.785687682906,0.480333170233,9.486512358177
    ));
#852 = CARTESIAN_POINT('',(-0.785176071227,0.481007960429,9.485088911783
    ));
#853 = CARTESIAN_POINT('',(-0.784672019869,0.481673012754,9.483650799098
    ));
#854 = CARTESIAN_POINT('',(-0.783693567039,0.482964438192,9.480786214377
    ));
#855 = CARTESIAN_POINT('',(-0.783218730336,0.483591373078,9.479360565476
    ));
#856 = CARTESIAN_POINT('',(-0.782751488123,0.484208486592,9.477920948025
    ));
#857 = CARTESIAN_POINT('',(-0.782292073901,0.484815457893,9.476467316281
    ));
#858 = CARTESIAN_POINT('',(-0.781840730005,0.485411954154,9.474999638849
    ));
#859 = CARTESIAN_POINT('',(-0.780966972208,0.486567063502,9.472077253883
    ));
#860 = CARTESIAN_POINT('',(-0.780544103156,0.487126268404,9.470623317114
    ));
#861 = CARTESIAN_POINT('',(-0.780129331466,0.487674928097,9.469156072575
    ));
#862 = CARTESIAN_POINT('',(-0.7797228957,0.488212715229,9.467675523054)
  );
#863 = CARTESIAN_POINT('',(-0.779325041957,0.488739292269,9.466181689908
    ));
#864 = CARTESIAN_POINT('',(-0.778557443193,0.489755512717,9.463207971288
    ));
#865 = CARTESIAN_POINT('',(-0.778187230284,0.490245768182,9.461728788657
    ));
#866 = CARTESIAN_POINT('',(-0.777825619149,0.490724757107,9.46023710192)
  );
#867 = CARTESIAN_POINT('',(-0.777472849465,0.491192151102,9.458732970992
    ));
#868 = CARTESIAN_POINT('',(-0.777129166583,0.491647614175,9.457216478958
    ));
#869 = CARTESIAN_POINT('',(-0.776469009534,0.492522680363,9.454198001451
    ));
#870 = CARTESIAN_POINT('',(-0.776152064514,0.492942902442,9.45269663549)
  );
#871 = CARTESIAN_POINT('',(-0.775844219045,0.493351150638,9.451183732462
    ));
#872 = CARTESIAN_POINT('',(-0.775545708883,0.493747102463,9.449659418962
    ));
#873 = CARTESIAN_POINT('',(-0.775256772961,0.494130431273,9.448123849917
    ));
#874 = CARTESIAN_POINT('',(-0.774705158216,0.49486239109,9.445067273988)
  );
#875 = CARTESIAN_POINT('',(-0.774442018478,0.495211630362,9.443546788848
    ));
#876 = CARTESIAN_POINT('',(-0.774188459795,0.495548215831,9.44201592348)
  );
#877 = CARTESIAN_POINT('',(-0.773944707735,0.495871839516,9.440474882925
    ));
#878 = CARTESIAN_POINT('',(-0.773710987812,0.496182193718,9.438923906951
    ));
#879 = CARTESIAN_POINT('',(-0.773268833041,0.496769413508,9.435835945435
    ));
#880 = CARTESIAN_POINT('',(-0.773059964222,0.497046853536,9.434299371282
    ));
#881 = CARTESIAN_POINT('',(-0.772861130814,0.497311002346,9.432753804306
    ));
#882 = CARTESIAN_POINT('',(-0.772672540315,0.497561577231,9.431199545222
    ));
#883 = CARTESIAN_POINT('',(-0.772494395945,0.497798301533,9.429636938739
    ));
#884 = CARTESIAN_POINT('',(-0.77216243636,0.498239468953,9.426524303917)
  );
#885 = CARTESIAN_POINT('',(-0.77200823722,0.498444421404,9.424974566562)
  );
#886 = CARTESIAN_POINT('',(-0.77186448825,0.498635504885,9.423417528893)
  );
#887 = CARTESIAN_POINT('',(-0.771731368177,0.498812476482,9.421853616471
    ));
#888 = CARTESIAN_POINT('',(-0.771609045428,0.498975107479,9.420283313023
    ));
#889 = CARTESIAN_POINT('',(-0.771387840699,0.499269225084,9.417152659706
    ));
#890 = CARTESIAN_POINT('',(-0.771288657885,0.499401111407,9.415592473072
    ));
#891 = CARTESIAN_POINT('',(-0.771200282424,0.499518635144,9.414027125142
    ));
#892 = CARTESIAN_POINT('',(-0.771122847448,0.499621615812,9.412457210569
    ));
#893 = CARTESIAN_POINT('',(-0.771056466489,0.499709899623,9.410883394063
    ));
#894 = CARTESIAN_POINT('',(-0.770947089265,0.499855371227,9.407760513766
    ));
#895 = CARTESIAN_POINT('',(-0.770903655646,0.499913140612,9.406211565047
    ));
#896 = CARTESIAN_POINT('',(-0.770871020544,0.499956548663,9.404660273789
    ));
#897 = CARTESIAN_POINT('',(-0.770849243074,0.499985515402,9.403107386859
    ));
#898 = CARTESIAN_POINT('',(-0.770838353538,0.499999999845,9.401553688434
    ));
#899 = CARTESIAN_POINT('',(-0.770838353421,0.5,9.4));
#900 = TOROIDAL_SURFACE('',#901,1.6,0.2);
#901 = AXIS2_PLACEMENT_3D('',#902,#903,#904);
#902 = CARTESIAN_POINT('',(-2.5,0.,9.4));
#903 = DIRECTION('',(-0.,-0.,-1.));
#904 = DIRECTION('',(0.960645359211,0.277777777778,0.));
#905 = ADVANCED_FACE('',(#906),#925,.T.);
#906 = FACE_BOUND('',#907,.T.);
#907 = EDGE_LOOP('',(#908,#917,#923,#924));
#908 = ORIENTED_EDGE('',*,*,#909,.T.);
#909 = EDGE_CURVE('',#659,#910,#912,.T.);
#910 = VERTEX_POINT('',#911);
#911 = CARTESIAN_POINT('',(0.,0.5,9.4));
#912 = CIRCLE('',#913,0.2);
#913 = AXIS2_PLACEMENT_3D('',#914,#915,#916);
#914 = CARTESIAN_POINT('',(0.,0.3,9.4));
#915 = DIRECTION('',(-1.,0.,0.));
#916 = DIRECTION('',(0.,0.,1.));
#917 = ORIENTED_EDGE('',*,*,#918,.T.);
#918 = EDGE_CURVE('',#910,#703,#919,.T.);
#919 = LINE('',#920,#921);
#920 = CARTESIAN_POINT('',(0.,0.5,9.4));
#921 = VECTOR('',#922,1.);
#922 = DIRECTION('',(-1.,0.,0.));
#923 = ORIENTED_EDGE('',*,*,#721,.F.);
#924 = ORIENTED_EDGE('',*,*,#666,.F.);
#925 = CYLINDRICAL_SURFACE('',#926,0.2);
#926 = AXIS2_PLACEMENT_3D('',#927,#928,#929);
#927 = CARTESIAN_POINT('',(0.,0.3,9.4));
#928 = DIRECTION('',(-1.,0.,0.));
#929 = DIRECTION('',(0.,0.,1.));
#930 = ADVANCED_FACE('',(#931),#950,.T.);
#931 = FACE_BOUND('',#932,.T.);
#932 = EDGE_LOOP('',(#933,#934,#942,#949));
#933 = ORIENTED_EDGE('',*,*,#713,.T.);
#934 = ORIENTED_EDGE('',*,*,#935,.T.);
#935 = EDGE_CURVE('',#705,#936,#938,.T.);
#936 = VERTEX_POINT('',#937);
#937 = CARTESIAN_POINT('',(-3.292893218813,1.8,9.4));
#938 = LINE('',#939,#940);
#939 = CARTESIAN_POINT('',(-2.5,1.8,9.4));
#940 = VECTOR('',#941,1.);
#941 = DIRECTION('',(-1.,0.,0.));
#942 = ORIENTED_EDGE('',*,*,#943,.F.);
#943 = EDGE_CURVE('',#498,#936,#944,.T.);
#944 = CIRCLE('',#945,0.2);
#945 = AXIS2_PLACEMENT_3D('',#946,#947,#948);
#946 = CARTESIAN_POINT('',(-3.292893218813,1.6,9.4));
#947 = DIRECTION('',(-1.,0.,0.));
#948 = DIRECTION('',(0.,0.,1.));
#949 = ORIENTED_EDGE('',*,*,#497,.F.);
#950 = CYLINDRICAL_SURFACE('',#951,0.2);
#951 = AXIS2_PLACEMENT_3D('',#952,#953,#954);
#952 = CARTESIAN_POINT('',(-2.5,1.6,9.4));
#953 = DIRECTION('',(-1.,0.,0.));
#954 = DIRECTION('',(0.,0.,1.));
#955 = ADVANCED_FACE('',(#956),#1148,.T.);
#956 = FACE_BOUND('',#957,.T.);
#957 = EDGE_LOOP('',(#958,#1140,#1146,#1147));
#958 = ORIENTED_EDGE('',*,*,#959,.T.);
#959 = EDGE_CURVE('',#650,#960,#962,.T.);
#960 = VERTEX_POINT('',#961);
#961 = CARTESIAN_POINT('',(0.770838353421,0.5,9.4));
#962 = B_SPLINE_CURVE_WITH_KNOTS('',6,(#963,#964,#965,#966,#967,#968,
    #969,#970,#971,#972,#973,#974,#975,#976,#977,#978,#979,#980,#981,
    #982,#983,#984,#985,#986,#987,#988,#989,#990,#991,#992,#993,#994,
    #995,#996,#997,#998,#999,#1000,#1001,#1002,#1003,#1004,#1005,#1006,
    #1007,#1008,#1009,#1010,#1011,#1012,#1013,#1014,#1015,#1016,#1017,
    #1018,#1019,#1020,#1021,#1022,#1023,#1024,#1025,#1026,#1027,#1028,
    #1029,#1030,#1031,#1032,#1033,#1034,#1035,#1036,#1037,#1038,#1039,
    #1040,#1041,#1042,#1043,#1044,#1045,#1046,#1047,#1048,#1049,#1050,
    #1051,#1052,#1053,#1054,#1055,#1056,#1057,#1058,#1059,#1060,#1061,
    #1062,#1063,#1064,#1065,#1066,#1067,#1068,#1069,#1070,#1071,#1072,
    #1073,#1074,#1075,#1076,#1077,#1078,#1079,#1080,#1081,#1082,#1083,
    #1084,#1085,#1086,#1087,#1088,#1089,#1090,#1091,#1092,#1093,#1094,
    #1095,#1096,#1097,#1098,#1099,#1100,#1101,#1102,#1103,#1104,#1105,
    #1106,#1107,#1108,#1109,#1110,#1111,#1112,#1113,#1114,#1115,#1116,
    #1117,#1118,#1119,#1120,#1121,#1122,#1123,#1124,#1125,#1126,#1127,
    #1128,#1129,#1130,#1131,#1132,#1133,#1134,#1135,#1136,#1137,#1138,
    #1139),.UNSPECIFIED.,.F.,.F.,(7,5,5,5,5,5,5,5,5,5,5,5,5,5,5,5,5,5,5,
    5,5,5,5,5,5,5,5,5,5,5,5,5,5,5,5,7),(0.,2.099968952078E-03,
    1.386357448122E-02,5.296888954798E-02,9.182425918747E-02,
    0.130376351839,0.168573921846,0.206367950192,0.243711778349,
    0.280561237135,0.31687477244,0.352613569698,0.387741678935,
    0.422226142225,0.456037125368,0.489148055548,0.52153576668,
    0.553180654047,0.584066839682,0.614182349721,0.643519304627,
    0.672074122766,0.699847737242,0.72684582528,0.75307904887,
    0.778563305199,0.803319986379,0.827376251934,0.850765327984,
    0.873526872377,0.89570750287,0.91736171613,0.938553713348,
    0.95936121386,0.97988287859,1.),.UNSPECIFIED.);
#963 = CARTESIAN_POINT('',(0.928376448417,0.300000226827,9.6));
#964 = CARTESIAN_POINT('',(0.928317121285,0.300071723463,9.599999999919)
  );
#965 = CARTESIAN_POINT('',(0.92825883426,0.30014480587,9.599999969021));
#966 = CARTESIAN_POINT('',(0.928194538228,0.30020816529,9.599999908144)
  );
#967 = CARTESIAN_POINT('',(0.928147336096,0.300304844095,9.599999808696)
  );
#968 = CARTESIAN_POINT('',(0.92809056111,0.300345876632,9.599999718615)
  );
#969 = CARTESIAN_POINT('',(0.927631288372,0.300901235941,9.599998524592)
  );
#970 = CARTESIAN_POINT('',(0.927241701751,0.301372469965,9.599996179044)
  );
#971 = CARTESIAN_POINT('',(0.926852237201,0.301843696406,9.599992501118)
  );
#972 = CARTESIAN_POINT('',(0.926462898479,0.302314910556,9.599987490847)
  );
#973 = CARTESIAN_POINT('',(0.926073689332,0.302786107706,9.599981148284)
  );
#974 = CARTESIAN_POINT('',(0.924391223215,0.304823594086,9.599947960532)
  );
#975 = CARTESIAN_POINT('',(0.923098024434,0.306391217291,9.599907700328)
  );
#976 = CARTESIAN_POINT('',(0.92180506298,0.307960096414,9.599852639138)
  );
#977 = CARTESIAN_POINT('',(0.920512385398,0.309530173862,9.599782718414)
  );
#978 = CARTESIAN_POINT('',(0.91922003895,0.311101390799,9.599697874814)
  );
#979 = CARTESIAN_POINT('',(0.916644362015,0.314235934011,9.599498843701)
  );
#980 = CARTESIAN_POINT('',(0.915361026774,0.315799246433,9.599384847173)
  );
#981 = CARTESIAN_POINT('',(0.914078112948,0.317363565491,9.599255983803)
  );
#982 = CARTESIAN_POINT('',(0.912795668569,0.318928830694,9.599112181917)
  );
#983 = CARTESIAN_POINT('',(0.911513742637,0.320494979983,9.598953364977)
  );
#984 = CARTESIAN_POINT('',(0.908961028969,0.323616688843,9.598606895644)
  );
#985 = CARTESIAN_POINT('',(0.907690232477,0.325172235551,9.598419477947)
  );
#986 = CARTESIAN_POINT('',(0.906420044453,0.326728527719,9.598217119012)
  );
#987 = CARTESIAN_POINT('',(0.905150514937,0.328285501306,9.597999734389)
  );
#988 = CARTESIAN_POINT('',(0.903881695204,0.329843090359,9.597767234666)
  );
#989 = CARTESIAN_POINT('',(0.901357241307,0.33294503515,9.597274094191)
  );
#990 = CARTESIAN_POINT('',(0.900101593277,0.334489380744,9.597013731826)
  );
#991 = CARTESIAN_POINT('',(0.89884674474,0.336034197814,9.596738346594)
  );
#992 = CARTESIAN_POINT('',(0.897592748273,0.337579418099,9.596447841622)
  );
#993 = CARTESIAN_POINT('',(0.896339657969,0.339124971069,9.596142114939)
  );
#994 = CARTESIAN_POINT('',(0.893848629117,0.34220026589,9.595503395838)
  );
#995 = CARTESIAN_POINT('',(0.892610670456,0.343730002149,9.595170725525)
  );
#996 = CARTESIAN_POINT('',(0.891373707292,0.345259922196,9.594822944846)
  );
#997 = CARTESIAN_POINT('',(0.890137795279,0.346789952871,9.594459944853)
  );
#998 = CARTESIAN_POINT('',(0.88890299188,0.348320018353,9.594081611341)
  );
#999 = CARTESIAN_POINT('',(0.886450415841,0.351361836432,9.593298729126)
  );
#1000 = CARTESIAN_POINT('',(0.885232615656,0.352873589916,9.592894546304
    ));
#1001 = CARTESIAN_POINT('',(0.884016012966,0.354385224922,9.59247516116)
  );
#1002 = CARTESIAN_POINT('',(0.882800667056,0.35589666268,9.592040453036)
  );
#1003 = CARTESIAN_POINT('',(0.881586639333,0.357407821336,9.591590295844
    ));
#1004 = CARTESIAN_POINT('',(0.879177400719,0.360409410195,9.590664985862
    ));
#1005 = CARTESIAN_POINT('',(0.87798215361,0.361899849806,9.590190242782)
  );
#1006 = CARTESIAN_POINT('',(0.876788313025,0.363389853209,9.589700202467
    ));
#1007 = CARTESIAN_POINT('',(0.875595942448,0.364879335285,9.589194732943
    ));
#1008 = CARTESIAN_POINT('',(0.874405107833,0.366368207374,9.58867369662)
  );
#1009 = CARTESIAN_POINT('',(0.872043943036,0.369322903837,9.587608010174
    ));
#1010 = CARTESIAN_POINT('',(0.870873566667,0.3707887483,9.587063813602)
  );
#1011 = CARTESIAN_POINT('',(0.869704813937,0.37225382246,9.586504223529)
  );
#1012 = CARTESIAN_POINT('',(0.868537753131,0.373718034077,9.585929097108
    ));
#1013 = CARTESIAN_POINT('',(0.867372455366,0.375181286868,9.585338285685
    ));
#1014 = CARTESIAN_POINT('',(0.865063948046,0.378082531865,9.584134585438
    ));
#1015 = CARTESIAN_POINT('',(0.863920680959,0.379520557119,9.583522193945
    ));
#1016 = CARTESIAN_POINT('',(0.862779263807,0.380957460683,9.582894313086
    ));
#1017 = CARTESIAN_POINT('',(0.861639770295,0.382393142379,9.582250789642
    ));
#1018 = CARTESIAN_POINT('',(0.860502277365,0.383827497448,9.581591464415
    ));
#1019 = CARTESIAN_POINT('',(0.858250854424,0.386668850584,9.580252419105
    ));
#1020 = CARTESIAN_POINT('',(0.85713685409,0.388075897066,9.579573239948)
  );
#1021 = CARTESIAN_POINT('',(0.856024940296,0.389481452204,9.578878477893
    ));
#1022 = CARTESIAN_POINT('',(0.854915192819,0.390885407037,9.578167969949
    ));
#1023 = CARTESIAN_POINT('',(0.853807695109,0.392287647424,9.577441546988
    ));
#1024 = CARTESIAN_POINT('',(0.851617623135,0.395062801279,9.575970125448
    ));
#1025 = CARTESIAN_POINT('',(0.850534964219,0.396435781061,9.575225711027
    ));
#1026 = CARTESIAN_POINT('',(0.849454639925,0.397806880572,9.574465624683
    ));
#1027 = CARTESIAN_POINT('',(0.848376736783,0.39917598117,9.573689694363)
  );
#1028 = CARTESIAN_POINT('',(0.847301345469,0.400542958393,9.572897741771
    ));
#1029 = CARTESIAN_POINT('',(0.845176727585,0.403245752528,9.571297206275
    ));
#1030 = CARTESIAN_POINT('',(0.844127400419,0.404581656305,9.570489250162
    ));
#1031 = CARTESIAN_POINT('',(0.843080668638,0.405915270552,9.569665540074
    ));
#1032 = CARTESIAN_POINT('',(0.842036626233,0.407246466016,9.568825895764
    ));
#1033 = CARTESIAN_POINT('',(0.840995371852,0.40857510693,9.56797013069)
  );
#1034 = CARTESIAN_POINT('',(0.838940144954,0.411199541551,9.56624402964)
  );
#1035 = CARTESIAN_POINT('',(0.837926054199,0.412495445437,9.565374362169
    ));
#1036 = CARTESIAN_POINT('',(0.836914833509,0.413788629107,9.564488868479
    ));
#1037 = CARTESIAN_POINT('',(0.835906585066,0.415078951737,9.563587361183
    ));
#1038 = CARTESIAN_POINT('',(0.83490141626,0.416366265236,9.562669646637)
  );
#1039 = CARTESIAN_POINT('',(0.832919348601,0.418906514497,9.560821806604
    ));
#1040 = CARTESIAN_POINT('',(0.831942312097,0.42015958661,9.559892390017)
  );
#1041 = CARTESIAN_POINT('',(0.830968435507,0.421409485273,9.558947088053
    ));
#1042 = CARTESIAN_POINT('',(0.829997829952,0.422656057106,9.557985707479
    ));
#1043 = CARTESIAN_POINT('',(0.829030612348,0.423899140668,9.557008048953
    ));
#1044 = CARTESIAN_POINT('',(0.82712530143,0.426349565577,9.555042566093)
  );
#1045 = CARTESIAN_POINT('',(0.826187049232,0.427557072367,9.554055489222
    ));
#1046 = CARTESIAN_POINT('',(0.825252263216,0.428760928807,9.553052484725
    ));
#1047 = CARTESIAN_POINT('',(0.824321064195,0.429960967973,9.552033355104
    ));
#1048 = CARTESIAN_POINT('',(0.823393579393,0.431157014045,9.550997897044
    ));
#1049 = CARTESIAN_POINT('',(0.821568450151,0.433512174939,9.548919127907
    ));
#1050 = CARTESIAN_POINT('',(0.820670623749,0.434671487237,9.547876600401
    ));
#1051 = CARTESIAN_POINT('',(0.819776587435,0.435826647532,9.546818124394
    ));
#1052 = CARTESIAN_POINT('',(0.818886472451,0.436977474396,9.545743500045
    ));
#1053 = CARTESIAN_POINT('',(0.81800041709,0.438123776634,9.544652522185)
  );
#1054 = CARTESIAN_POINT('',(0.816258720333,0.4403784452,9.542465073946)
  );
#1055 = CARTESIAN_POINT('',(0.81540287207,0.441487043923,9.541369420024)
  );
#1056 = CARTESIAN_POINT('',(0.814551156582,0.442590963255,9.540257823323
    ));
#1057 = CARTESIAN_POINT('',(0.813703716237,0.443690006353,9.539130084001
    ));
#1058 = CARTESIAN_POINT('',(0.812860701103,0.444783965737,9.537985997594
    ));
#1059 = CARTESIAN_POINT('',(0.811205512184,0.446933136534,9.535694717721
    ));
#1060 = CARTESIAN_POINT('',(0.810393104886,0.447988618014,9.534548369465
    ));
#1061 = CARTESIAN_POINT('',(0.809585192836,0.449038866165,9.533386116855
    ));
#1062 = CARTESIAN_POINT('',(0.808781930153,0.45008366793,9.532207762864)
  );
#1063 = CARTESIAN_POINT('',(0.807983479287,0.451122798759,9.531013106829
    ));
#1064 = CARTESIAN_POINT('',(0.806417696991,0.45316170023,9.52862307223)
  );
#1065 = CARTESIAN_POINT('',(0.805650103826,0.454161781097,9.52742856242)
  );
#1066 = CARTESIAN_POINT('',(0.804887388965,0.455156047609,9.5262182265)
  );
#1067 = CARTESIAN_POINT('',(0.804129718773,0.456144269873,9.524991873624
    ));
#1068 = CARTESIAN_POINT('',(0.803377268542,0.4571262057,9.523749310622)
  );
#1069 = CARTESIAN_POINT('',(0.801903614159,0.459050310633,9.521265816294
    ));
#1070 = CARTESIAN_POINT('',(0.801182118765,0.459992832185,9.520025770822
    ));
#1071 = CARTESIAN_POINT('',(0.800465905787,0.460928931154,9.518770025546
    ));
#1072 = CARTESIAN_POINT('',(0.799755154149,0.461858360439,9.517498399786
    ));
#1073 = CARTESIAN_POINT('',(0.79905005222,0.46278085996,9.516210712224)
  );
#1074 = CARTESIAN_POINT('',(0.797671068793,0.464585895382,9.513639259444
    ));
#1075 = CARTESIAN_POINT('',(0.796996865695,0.465468827377,9.512356389347
    ));
#1076 = CARTESIAN_POINT('',(0.796328370211,0.46634470183,9.511058003298)
  );
#1077 = CARTESIAN_POINT('',(0.795665773871,0.467213254436,9.509743935441
    ));
#1078 = CARTESIAN_POINT('',(0.795009278044,0.468074207391,9.50841402139)
  );
#1079 = CARTESIAN_POINT('',(0.793727329765,0.469756163871,9.505760305482
    ));
#1080 = CARTESIAN_POINT('',(0.793101525131,0.470577607662,9.504437398664
    ));
#1081 = CARTESIAN_POINT('',(0.792481873816,0.471391333505,9.503099228099
    ));
#1082 = CARTESIAN_POINT('',(0.791868579644,0.472197060386,9.50174564813)
  );
#1083 = CARTESIAN_POINT('',(0.79126185649,0.472994493527,9.500376517119)
  );
#1084 = CARTESIAN_POINT('',(0.790079128221,0.474549633881,9.497646414823
    ));
#1085 = CARTESIAN_POINT('',(0.789502740983,0.475307824831,9.496286327566
    ));
#1086 = CARTESIAN_POINT('',(0.7889329719,0.476057614327,9.494911309287)
  );
#1087 = CARTESIAN_POINT('',(0.78837003631,0.476798705784,9.493521240631)
  );
#1088 = CARTESIAN_POINT('',(0.787814159558,0.477530788949,9.492116009263
    ));
#1089 = CARTESIAN_POINT('',(0.78673265645,0.478955656334,9.489315565717)
  );
#1090 = CARTESIAN_POINT('',(0.786206619805,0.47964896547,9.487921214067)
  );
#1091 = CARTESIAN_POINT('',(0.785687682906,0.480333170233,9.486512358177
    ));
#1092 = CARTESIAN_POINT('',(0.785176071227,0.481007960429,9.485088911783
    ));
#1093 = CARTESIAN_POINT('',(0.784672019869,0.481673012754,9.483650799098
    ));
#1094 = CARTESIAN_POINT('',(0.783693567039,0.482964438192,9.480786214377
    ));
#1095 = CARTESIAN_POINT('',(0.783218730336,0.483591373078,9.479360565476
    ));
#1096 = CARTESIAN_POINT('',(0.782751488123,0.484208486592,9.477920948025
    ));
#1097 = CARTESIAN_POINT('',(0.782292073901,0.484815457893,9.476467316281
    ));
#1098 = CARTESIAN_POINT('',(0.781840730005,0.485411954154,9.474999638849
    ));
#1099 = CARTESIAN_POINT('',(0.780966972208,0.486567063502,9.472077253883
    ));
#1100 = CARTESIAN_POINT('',(0.780544103156,0.487126268404,9.470623317114
    ));
#1101 = CARTESIAN_POINT('',(0.780129331466,0.487674928097,9.469156072575
    ));
#1102 = CARTESIAN_POINT('',(0.7797228957,0.488212715229,9.467675523054)
  );
#1103 = CARTESIAN_POINT('',(0.779325041957,0.488739292269,9.466181689908
    ));
#1104 = CARTESIAN_POINT('',(0.778557443193,0.489755512717,9.463207971288
    ));
#1105 = CARTESIAN_POINT('',(0.778187230284,0.490245768182,9.461728788657
    ));
#1106 = CARTESIAN_POINT('',(0.777825619149,0.490724757107,9.46023710192)
  );
#1107 = CARTESIAN_POINT('',(0.777472849465,0.491192151102,9.458732970992
    ));
#1108 = CARTESIAN_POINT('',(0.777129166583,0.491647614175,9.457216478958
    ));
#1109 = CARTESIAN_POINT('',(0.776469009534,0.492522680363,9.454198001451
    ));
#1110 = CARTESIAN_POINT('',(0.776152064514,0.492942902442,9.45269663549)
  );
#1111 = CARTESIAN_POINT('',(0.775844219045,0.493351150638,9.451183732462
    ));
#1112 = CARTESIAN_POINT('',(0.775545708883,0.493747102463,9.449659418962
    ));
#1113 = CARTESIAN_POINT('',(0.775256772961,0.494130431273,9.448123849917
    ));
#1114 = CARTESIAN_POINT('',(0.774705158216,0.49486239109,9.445067273988)
  );
#1115 = CARTESIAN_POINT('',(0.774442018478,0.495211630362,9.443546788848
    ));
#1116 = CARTESIAN_POINT('',(0.774188459795,0.495548215831,9.44201592348)
  );
#1117 = CARTESIAN_POINT('',(0.773944707735,0.495871839516,9.440474882925
    ));
#1118 = CARTESIAN_POINT('',(0.773710987812,0.496182193718,9.438923906951
    ));
#1119 = CARTESIAN_POINT('',(0.773268833041,0.496769413508,9.435835945435
    ));
#1120 = CARTESIAN_POINT('',(0.773059964222,0.497046853536,9.434299371282
    ));
#1121 = CARTESIAN_POINT('',(0.772861130814,0.497311002346,9.432753804306
    ));
#1122 = CARTESIAN_POINT('',(0.772672540315,0.497561577231,9.431199545222
    ));
#1123 = CARTESIAN_POINT('',(0.772494395945,0.497798301533,9.429636938739
    ));
#1124 = CARTESIAN_POINT('',(0.77216243636,0.498239468953,9.426524303917)
  );
#1125 = CARTESIAN_POINT('',(0.77200823722,0.498444421404,9.424974566562)
  );
#1126 = CARTESIAN_POINT('',(0.77186448825,0.498635504885,9.423417528893)
  );
#1127 = CARTESIAN_POINT('',(0.771731368177,0.498812476482,9.421853616471
    ));
#1128 = CARTESIAN_POINT('',(0.771609045428,0.498975107479,9.420283313023
    ));
#1129 = CARTESIAN_POINT('',(0.771387840699,0.499269225084,9.417152659706
    ));
#1130 = CARTESIAN_POINT('',(0.771288657885,0.499401111407,9.415592473072
    ));
#1131 = CARTESIAN_POINT('',(0.771200282424,0.499518635144,9.414027125142
    ));
#1132 = CARTESIAN_POINT('',(0.771122847448,0.499621615812,9.412457210569
    ));
#1133 = CARTESIAN_POINT('',(0.771056466489,0.499709899623,9.410883394063
    ));
#1134 = CARTESIAN_POINT('',(0.770947089265,0.499855371227,9.407760513766
    ));
#1135 = CARTESIAN_POINT('',(0.770903655646,0.499913140612,9.406211565047
    ));
#1136 = CARTESIAN_POINT('',(0.770871020544,0.499956548663,9.404660273789
    ));
#1137 = CARTESIAN_POINT('',(0.770849243074,0.499985515402,9.403107386859
    ));
#1138 = CARTESIAN_POINT('',(0.770838353538,0.499999999845,9.401553688434
    ));
#1139 = CARTESIAN_POINT('',(0.770838353421,0.5,9.4));
#1140 = ORIENTED_EDGE('',*,*,#1141,.T.);
#1141 = EDGE_CURVE('',#960,#910,#1142,.T.);
#1142 = LINE('',#1143,#1144);
#1143 = CARTESIAN_POINT('',(0.770838353421,0.5,9.4));
#1144 = VECTOR('',#1145,1.);
#1145 = DIRECTION('',(-1.,-0.,-0.));
#1146 = ORIENTED_EDGE('',*,*,#909,.F.);
#1147 = ORIENTED_EDGE('',*,*,#658,.F.);
#1148 = CYLINDRICAL_SURFACE('',#1149,0.2);
#1149 = AXIS2_PLACEMENT_3D('',#1150,#1151,#1152);
#1150 = CARTESIAN_POINT('',(0.770838353421,0.3,9.4));
#1151 = DIRECTION('',(-1.,-0.,-0.));
#1152 = DIRECTION('',(0.,0.,1.));
#1153 = ADVANCED_FACE('',(#1154),#1174,.T.);
#1154 = FACE_BOUND('',#1155,.T.);
#1155 = EDGE_LOOP('',(#1156,#1165,#1172,#1173));
#1156 = ORIENTED_EDGE('',*,*,#1157,.T.);
#1157 = EDGE_CURVE('',#936,#1158,#1160,.T.);
#1158 = VERTEX_POINT('',#1159);
#1159 = CARTESIAN_POINT('',(-3.505025253169,1.712132034356,9.4));
#1160 = CIRCLE('',#1161,0.3);
#1161 = AXIS2_PLACEMENT_3D('',#1162,#1163,#1164);
#1162 = CARTESIAN_POINT('',(-3.292893218813,1.5,9.4));
#1163 = DIRECTION('',(0.,-0.,1.));
#1164 = DIRECTION('',(0.,1.,0.));
#1165 = ORIENTED_EDGE('',*,*,#1166,.F.);
#1166 = EDGE_CURVE('',#506,#1158,#1167,.T.);
#1167 = CIRCLE('',#1168,0.2);
#1168 = AXIS2_PLACEMENT_3D('',#1169,#1170,#1171);
#1169 = CARTESIAN_POINT('',(-3.363603896932,1.570710678119,9.4));
#1170 = DIRECTION('',(-0.707106781187,-0.707106781187,-0.));
#1171 = DIRECTION('',(-0.707106781187,0.707106781187,0.));
#1172 = ORIENTED_EDGE('',*,*,#505,.F.);
#1173 = ORIENTED_EDGE('',*,*,#943,.T.);
#1174 = SURFACE_OF_REVOLUTION('',#1175,#1183);
#1175 = B_SPLINE_CURVE_WITH_KNOTS('',6,(#1176,#1177,#1178,#1179,#1180,
    #1181,#1182),.UNSPECIFIED.,.F.,.F.,(7,7),(4.712388980385,
    6.28318530718),.PIECEWISE_BEZIER_KNOTS.);
#1176 = CARTESIAN_POINT('',(-3.292893218813,1.6,9.6));
#1177 = CARTESIAN_POINT('',(-3.292893218813,1.65235987756,9.6));
#1178 = CARTESIAN_POINT('',(-3.292893218813,1.704715300141,
    9.583554462796));
#1179 = CARTESIAN_POINT('',(-3.292893218813,1.750638029928,
    9.550638029928));
#1180 = CARTESIAN_POINT('',(-3.292893218813,1.783554462796,
    9.504715300141));
#1181 = CARTESIAN_POINT('',(-3.292893218813,1.8,9.45235987756));
#1182 = CARTESIAN_POINT('',(-3.292893218813,1.8,9.4));
#1183 = AXIS1_PLACEMENT('',#1184,#1185);
#1184 = CARTESIAN_POINT('',(-3.292893218813,1.5,9.4));
#1185 = DIRECTION('',(-0.,-0.,-1.));
#1186 = ADVANCED_FACE('',(#1187),#1207,.T.);
#1187 = FACE_BOUND('',#1188,.T.);
#1188 = EDGE_LOOP('',(#1189,#1190,#1191,#1200));
#1189 = ORIENTED_EDGE('',*,*,#959,.F.);
#1190 = ORIENTED_EDGE('',*,*,#649,.T.);
#1191 = ORIENTED_EDGE('',*,*,#1192,.T.);
#1192 = EDGE_CURVE('',#642,#1193,#1195,.T.);
#1193 = VERTEX_POINT('',#1194);
#1194 = CARTESIAN_POINT('',(2.5,1.8,9.4));
#1195 = CIRCLE('',#1196,0.2);
#1196 = AXIS2_PLACEMENT_3D('',#1197,#1198,#1199);
#1197 = CARTESIAN_POINT('',(2.5,1.6,9.4));
#1198 = DIRECTION('',(-1.,-4.440892098501E-16,-0.));
#1199 = DIRECTION('',(-4.440892098501E-16,1.,0.));
#1200 = ORIENTED_EDGE('',*,*,#1201,.F.);
#1201 = EDGE_CURVE('',#960,#1193,#1202,.T.);
#1202 = CIRCLE('',#1203,1.8);
#1203 = AXIS2_PLACEMENT_3D('',#1204,#1205,#1206);
#1204 = CARTESIAN_POINT('',(2.5,0.,9.4));
#1205 = DIRECTION('',(0.,0.,-1.));
#1206 = DIRECTION('',(-0.960645359211,0.277777777778,0.));
#1207 = TOROIDAL_SURFACE('',#1208,1.6,0.2);
#1208 = AXIS2_PLACEMENT_3D('',#1209,#1210,#1211);
#1209 = CARTESIAN_POINT('',(2.5,0.,9.4));
#1210 = DIRECTION('',(-0.,-0.,-1.));
#1211 = DIRECTION('',(-0.960645359211,0.277777777778,0.));
#1212 = ADVANCED_FACE('',(#1213),#1232,.T.);
#1213 = FACE_BOUND('',#1214,.T.);
#1214 = EDGE_LOOP('',(#1215,#1216,#1224,#1231));
#1215 = ORIENTED_EDGE('',*,*,#1166,.T.);
#1216 = ORIENTED_EDGE('',*,*,#1217,.T.);
#1217 = EDGE_CURVE('',#1158,#1218,#1220,.T.);
#1218 = VERTEX_POINT('',#1219);
#1219 = CARTESIAN_POINT('',(-4.212132034356,1.005025253169,9.4));
#1220 = LINE('',#1221,#1222);
#1221 = CARTESIAN_POINT('',(-3.505025253169,1.712132034356,9.4));
#1222 = VECTOR('',#1223,1.);
#1223 = DIRECTION('',(-0.707106781187,-0.707106781187,0.));
#1224 = ORIENTED_EDGE('',*,*,#1225,.F.);
#1225 = EDGE_CURVE('',#515,#1218,#1226,.T.);
#1226 = CIRCLE('',#1227,0.2);
#1227 = AXIS2_PLACEMENT_3D('',#1228,#1229,#1230);
#1228 = CARTESIAN_POINT('',(-4.070710678119,0.863603896932,9.4));
#1229 = DIRECTION('',(-0.707106781187,-0.707106781187,0.));
#1230 = DIRECTION('',(0.,0.,1.));
#1231 = ORIENTED_EDGE('',*,*,#514,.F.);
#1232 = CYLINDRICAL_SURFACE('',#1233,0.2);
#1233 = AXIS2_PLACEMENT_3D('',#1234,#1235,#1236);
#1234 = CARTESIAN_POINT('',(-3.363603896932,1.570710678119,9.4));
#1235 = DIRECTION('',(-0.707106781187,-0.707106781187,0.));
#1236 = DIRECTION('',(0.,0.,1.));
#1237 = ADVANCED_FACE('',(#1238),#1257,.T.);
#1238 = FACE_BOUND('',#1239,.T.);
#1239 = EDGE_LOOP('',(#1240,#1241,#1250,#1256));
#1240 = ORIENTED_EDGE('',*,*,#641,.T.);
#1241 = ORIENTED_EDGE('',*,*,#1242,.T.);
#1242 = EDGE_CURVE('',#633,#1243,#1245,.T.);
#1243 = VERTEX_POINT('',#1244);
#1244 = CARTESIAN_POINT('',(4.,1.8,9.4));
#1245 = CIRCLE('',#1246,0.2);
#1246 = AXIS2_PLACEMENT_3D('',#1247,#1248,#1249);
#1247 = CARTESIAN_POINT('',(4.,1.6,9.4));
#1248 = DIRECTION('',(-1.,0.,0.));
#1249 = DIRECTION('',(0.,0.,1.));
#1250 = ORIENTED_EDGE('',*,*,#1251,.F.);
#1251 = EDGE_CURVE('',#1193,#1243,#1252,.T.);
#1252 = LINE('',#1253,#1254);
#1253 = CARTESIAN_POINT('',(2.5,1.8,9.4));
#1254 = VECTOR('',#1255,1.);
#1255 = DIRECTION('',(1.,0.,0.));
#1256 = ORIENTED_EDGE('',*,*,#1192,.F.);
#1257 = CYLINDRICAL_SURFACE('',#1258,0.2);
#1258 = AXIS2_PLACEMENT_3D('',#1259,#1260,#1261);
#1259 = CARTESIAN_POINT('',(2.5,1.6,9.4));
#1260 = DIRECTION('',(1.,0.,0.));
#1261 = DIRECTION('',(0.,0.,1.));
#1262 = ADVANCED_FACE('',(#1263),#1283,.T.);
#1263 = FACE_BOUND('',#1264,.T.);
#1264 = EDGE_LOOP('',(#1265,#1274,#1281,#1282));
#1265 = ORIENTED_EDGE('',*,*,#1266,.T.);
#1266 = EDGE_CURVE('',#1218,#1267,#1269,.T.);
#1267 = VERTEX_POINT('',#1268);
#1268 = CARTESIAN_POINT('',(-4.3,0.792893218813,9.4));
#1269 = CIRCLE('',#1270,0.3);
#1270 = AXIS2_PLACEMENT_3D('',#1271,#1272,#1273);
#1271 = CARTESIAN_POINT('',(-4.,0.792893218813,9.4));
#1272 = DIRECTION('',(0.,0.,1.));
#1273 = DIRECTION('',(-0.707106781187,0.707106781187,0.));
#1274 = ORIENTED_EDGE('',*,*,#1275,.F.);
#1275 = EDGE_CURVE('',#523,#1267,#1276,.T.);
#1276 = CIRCLE('',#1277,0.2);
#1277 = AXIS2_PLACEMENT_3D('',#1278,#1279,#1280);
#1278 = CARTESIAN_POINT('',(-4.1,0.792893218813,9.4));
#1279 = DIRECTION('',(-5.551115123126E-16,-1.,-0.));
#1280 = DIRECTION('',(-1.,5.551115123126E-16,0.));
#1281 = ORIENTED_EDGE('',*,*,#522,.F.);
#1282 = ORIENTED_EDGE('',*,*,#1225,.T.);
#1283 = SURFACE_OF_REVOLUTION('',#1284,#1292);
#1284 = B_SPLINE_CURVE_WITH_KNOTS('',6,(#1285,#1286,#1287,#1288,#1289,
    #1290,#1291),.UNSPECIFIED.,.F.,.F.,(7,7),(4.712388980385,
    6.28318530718),.PIECEWISE_BEZIER_KNOTS.);
#1285 = CARTESIAN_POINT('',(-4.070710678119,0.863603896932,9.6));
#1286 = CARTESIAN_POINT('',(-4.107734702603,0.900627921417,9.6));
#1287 = CARTESIAN_POINT('',(-4.144755576942,0.937648795756,
    9.583554462796));
#1288 = CARTESIAN_POINT('',(-4.177227850585,0.970121069399,
    9.550638029928));
#1289 = CARTESIAN_POINT('',(-4.200503283479,0.993396502292,
    9.504715300141));
#1290 = CARTESIAN_POINT('',(-4.212132034356,1.005025253169,9.45235987756
    ));
#1291 = CARTESIAN_POINT('',(-4.212132034356,1.005025253169,9.4));
#1292 = AXIS1_PLACEMENT('',#1293,#1294);
#1293 = CARTESIAN_POINT('',(-4.,0.792893218813,9.4));
#1294 = DIRECTION('',(-0.,-0.,-1.));
#1295 = ADVANCED_FACE('',(#1296),#1316,.T.);
#1296 = FACE_BOUND('',#1297,.T.);
#1297 = EDGE_LOOP('',(#1298,#1299,#1300,#1309));
#1298 = ORIENTED_EDGE('',*,*,#1242,.F.);
#1299 = ORIENTED_EDGE('',*,*,#632,.T.);
#1300 = ORIENTED_EDGE('',*,*,#1301,.T.);
#1301 = EDGE_CURVE('',#625,#1302,#1304,.T.);
#1302 = VERTEX_POINT('',#1303);
#1303 = CARTESIAN_POINT('',(4.3,1.5,9.4));
#1304 = CIRCLE('',#1305,0.2);
#1305 = AXIS2_PLACEMENT_3D('',#1306,#1307,#1308);
#1306 = CARTESIAN_POINT('',(4.1,1.5,9.4));
#1307 = DIRECTION('',(-6.123233995737E-17,1.,0.));
#1308 = DIRECTION('',(1.,6.123233995737E-17,0.));
#1309 = ORIENTED_EDGE('',*,*,#1310,.F.);
#1310 = EDGE_CURVE('',#1243,#1302,#1311,.T.);
#1311 = CIRCLE('',#1312,0.3);
#1312 = AXIS2_PLACEMENT_3D('',#1313,#1314,#1315);
#1313 = CARTESIAN_POINT('',(4.,1.5,9.4));
#1314 = DIRECTION('',(0.,0.,-1.));
#1315 = DIRECTION('',(0.,1.,0.));
#1316 = SURFACE_OF_REVOLUTION('',#1317,#1325);
#1317 = B_SPLINE_CURVE_WITH_KNOTS('',6,(#1318,#1319,#1320,#1321,#1322,
    #1323,#1324),.UNSPECIFIED.,.F.,.F.,(7,7),(4.712388980385,
    6.28318530718),.PIECEWISE_BEZIER_KNOTS.);
#1318 = CARTESIAN_POINT('',(4.,1.6,9.6));
#1319 = CARTESIAN_POINT('',(4.,1.65235987756,9.6));
#1320 = CARTESIAN_POINT('',(4.,1.704715300141,9.583554462796));
#1321 = CARTESIAN_POINT('',(4.,1.750638029928,9.550638029928));
#1322 = CARTESIAN_POINT('',(4.,1.783554462796,9.504715300141));
#1323 = CARTESIAN_POINT('',(4.,1.8,9.45235987756));
#1324 = CARTESIAN_POINT('',(4.,1.8,9.4));
#1325 = AXIS1_PLACEMENT('',#1326,#1327);
#1326 = CARTESIAN_POINT('',(4.,1.5,9.4));
#1327 = DIRECTION('',(-0.,-0.,-1.));
#1328 = ADVANCED_FACE('',(#1329),#1348,.T.);
#1329 = FACE_BOUND('',#1330,.T.);
#1330 = EDGE_LOOP('',(#1331,#1332,#1340,#1347));
#1331 = ORIENTED_EDGE('',*,*,#1275,.T.);
#1332 = ORIENTED_EDGE('',*,*,#1333,.T.);
#1333 = EDGE_CURVE('',#1267,#1334,#1336,.T.);
#1334 = VERTEX_POINT('',#1335);
#1335 = CARTESIAN_POINT('',(-4.3,-0.792893218813,9.4));
#1336 = LINE('',#1337,#1338);
#1337 = CARTESIAN_POINT('',(-4.3,0.792893218813,9.4));
#1338 = VECTOR('',#1339,1.);
#1339 = DIRECTION('',(0.,-1.,0.));
#1340 = ORIENTED_EDGE('',*,*,#1341,.F.);
#1341 = EDGE_CURVE('',#532,#1334,#1342,.T.);
#1342 = CIRCLE('',#1343,0.2);
#1343 = AXIS2_PLACEMENT_3D('',#1344,#1345,#1346);
#1344 = CARTESIAN_POINT('',(-4.1,-0.792893218813,9.4));
#1345 = DIRECTION('',(0.,-1.,0.));
#1346 = DIRECTION('',(0.,0.,1.));
#1347 = ORIENTED_EDGE('',*,*,#531,.F.);
#1348 = CYLINDRICAL_SURFACE('',#1349,0.2);
#1349 = AXIS2_PLACEMENT_3D('',#1350,#1351,#1352);
#1350 = CARTESIAN_POINT('',(-4.1,0.792893218813,9.4));
#1351 = DIRECTION('',(0.,-1.,0.));
#1352 = DIRECTION('',(0.,0.,1.));
#1353 = ADVANCED_FACE('',(#1354),#1373,.T.);
#1354 = FACE_BOUND('',#1355,.T.);
#1355 = EDGE_LOOP('',(#1356,#1357,#1366,#1372));
#1356 = ORIENTED_EDGE('',*,*,#624,.T.);
#1357 = ORIENTED_EDGE('',*,*,#1358,.T.);
#1358 = EDGE_CURVE('',#616,#1359,#1361,.T.);
#1359 = VERTEX_POINT('',#1360);
#1360 = CARTESIAN_POINT('',(4.3,-1.5,9.4));
#1361 = CIRCLE('',#1362,0.2);
#1362 = AXIS2_PLACEMENT_3D('',#1363,#1364,#1365);
#1363 = CARTESIAN_POINT('',(4.1,-1.5,9.4));
#1364 = DIRECTION('',(0.,1.,0.));
#1365 = DIRECTION('',(0.,0.,1.));
#1366 = ORIENTED_EDGE('',*,*,#1367,.F.);
#1367 = EDGE_CURVE('',#1302,#1359,#1368,.T.);
#1368 = LINE('',#1369,#1370);
#1369 = CARTESIAN_POINT('',(4.3,1.5,9.4));
#1370 = VECTOR('',#1371,1.);
#1371 = DIRECTION('',(-0.,-1.,-0.));
#1372 = ORIENTED_EDGE('',*,*,#1301,.F.);
#1373 = CYLINDRICAL_SURFACE('',#1374,0.2);
#1374 = AXIS2_PLACEMENT_3D('',#1375,#1376,#1377);
#1375 = CARTESIAN_POINT('',(4.1,1.5,9.4));
#1376 = DIRECTION('',(-0.,-1.,-0.));
#1377 = DIRECTION('',(0.,0.,1.));
#1378 = ADVANCED_FACE('',(#1379),#1399,.T.);
#1379 = FACE_BOUND('',#1380,.T.);
#1380 = EDGE_LOOP('',(#1381,#1390,#1397,#1398));
#1381 = ORIENTED_EDGE('',*,*,#1382,.T.);
#1382 = EDGE_CURVE('',#1334,#1383,#1385,.T.);
#1383 = VERTEX_POINT('',#1384);
#1384 = CARTESIAN_POINT('',(-4.212132034356,-1.005025253169,9.4));
#1385 = CIRCLE('',#1386,0.3);
#1386 = AXIS2_PLACEMENT_3D('',#1387,#1388,#1389);
#1387 = CARTESIAN_POINT('',(-4.,-0.792893218813,9.4));
#1388 = DIRECTION('',(0.,0.,1.));
#1389 = DIRECTION('',(-1.,0.,0.));
#1390 = ORIENTED_EDGE('',*,*,#1391,.F.);
#1391 = EDGE_CURVE('',#540,#1383,#1392,.T.);
#1392 = CIRCLE('',#1393,0.2);
#1393 = AXIS2_PLACEMENT_3D('',#1394,#1395,#1396);
#1394 = CARTESIAN_POINT('',(-4.070710678119,-0.863603896932,9.4));
#1395 = DIRECTION('',(0.707106781187,-0.707106781187,0.));
#1396 = DIRECTION('',(-0.707106781187,-0.707106781187,0.));
#1397 = ORIENTED_EDGE('',*,*,#539,.F.);
#1398 = ORIENTED_EDGE('',*,*,#1341,.T.);
#1399 = SURFACE_OF_REVOLUTION('',#1400,#1408);
#1400 = B_SPLINE_CURVE_WITH_KNOTS('',6,(#1401,#1402,#1403,#1404,#1405,
    #1406,#1407),.UNSPECIFIED.,.F.,.F.,(7,7),(4.712388980385,
    6.28318530718),.PIECEWISE_BEZIER_KNOTS.);
#1401 = CARTESIAN_POINT('',(-4.1,-0.792893218813,9.6));
#1402 = CARTESIAN_POINT('',(-4.15235987756,-0.792893218813,9.6));
#1403 = CARTESIAN_POINT('',(-4.204715300141,-0.792893218813,
    9.583554462796));
#1404 = CARTESIAN_POINT('',(-4.250638029928,-0.792893218813,
    9.550638029928));
#1405 = CARTESIAN_POINT('',(-4.283554462796,-0.792893218813,
    9.504715300141));
#1406 = CARTESIAN_POINT('',(-4.3,-0.792893218813,9.45235987756));
#1407 = CARTESIAN_POINT('',(-4.3,-0.792893218813,9.4));
#1408 = AXIS1_PLACEMENT('',#1409,#1410);
#1409 = CARTESIAN_POINT('',(-4.,-0.792893218813,9.4));
#1410 = DIRECTION('',(-0.,-0.,-1.));
#1411 = ADVANCED_FACE('',(#1412),#1432,.T.);
#1412 = FACE_BOUND('',#1413,.T.);
#1413 = EDGE_LOOP('',(#1414,#1415,#1416,#1425));
#1414 = ORIENTED_EDGE('',*,*,#1358,.F.);
#1415 = ORIENTED_EDGE('',*,*,#615,.T.);
#1416 = ORIENTED_EDGE('',*,*,#1417,.T.);
#1417 = EDGE_CURVE('',#608,#1418,#1420,.T.);
#1418 = VERTEX_POINT('',#1419);
#1419 = CARTESIAN_POINT('',(4.,-1.8,9.4));
#1420 = CIRCLE('',#1421,0.2);
#1421 = AXIS2_PLACEMENT_3D('',#1422,#1423,#1424);
#1422 = CARTESIAN_POINT('',(4.,-1.6,9.4));
#1423 = DIRECTION('',(1.,6.123233995737E-17,0.));
#1424 = DIRECTION('',(6.123233995737E-17,-1.,0.));
#1425 = ORIENTED_EDGE('',*,*,#1426,.F.);
#1426 = EDGE_CURVE('',#1359,#1418,#1427,.T.);
#1427 = CIRCLE('',#1428,0.3);
#1428 = AXIS2_PLACEMENT_3D('',#1429,#1430,#1431);
#1429 = CARTESIAN_POINT('',(4.,-1.5,9.4));
#1430 = DIRECTION('',(0.,0.,-1.));
#1431 = DIRECTION('',(1.,0.,0.));
#1432 = SURFACE_OF_REVOLUTION('',#1433,#1441);
#1433 = B_SPLINE_CURVE_WITH_KNOTS('',6,(#1434,#1435,#1436,#1437,#1438,
    #1439,#1440),.UNSPECIFIED.,.F.,.F.,(7,7),(4.712388980385,
    6.28318530718),.PIECEWISE_BEZIER_KNOTS.);
#1434 = CARTESIAN_POINT('',(4.1,-1.5,9.6));
#1435 = CARTESIAN_POINT('',(4.15235987756,-1.5,9.6));
#1436 = CARTESIAN_POINT('',(4.204715300141,-1.5,9.583554462796));
#1437 = CARTESIAN_POINT('',(4.250638029928,-1.5,9.550638029928));
#1438 = CARTESIAN_POINT('',(4.283554462796,-1.5,9.504715300141));
#1439 = CARTESIAN_POINT('',(4.3,-1.5,9.45235987756));
#1440 = CARTESIAN_POINT('',(4.3,-1.5,9.4));
#1441 = AXIS1_PLACEMENT('',#1442,#1443);
#1442 = CARTESIAN_POINT('',(4.,-1.5,9.4));
#1443 = DIRECTION('',(-0.,-0.,-1.));
#1444 = ADVANCED_FACE('',(#1445),#1464,.T.);
#1445 = FACE_BOUND('',#1446,.T.);
#1446 = EDGE_LOOP('',(#1447,#1448,#1456,#1463));
#1447 = ORIENTED_EDGE('',*,*,#1391,.T.);
#1448 = ORIENTED_EDGE('',*,*,#1449,.T.);
#1449 = EDGE_CURVE('',#1383,#1450,#1452,.T.);
#1450 = VERTEX_POINT('',#1451);
#1451 = CARTESIAN_POINT('',(-3.505025253169,-1.712132034356,9.4));
#1452 = LINE('',#1453,#1454);
#1453 = CARTESIAN_POINT('',(-4.212132034356,-1.005025253169,9.4));
#1454 = VECTOR('',#1455,1.);
#1455 = DIRECTION('',(0.707106781187,-0.707106781187,0.));
#1456 = ORIENTED_EDGE('',*,*,#1457,.F.);
#1457 = EDGE_CURVE('',#549,#1450,#1458,.T.);
#1458 = CIRCLE('',#1459,0.2);
#1459 = AXIS2_PLACEMENT_3D('',#1460,#1461,#1462);
#1460 = CARTESIAN_POINT('',(-3.363603896932,-1.570710678119,9.4));
#1461 = DIRECTION('',(0.707106781187,-0.707106781187,0.));
#1462 = DIRECTION('',(0.,0.,1.));
#1463 = ORIENTED_EDGE('',*,*,#548,.F.);
#1464 = CYLINDRICAL_SURFACE('',#1465,0.2);
#1465 = AXIS2_PLACEMENT_3D('',#1466,#1467,#1468);
#1466 = CARTESIAN_POINT('',(-4.070710678119,-0.863603896932,9.4));
#1467 = DIRECTION('',(0.707106781187,-0.707106781187,0.));
#1468 = DIRECTION('',(0.,0.,1.));
#1469 = ADVANCED_FACE('',(#1470),#1489,.T.);
#1470 = FACE_BOUND('',#1471,.T.);
#1471 = EDGE_LOOP('',(#1472,#1473,#1482,#1488));
#1472 = ORIENTED_EDGE('',*,*,#607,.T.);
#1473 = ORIENTED_EDGE('',*,*,#1474,.T.);
#1474 = EDGE_CURVE('',#599,#1475,#1477,.T.);
#1475 = VERTEX_POINT('',#1476);
#1476 = CARTESIAN_POINT('',(2.5,-1.8,9.4));
#1477 = CIRCLE('',#1478,0.2);
#1478 = AXIS2_PLACEMENT_3D('',#1479,#1480,#1481);
#1479 = CARTESIAN_POINT('',(2.5,-1.6,9.4));
#1480 = DIRECTION('',(1.,0.,-0.));
#1481 = DIRECTION('',(0.,0.,1.));
#1482 = ORIENTED_EDGE('',*,*,#1483,.F.);
#1483 = EDGE_CURVE('',#1418,#1475,#1484,.T.);
#1484 = LINE('',#1485,#1486);
#1485 = CARTESIAN_POINT('',(4.,-1.8,9.4));
#1486 = VECTOR('',#1487,1.);
#1487 = DIRECTION('',(-1.,-0.,-0.));
#1488 = ORIENTED_EDGE('',*,*,#1417,.F.);
#1489 = CYLINDRICAL_SURFACE('',#1490,0.2);
#1490 = AXIS2_PLACEMENT_3D('',#1491,#1492,#1493);
#1491 = CARTESIAN_POINT('',(4.,-1.6,9.4));
#1492 = DIRECTION('',(-1.,-0.,-0.));
#1493 = DIRECTION('',(0.,0.,1.));
#1494 = ADVANCED_FACE('',(#1495),#1515,.T.);
#1495 = FACE_BOUND('',#1496,.T.);
#1496 = EDGE_LOOP('',(#1497,#1506,#1513,#1514));
#1497 = ORIENTED_EDGE('',*,*,#1498,.T.);
#1498 = EDGE_CURVE('',#1450,#1499,#1501,.T.);
#1499 = VERTEX_POINT('',#1500);
#1500 = CARTESIAN_POINT('',(-3.292893218813,-1.8,9.4));
#1501 = CIRCLE('',#1502,0.3);
#1502 = AXIS2_PLACEMENT_3D('',#1503,#1504,#1505);
#1503 = CARTESIAN_POINT('',(-3.292893218813,-1.5,9.4));
#1504 = DIRECTION('',(0.,0.,1.));
#1505 = DIRECTION('',(-0.707106781187,-0.707106781187,0.));
#1506 = ORIENTED_EDGE('',*,*,#1507,.F.);
#1507 = EDGE_CURVE('',#557,#1499,#1508,.T.);
#1508 = CIRCLE('',#1509,0.2);
#1509 = AXIS2_PLACEMENT_3D('',#1510,#1511,#1512);
#1510 = CARTESIAN_POINT('',(-3.292893218813,-1.6,9.4));
#1511 = DIRECTION('',(1.,0.,0.));
#1512 = DIRECTION('',(0.,-1.,0.));
#1513 = ORIENTED_EDGE('',*,*,#556,.F.);
#1514 = ORIENTED_EDGE('',*,*,#1457,.T.);
#1515 = SURFACE_OF_REVOLUTION('',#1516,#1524);
#1516 = B_SPLINE_CURVE_WITH_KNOTS('',6,(#1517,#1518,#1519,#1520,#1521,
    #1522,#1523),.UNSPECIFIED.,.F.,.F.,(7,7),(4.712388980385,
    6.28318530718),.PIECEWISE_BEZIER_KNOTS.);
#1517 = CARTESIAN_POINT('',(-3.363603896932,-1.570710678119,9.6));
#1518 = CARTESIAN_POINT('',(-3.400627921417,-1.607734702603,9.6));
#1519 = CARTESIAN_POINT('',(-3.437648795756,-1.644755576942,
    9.583554462796));
#1520 = CARTESIAN_POINT('',(-3.470121069399,-1.677227850585,
    9.550638029928));
#1521 = CARTESIAN_POINT('',(-3.493396502292,-1.700503283479,
    9.504715300141));
#1522 = CARTESIAN_POINT('',(-3.505025253169,-1.712132034356,
    9.45235987756));
#1523 = CARTESIAN_POINT('',(-3.505025253169,-1.712132034356,9.4));
#1524 = AXIS1_PLACEMENT('',#1525,#1526);
#1525 = CARTESIAN_POINT('',(-3.292893218813,-1.5,9.4));
#1526 = DIRECTION('',(-0.,-0.,-1.));
#1527 = ADVANCED_FACE('',(#1528),#1721,.T.);
#1528 = FACE_BOUND('',#1529,.T.);
#1529 = EDGE_LOOP('',(#1530,#1712,#1719,#1720));
#1530 = ORIENTED_EDGE('',*,*,#1531,.T.);
#1531 = EDGE_CURVE('',#591,#1532,#1534,.T.);
#1532 = VERTEX_POINT('',#1533);
#1533 = CARTESIAN_POINT('',(0.770838353421,-0.5,9.4));
#1534 = B_SPLINE_CURVE_WITH_KNOTS('',6,(#1535,#1536,#1537,#1538,#1539,
    #1540,#1541,#1542,#1543,#1544,#1545,#1546,#1547,#1548,#1549,#1550,
    #1551,#1552,#1553,#1554,#1555,#1556,#1557,#1558,#1559,#1560,#1561,
    #1562,#1563,#1564,#1565,#1566,#1567,#1568,#1569,#1570,#1571,#1572,
    #1573,#1574,#1575,#1576,#1577,#1578,#1579,#1580,#1581,#1582,#1583,
    #1584,#1585,#1586,#1587,#1588,#1589,#1590,#1591,#1592,#1593,#1594,
    #1595,#1596,#1597,#1598,#1599,#1600,#1601,#1602,#1603,#1604,#1605,
    #1606,#1607,#1608,#1609,#1610,#1611,#1612,#1613,#1614,#1615,#1616,
    #1617,#1618,#1619,#1620,#1621,#1622,#1623,#1624,#1625,#1626,#1627,
    #1628,#1629,#1630,#1631,#1632,#1633,#1634,#1635,#1636,#1637,#1638,
    #1639,#1640,#1641,#1642,#1643,#1644,#1645,#1646,#1647,#1648,#1649,
    #1650,#1651,#1652,#1653,#1654,#1655,#1656,#1657,#1658,#1659,#1660,
    #1661,#1662,#1663,#1664,#1665,#1666,#1667,#1668,#1669,#1670,#1671,
    #1672,#1673,#1674,#1675,#1676,#1677,#1678,#1679,#1680,#1681,#1682,
    #1683,#1684,#1685,#1686,#1687,#1688,#1689,#1690,#1691,#1692,#1693,
    #1694,#1695,#1696,#1697,#1698,#1699,#1700,#1701,#1702,#1703,#1704,
    #1705,#1706,#1707,#1708,#1709,#1710,#1711),.UNSPECIFIED.,.F.,.F.,(7,
    5,5,5,5,5,5,5,5,5,5,5,5,5,5,5,5,5,5,5,5,5,5,5,5,5,5,5,5,5,5,5,5,5,5,
    7),(0.,2.078293769463E-03,1.384215481591E-02,5.294831928086E-02,
    9.180453288959E-02,0.130357462923,0.168555862611,0.206350711873,
    0.243695351168,0.280545610352,0.316859934415,0.352599507949,
    0.387728380196,0.422213592516,0.45602531006,0.489136959435,
    0.521525374054,0.553170948773,0.58405780528,0.614173969451,
    0.643511561579,0.672066999952,0.699841217693,0.72683989215,
    0.753073685547,0.778558495413,0.803315714328,0.827372502404,
    0.850762086483,0.873524125275,0.895705237548,0.917359921155,
    0.93855237868,0.959360331147,0.979882441623,1.),.UNSPECIFIED.);
#1535 = CARTESIAN_POINT('',(0.928376448413,-0.300000226807,9.6));
#1536 = CARTESIAN_POINT('',(0.928317124186,-0.300071727973,
    9.599999999919));
#1537 = CARTESIAN_POINT('',(0.928258804487,-0.300144757047,
    9.599999969024));
#1538 = CARTESIAN_POINT('',(0.928194674109,-0.300208426936,
    9.599999908093));
#1539 = CARTESIAN_POINT('',(0.928147146444,-0.300304092238,
    9.599999809135));
#1540 = CARTESIAN_POINT('',(0.928089841561,-0.30034674672,9.599999716744
    ));
#1541 = CARTESIAN_POINT('',(0.927631288375,-0.300901235937,
    9.599998524592));
#1542 = CARTESIAN_POINT('',(0.927241701753,-0.301372469961,
    9.599996179044));
#1543 = CARTESIAN_POINT('',(0.926852237204,-0.301843696403,
    9.599992501118));
#1544 = CARTESIAN_POINT('',(0.926462898482,-0.302314910553,
    9.599987490847));
#1545 = CARTESIAN_POINT('',(0.926073689335,-0.302786107702,
    9.599981148284));
#1546 = CARTESIAN_POINT('',(0.924391223218,-0.304823594083,
    9.599947960532));
#1547 = CARTESIAN_POINT('',(0.923098024436,-0.306391217288,
    9.599907700328));
#1548 = CARTESIAN_POINT('',(0.921805062982,-0.307960096411,
    9.599852639138));
#1549 = CARTESIAN_POINT('',(0.920512385401,-0.309530173858,
    9.599782718414));
#1550 = CARTESIAN_POINT('',(0.919220038953,-0.311101390796,
    9.599697874814));
#1551 = CARTESIAN_POINT('',(0.916644362018,-0.314235934007,
    9.599498843701));
#1552 = CARTESIAN_POINT('',(0.915361026777,-0.31579924643,9.599384847173
    ));
#1553 = CARTESIAN_POINT('',(0.914078112951,-0.317363565488,
    9.599255983804));
#1554 = CARTESIAN_POINT('',(0.912795668571,-0.318928830691,
    9.599112181917));
#1555 = CARTESIAN_POINT('',(0.911513742639,-0.32049497998,9.598953364977
    ));
#1556 = CARTESIAN_POINT('',(0.908961028972,-0.32361668884,9.598606895644
    ));
#1557 = CARTESIAN_POINT('',(0.90769023248,-0.325172235548,9.598419477948
    ));
#1558 = CARTESIAN_POINT('',(0.906420044456,-0.326728527716,
    9.598217119013));
#1559 = CARTESIAN_POINT('',(0.90515051494,-0.328285501303,9.59799973439)
  );
#1560 = CARTESIAN_POINT('',(0.903881695207,-0.329843090356,
    9.597767234667));
#1561 = CARTESIAN_POINT('',(0.90135724131,-0.332945035146,9.597274094192
    ));
#1562 = CARTESIAN_POINT('',(0.90010159328,-0.334489380741,9.597013731826
    ));
#1563 = CARTESIAN_POINT('',(0.898846744743,-0.33603419781,9.596738346595
    ));
#1564 = CARTESIAN_POINT('',(0.897592748276,-0.337579418096,
    9.596447841623));
#1565 = CARTESIAN_POINT('',(0.896339657971,-0.339124971065,9.59614211494
    ));
#1566 = CARTESIAN_POINT('',(0.89384862912,-0.342200265887,9.595503395838
    ));
#1567 = CARTESIAN_POINT('',(0.892610670459,-0.343730002145,
    9.595170725526));
#1568 = CARTESIAN_POINT('',(0.891373707295,-0.345259922193,
    9.594822944847));
#1569 = CARTESIAN_POINT('',(0.890137795282,-0.346789952868,
    9.594459944854));
#1570 = CARTESIAN_POINT('',(0.888902991882,-0.34832001835,9.594081611342
    ));
#1571 = CARTESIAN_POINT('',(0.886450415844,-0.351361836429,
    9.593298729127));
#1572 = CARTESIAN_POINT('',(0.885232615658,-0.352873589913,
    9.592894546305));
#1573 = CARTESIAN_POINT('',(0.884016012969,-0.354385224919,9.59247516116
    ));
#1574 = CARTESIAN_POINT('',(0.882800667058,-0.355896662677,
    9.592040453037));
#1575 = CARTESIAN_POINT('',(0.881586639336,-0.357407821333,
    9.591590295845));
#1576 = CARTESIAN_POINT('',(0.879177400721,-0.360409410192,
    9.590664985863));
#1577 = CARTESIAN_POINT('',(0.877982153612,-0.361899849803,
    9.590190242783));
#1578 = CARTESIAN_POINT('',(0.876788313027,-0.363389853206,
    9.589700202468));
#1579 = CARTESIAN_POINT('',(0.875595942451,-0.364879335282,
    9.589194732944));
#1580 = CARTESIAN_POINT('',(0.874405107835,-0.366368207371,
    9.588673696621));
#1581 = CARTESIAN_POINT('',(0.872043943038,-0.369322903834,
    9.587608010175));
#1582 = CARTESIAN_POINT('',(0.87087356667,-0.370788748297,9.587063813603
    ));
#1583 = CARTESIAN_POINT('',(0.86970481394,-0.372253822457,9.58650422353)
  );
#1584 = CARTESIAN_POINT('',(0.868537753133,-0.373718034074,
    9.585929097109));
#1585 = CARTESIAN_POINT('',(0.867372455369,-0.375181286864,
    9.585338285686));
#1586 = CARTESIAN_POINT('',(0.865063948048,-0.378082531862,
    9.584134585439));
#1587 = CARTESIAN_POINT('',(0.863920680961,-0.379520557116,
    9.583522193946));
#1588 = CARTESIAN_POINT('',(0.86277926381,-0.38095746068,9.582894313087)
  );
#1589 = CARTESIAN_POINT('',(0.861639770297,-0.382393142376,
    9.582250789644));
#1590 = CARTESIAN_POINT('',(0.860502277367,-0.383827497445,
    9.581591464416));
#1591 = CARTESIAN_POINT('',(0.858250854427,-0.386668850581,
    9.580252419106));
#1592 = CARTESIAN_POINT('',(0.857136854092,-0.388075897063,
    9.579573239949));
#1593 = CARTESIAN_POINT('',(0.856024940298,-0.389481452201,
    9.578878477894));
#1594 = CARTESIAN_POINT('',(0.854915192821,-0.390885407034,9.57816796995
    ));
#1595 = CARTESIAN_POINT('',(0.853807695112,-0.392287647421,9.57744154699
    ));
#1596 = CARTESIAN_POINT('',(0.851617623138,-0.395062801276,9.57597012545
    ));
#1597 = CARTESIAN_POINT('',(0.850534964221,-0.396435781058,
    9.575225711029));
#1598 = CARTESIAN_POINT('',(0.849454639928,-0.397806880569,
    9.574465624684));
#1599 = CARTESIAN_POINT('',(0.848376736785,-0.399175981167,
    9.573689694365));
#1600 = CARTESIAN_POINT('',(0.847301345471,-0.40054295839,9.572897741773
    ));
#1601 = CARTESIAN_POINT('',(0.845176727587,-0.403245752525,
    9.571297206277));
#1602 = CARTESIAN_POINT('',(0.844127400421,-0.404581656302,
    9.570489250164));
#1603 = CARTESIAN_POINT('',(0.84308066864,-0.405915270549,9.569665540075
    ));
#1604 = CARTESIAN_POINT('',(0.842036626235,-0.407246466013,
    9.568825895765));
#1605 = CARTESIAN_POINT('',(0.840995371854,-0.408575106927,
    9.567970130692));
#1606 = CARTESIAN_POINT('',(0.838940144957,-0.411199541548,
    9.566244029641));
#1607 = CARTESIAN_POINT('',(0.837926054201,-0.412495445434,
    9.565374362171));
#1608 = CARTESIAN_POINT('',(0.836914833511,-0.413788629105,
    9.564488868481));
#1609 = CARTESIAN_POINT('',(0.835906585068,-0.415078951734,
    9.563587361185));
#1610 = CARTESIAN_POINT('',(0.834901416263,-0.416366265234,
    9.562669646639));
#1611 = CARTESIAN_POINT('',(0.832919348603,-0.418906514494,
    9.560821806606));
#1612 = CARTESIAN_POINT('',(0.831942312099,-0.420159586607,
    9.559892390019));
#1613 = CARTESIAN_POINT('',(0.830968435509,-0.42140948527,9.558947088055
    ));
#1614 = CARTESIAN_POINT('',(0.829997829954,-0.422656057103,
    9.557985707481));
#1615 = CARTESIAN_POINT('',(0.82903061235,-0.423899140666,9.557008048955
    ));
#1616 = CARTESIAN_POINT('',(0.827125301432,-0.426349565574,
    9.555042566095));
#1617 = CARTESIAN_POINT('',(0.826187049234,-0.427557072365,
    9.554055489224));
#1618 = CARTESIAN_POINT('',(0.825252263218,-0.428760928805,
    9.553052484728));
#1619 = CARTESIAN_POINT('',(0.824321064197,-0.42996096797,9.552033355106
    ));
#1620 = CARTESIAN_POINT('',(0.823393579395,-0.431157014042,
    9.550997897046));
#1621 = CARTESIAN_POINT('',(0.821568450153,-0.433512174937,
    9.548919127909));
#1622 = CARTESIAN_POINT('',(0.820670623751,-0.434671487234,
    9.547876600403));
#1623 = CARTESIAN_POINT('',(0.819776587437,-0.43582664753,9.546818124396
    ));
#1624 = CARTESIAN_POINT('',(0.818886472453,-0.436977474393,
    9.545743500048));
#1625 = CARTESIAN_POINT('',(0.818000417092,-0.438123776632,
    9.544652522188));
#1626 = CARTESIAN_POINT('',(0.816258720334,-0.440378445198,
    9.542465073949));
#1627 = CARTESIAN_POINT('',(0.815402872072,-0.44148704392,9.541369420027
    ));
#1628 = CARTESIAN_POINT('',(0.814551156584,-0.442590963253,
    9.540257823326));
#1629 = CARTESIAN_POINT('',(0.813703716239,-0.443690006351,
    9.539130084003));
#1630 = CARTESIAN_POINT('',(0.812860701104,-0.444783965734,
    9.537985997596));
#1631 = CARTESIAN_POINT('',(0.811205512185,-0.446933136531,
    9.535694717724));
#1632 = CARTESIAN_POINT('',(0.810393104887,-0.447988618012,
    9.534548369467));
#1633 = CARTESIAN_POINT('',(0.809585192838,-0.449038866162,
    9.533386116857));
#1634 = CARTESIAN_POINT('',(0.808781930154,-0.450083667927,
    9.532207762866));
#1635 = CARTESIAN_POINT('',(0.807983479289,-0.451122798757,
    9.531013106832));
#1636 = CARTESIAN_POINT('',(0.806417696992,-0.453161700228,
    9.528623072233));
#1637 = CARTESIAN_POINT('',(0.805650103828,-0.454161781095,
    9.527428562423));
#1638 = CARTESIAN_POINT('',(0.804887388967,-0.455156047607,
    9.526218226503));
#1639 = CARTESIAN_POINT('',(0.804129718775,-0.456144269871,
    9.524991873626));
#1640 = CARTESIAN_POINT('',(0.803377268544,-0.457126205698,
    9.523749310625));
#1641 = CARTESIAN_POINT('',(0.801903614161,-0.459050310631,
    9.521265816297));
#1642 = CARTESIAN_POINT('',(0.801182118766,-0.459992832183,
    9.520025770825));
#1643 = CARTESIAN_POINT('',(0.800465905789,-0.460928931152,
    9.518770025549));
#1644 = CARTESIAN_POINT('',(0.79975515415,-0.461858360438,9.517498399788
    ));
#1645 = CARTESIAN_POINT('',(0.799050052221,-0.462780859958,
    9.516210712226));
#1646 = CARTESIAN_POINT('',(0.797671068794,-0.46458589538,9.513639259446
    ));
#1647 = CARTESIAN_POINT('',(0.796996865696,-0.465468827375,9.51235638935
    ));
#1648 = CARTESIAN_POINT('',(0.796328370212,-0.466344701828,9.5110580033)
  );
#1649 = CARTESIAN_POINT('',(0.795665773872,-0.467213254434,
    9.509743935444));
#1650 = CARTESIAN_POINT('',(0.795009278045,-0.468074207389,
    9.508414021392));
#1651 = CARTESIAN_POINT('',(0.793727329766,-0.46975616387,9.505760305484
    ));
#1652 = CARTESIAN_POINT('',(0.793101525133,-0.47057760766,9.504437398667
    ));
#1653 = CARTESIAN_POINT('',(0.792481873818,-0.471391333504,
    9.503099228102));
#1654 = CARTESIAN_POINT('',(0.791868579645,-0.472197060384,
    9.501745648133));
#1655 = CARTESIAN_POINT('',(0.791261856491,-0.472994493526,
    9.500376517121));
#1656 = CARTESIAN_POINT('',(0.790079128222,-0.474549633879,
    9.497646414826));
#1657 = CARTESIAN_POINT('',(0.789502740984,-0.475307824829,
    9.496286327569));
#1658 = CARTESIAN_POINT('',(0.788932971901,-0.476057614325,9.49491130929
    ));
#1659 = CARTESIAN_POINT('',(0.788370036311,-0.476798705782,
    9.493521240634));
#1660 = CARTESIAN_POINT('',(0.787814159559,-0.477530788948,
    9.492116009266));
#1661 = CARTESIAN_POINT('',(0.786732656451,-0.478955656333,9.48931556572
    ));
#1662 = CARTESIAN_POINT('',(0.786206619807,-0.479648965469,9.48792121407
    ));
#1663 = CARTESIAN_POINT('',(0.785687682907,-0.480333170231,9.48651235818
    ));
#1664 = CARTESIAN_POINT('',(0.785176071228,-0.481007960428,
    9.485088911786));
#1665 = CARTESIAN_POINT('',(0.78467201987,-0.481673012752,9.483650799101
    ));
#1666 = CARTESIAN_POINT('',(0.78369356704,-0.482964438191,9.48078621438)
  );
#1667 = CARTESIAN_POINT('',(0.783218730337,-0.483591373077,
    9.479360565479));
#1668 = CARTESIAN_POINT('',(0.782751488124,-0.484208486591,
    9.477920948028));
#1669 = CARTESIAN_POINT('',(0.782292073902,-0.484815457892,
    9.476467316284));
#1670 = CARTESIAN_POINT('',(0.781840730006,-0.485411954153,
    9.474999638852));
#1671 = CARTESIAN_POINT('',(0.780966972209,-0.486567063501,
    9.472077253886));
#1672 = CARTESIAN_POINT('',(0.780544103157,-0.487126268403,
    9.470623317117));
#1673 = CARTESIAN_POINT('',(0.780129331467,-0.487674928095,
    9.469156072578));
#1674 = CARTESIAN_POINT('',(0.7797228957,-0.488212715228,9.467675523057)
  );
#1675 = CARTESIAN_POINT('',(0.779325041958,-0.488739292268,
    9.466181689911));
#1676 = CARTESIAN_POINT('',(0.778557443193,-0.489755512716,
    9.463207971291));
#1677 = CARTESIAN_POINT('',(0.778187230284,-0.490245768181,9.46172878866
    ));
#1678 = CARTESIAN_POINT('',(0.77782561915,-0.490724757106,9.460237101924
    ));
#1679 = CARTESIAN_POINT('',(0.777472849466,-0.491192151101,
    9.458732970996));
#1680 = CARTESIAN_POINT('',(0.777129166583,-0.491647614174,
    9.457216478961));
#1681 = CARTESIAN_POINT('',(0.776469009534,-0.492522680363,
    9.454198001454));
#1682 = CARTESIAN_POINT('',(0.776152064515,-0.492942902441,
    9.452696635494));
#1683 = CARTESIAN_POINT('',(0.775844219046,-0.493351150637,
    9.451183732465));
#1684 = CARTESIAN_POINT('',(0.775545708884,-0.493747102462,
    9.449659418965));
#1685 = CARTESIAN_POINT('',(0.775256772961,-0.494130431272,9.44812384992
    ));
#1686 = CARTESIAN_POINT('',(0.774705158216,-0.494862391089,
    9.445067273992));
#1687 = CARTESIAN_POINT('',(0.774442018479,-0.495211630362,
    9.443546788851));
#1688 = CARTESIAN_POINT('',(0.774188459796,-0.49554821583,9.442015923483
    ));
#1689 = CARTESIAN_POINT('',(0.773944707735,-0.495871839515,
    9.440474882928));
#1690 = CARTESIAN_POINT('',(0.773710987812,-0.496182193717,
    9.438923906954));
#1691 = CARTESIAN_POINT('',(0.773268833042,-0.496769413507,
    9.435835945438));
#1692 = CARTESIAN_POINT('',(0.773059964223,-0.497046853535,
    9.434299371285));
#1693 = CARTESIAN_POINT('',(0.772861130814,-0.497311002345,9.43275380431
    ));
#1694 = CARTESIAN_POINT('',(0.772672540315,-0.497561577231,
    9.431199545225));
#1695 = CARTESIAN_POINT('',(0.772494395945,-0.497798301532,
    9.429636938742));
#1696 = CARTESIAN_POINT('',(0.77216243636,-0.498239468953,9.42652430392)
  );
#1697 = CARTESIAN_POINT('',(0.772008237221,-0.498444421404,
    9.424974566565));
#1698 = CARTESIAN_POINT('',(0.771864488251,-0.498635504884,
    9.423417528897));
#1699 = CARTESIAN_POINT('',(0.771731368177,-0.498812476482,
    9.421853616475));
#1700 = CARTESIAN_POINT('',(0.771609045428,-0.498975107479,
    9.420283313026));
#1701 = CARTESIAN_POINT('',(0.771387840699,-0.499269225084,
    9.417152659709));
#1702 = CARTESIAN_POINT('',(0.771288657886,-0.499401111407,
    9.415592473076));
#1703 = CARTESIAN_POINT('',(0.771200282424,-0.499518635144,
    9.414027125145));
#1704 = CARTESIAN_POINT('',(0.771122847448,-0.499621615812,
    9.412457210573));
#1705 = CARTESIAN_POINT('',(0.771056466489,-0.499709899623,
    9.410883394066));
#1706 = CARTESIAN_POINT('',(0.770947089265,-0.499855371227,
    9.407760513769));
#1707 = CARTESIAN_POINT('',(0.770903655646,-0.499913140612,
    9.406211565049));
#1708 = CARTESIAN_POINT('',(0.770871020544,-0.499956548663,9.40466027379
    ));
#1709 = CARTESIAN_POINT('',(0.770849243074,-0.499985515402,9.40310738686
    ));
#1710 = CARTESIAN_POINT('',(0.770838353538,-0.499999999845,
    9.401553688435));
#1711 = CARTESIAN_POINT('',(0.770838353421,-0.5,9.4));
#1712 = ORIENTED_EDGE('',*,*,#1713,.F.);
#1713 = EDGE_CURVE('',#1475,#1532,#1714,.T.);
#1714 = CIRCLE('',#1715,1.8);
#1715 = AXIS2_PLACEMENT_3D('',#1716,#1717,#1718);
#1716 = CARTESIAN_POINT('',(2.5,0.,9.4));
#1717 = DIRECTION('',(-0.,0.,-1.));
#1718 = DIRECTION('',(-4.93432455389E-16,-1.,0.));
#1719 = ORIENTED_EDGE('',*,*,#1474,.F.);
#1720 = ORIENTED_EDGE('',*,*,#598,.T.);
#1721 = TOROIDAL_SURFACE('',#1722,1.6,0.2);
#1722 = AXIS2_PLACEMENT_3D('',#1723,#1724,#1725);
#1723 = CARTESIAN_POINT('',(2.5,0.,9.4));
#1724 = DIRECTION('',(-0.,-0.,-1.));
#1725 = DIRECTION('',(-4.93432455389E-16,-1.,0.));
#1726 = ADVANCED_FACE('',(#1727),#1746,.T.);
#1727 = FACE_BOUND('',#1728,.T.);
#1728 = EDGE_LOOP('',(#1729,#1730,#1738,#1745));
#1729 = ORIENTED_EDGE('',*,*,#1507,.T.);
#1730 = ORIENTED_EDGE('',*,*,#1731,.T.);
#1731 = EDGE_CURVE('',#1499,#1732,#1734,.T.);
#1732 = VERTEX_POINT('',#1733);
#1733 = CARTESIAN_POINT('',(-2.5,-1.8,9.4));
#1734 = LINE('',#1735,#1736);
#1735 = CARTESIAN_POINT('',(-3.292893218813,-1.8,9.4));
#1736 = VECTOR('',#1737,1.);
#1737 = DIRECTION('',(1.,0.,0.));
#1738 = ORIENTED_EDGE('',*,*,#1739,.F.);
#1739 = EDGE_CURVE('',#566,#1732,#1740,.T.);
#1740 = CIRCLE('',#1741,0.2);
#1741 = AXIS2_PLACEMENT_3D('',#1742,#1743,#1744);
#1742 = CARTESIAN_POINT('',(-2.5,-1.6,9.4));
#1743 = DIRECTION('',(1.,0.,-0.));
#1744 = DIRECTION('',(0.,0.,1.));
#1745 = ORIENTED_EDGE('',*,*,#565,.F.);
#1746 = CYLINDRICAL_SURFACE('',#1747,0.2);
#1747 = AXIS2_PLACEMENT_3D('',#1748,#1749,#1750);
#1748 = CARTESIAN_POINT('',(-3.292893218813,-1.6,9.4));
#1749 = DIRECTION('',(1.,0.,0.));
#1750 = DIRECTION('',(0.,0.,1.));
#1751 = ADVANCED_FACE('',(#1752),#1771,.T.);
#1752 = FACE_BOUND('',#1753,.T.);
#1753 = EDGE_LOOP('',(#1754,#1763,#1769,#1770));
#1754 = ORIENTED_EDGE('',*,*,#1755,.T.);
#1755 = EDGE_CURVE('',#583,#1756,#1758,.T.);
#1756 = VERTEX_POINT('',#1757);
#1757 = CARTESIAN_POINT('',(0.,-0.5,9.4));
#1758 = CIRCLE('',#1759,0.2);
#1759 = AXIS2_PLACEMENT_3D('',#1760,#1761,#1762);
#1760 = CARTESIAN_POINT('',(0.,-0.3,9.4));
#1761 = DIRECTION('',(1.,0.,-0.));
#1762 = DIRECTION('',(0.,0.,1.));
#1763 = ORIENTED_EDGE('',*,*,#1764,.T.);
#1764 = EDGE_CURVE('',#1756,#1532,#1765,.T.);
#1765 = LINE('',#1766,#1767);
#1766 = CARTESIAN_POINT('',(0.,-0.5,9.4));
#1767 = VECTOR('',#1768,1.);
#1768 = DIRECTION('',(1.,0.,0.));
#1769 = ORIENTED_EDGE('',*,*,#1531,.F.);
#1770 = ORIENTED_EDGE('',*,*,#590,.F.);
#1771 = CYLINDRICAL_SURFACE('',#1772,0.2);
#1772 = AXIS2_PLACEMENT_3D('',#1773,#1774,#1775);
#1773 = CARTESIAN_POINT('',(0.,-0.3,9.4));
#1774 = DIRECTION('',(1.,0.,0.));
#1775 = DIRECTION('',(0.,0.,1.));
#1776 = ADVANCED_FACE('',(#1777),#1970,.T.);
#1777 = FACE_BOUND('',#1778,.T.);
#1778 = EDGE_LOOP('',(#1779,#1780,#1781,#1790));
#1779 = ORIENTED_EDGE('',*,*,#573,.F.);
#1780 = ORIENTED_EDGE('',*,*,#1739,.T.);
#1781 = ORIENTED_EDGE('',*,*,#1782,.T.);
#1782 = EDGE_CURVE('',#1732,#1783,#1785,.T.);
#1783 = VERTEX_POINT('',#1784);
#1784 = CARTESIAN_POINT('',(-0.770838353421,-0.5,9.4));
#1785 = CIRCLE('',#1786,1.8);
#1786 = AXIS2_PLACEMENT_3D('',#1787,#1788,#1789);
#1787 = CARTESIAN_POINT('',(-2.5,0.,9.4));
#1788 = DIRECTION('',(-0.,0.,1.));
#1789 = DIRECTION('',(4.93432455389E-16,-1.,0.));
#1790 = ORIENTED_EDGE('',*,*,#1791,.F.);
#1791 = EDGE_CURVE('',#574,#1783,#1792,.T.);
#1792 = B_SPLINE_CURVE_WITH_KNOTS('',6,(#1793,#1794,#1795,#1796,#1797,
    #1798,#1799,#1800,#1801,#1802,#1803,#1804,#1805,#1806,#1807,#1808,
    #1809,#1810,#1811,#1812,#1813,#1814,#1815,#1816,#1817,#1818,#1819,
    #1820,#1821,#1822,#1823,#1824,#1825,#1826,#1827,#1828,#1829,#1830,
    #1831,#1832,#1833,#1834,#1835,#1836,#1837,#1838,#1839,#1840,#1841,
    #1842,#1843,#1844,#1845,#1846,#1847,#1848,#1849,#1850,#1851,#1852,
    #1853,#1854,#1855,#1856,#1857,#1858,#1859,#1860,#1861,#1862,#1863,
    #1864,#1865,#1866,#1867,#1868,#1869,#1870,#1871,#1872,#1873,#1874,
    #1875,#1876,#1877,#1878,#1879,#1880,#1881,#1882,#1883,#1884,#1885,
    #1886,#1887,#1888,#1889,#1890,#1891,#1892,#1893,#1894,#1895,#1896,
    #1897,#1898,#1899,#1900,#1901,#1902,#1903,#1904,#1905,#1906,#1907,
    #1908,#1909,#1910,#1911,#1912,#1913,#1914,#1915,#1916,#1917,#1918,
    #1919,#1920,#1921,#1922,#1923,#1924,#1925,#1926,#1927,#1928,#1929,
    #1930,#1931,#1932,#1933,#1934,#1935,#1936,#1937,#1938,#1939,#1940,
    #1941,#1942,#1943,#1944,#1945,#1946,#1947,#1948,#1949,#1950,#1951,
    #1952,#1953,#1954,#1955,#1956,#1957,#1958,#1959,#1960,#1961,#1962,
    #1963,#1964,#1965,#1966,#1967,#1968,#1969),.UNSPECIFIED.,.F.,.F.,(7,
    5,5,5,5,5,5,5,5,5,5,5,5,5,5,5,5,5,5,5,5,5,5,5,5,5,5,5,5,5,5,5,5,5,5,
    7),(0.,2.079132655441E-03,1.384298381278E-02,5.294911540375E-02,
    9.180529634861E-02,0.130358193973,0.16855656155,0.206351379041,
    0.243695986942,0.280546215149,0.316860508685,0.352600052175,
    0.387728894891,0.422214078222,0.456025767342,0.489137388883,
    0.521525776275,0.553171324392,0.584058154935,0.614174293789,
    0.643511861255,0.672067275623,0.699841470016,0.726840121777,
    0.753073893121,0.778558681564,0.803315879667,0.82737264752,
    0.850762211938,0.873524231594,0.895705325222,0.917359990625,
    0.938552430335,0.95936036531,0.979882458535,1.),.UNSPECIFIED.);
#1793 = CARTESIAN_POINT('',(-0.928376448413,-0.300000226807,9.6));
#1794 = CARTESIAN_POINT('',(-0.928317124188,-0.30007172797,
    9.599999999919));
#1795 = CARTESIAN_POINT('',(-0.928258804421,-0.300144757127,
    9.599999969023));
#1796 = CARTESIAN_POINT('',(-0.928194674991,-0.300208425868,
    9.599999908096));
#1797 = CARTESIAN_POINT('',(-0.928147139616,-0.300304100497,
    9.599999809117));
#1798 = CARTESIAN_POINT('',(-0.928089869409,-0.300346713046,
    9.599999716816));
#1799 = CARTESIAN_POINT('',(-0.927631288375,-0.300901235937,
    9.599998524592));
#1800 = CARTESIAN_POINT('',(-0.927241701753,-0.301372469961,
    9.599996179044));
#1801 = CARTESIAN_POINT('',(-0.926852237204,-0.301843696403,
    9.599992501118));
#1802 = CARTESIAN_POINT('',(-0.926462898482,-0.302314910553,
    9.599987490847));
#1803 = CARTESIAN_POINT('',(-0.926073689335,-0.302786107702,
    9.599981148284));
#1804 = CARTESIAN_POINT('',(-0.924391223218,-0.304823594083,
    9.599947960532));
#1805 = CARTESIAN_POINT('',(-0.923098024436,-0.306391217288,
    9.599907700328));
#1806 = CARTESIAN_POINT('',(-0.921805062982,-0.307960096411,
    9.599852639138));
#1807 = CARTESIAN_POINT('',(-0.920512385401,-0.309530173858,
    9.599782718414));
#1808 = CARTESIAN_POINT('',(-0.919220038953,-0.311101390796,
    9.599697874814));
#1809 = CARTESIAN_POINT('',(-0.916644362018,-0.314235934007,
    9.599498843701));
#1810 = CARTESIAN_POINT('',(-0.915361026777,-0.31579924643,
    9.599384847173));
#1811 = CARTESIAN_POINT('',(-0.914078112951,-0.317363565488,
    9.599255983804));
#1812 = CARTESIAN_POINT('',(-0.912795668571,-0.318928830691,
    9.599112181917));
#1813 = CARTESIAN_POINT('',(-0.911513742639,-0.32049497998,
    9.598953364977));
#1814 = CARTESIAN_POINT('',(-0.908961028972,-0.32361668884,
    9.598606895644));
#1815 = CARTESIAN_POINT('',(-0.90769023248,-0.325172235548,
    9.598419477948));
#1816 = CARTESIAN_POINT('',(-0.906420044456,-0.326728527716,
    9.598217119013));
#1817 = CARTESIAN_POINT('',(-0.90515051494,-0.328285501303,9.59799973439
    ));
#1818 = CARTESIAN_POINT('',(-0.903881695207,-0.329843090356,
    9.597767234667));
#1819 = CARTESIAN_POINT('',(-0.90135724131,-0.332945035146,
    9.597274094192));
#1820 = CARTESIAN_POINT('',(-0.90010159328,-0.334489380741,
    9.597013731826));
#1821 = CARTESIAN_POINT('',(-0.898846744743,-0.33603419781,
    9.596738346595));
#1822 = CARTESIAN_POINT('',(-0.897592748276,-0.337579418096,
    9.596447841623));
#1823 = CARTESIAN_POINT('',(-0.896339657971,-0.339124971065,
    9.59614211494));
#1824 = CARTESIAN_POINT('',(-0.89384862912,-0.342200265887,
    9.595503395838));
#1825 = CARTESIAN_POINT('',(-0.892610670459,-0.343730002145,
    9.595170725526));
#1826 = CARTESIAN_POINT('',(-0.891373707295,-0.345259922193,
    9.594822944847));
#1827 = CARTESIAN_POINT('',(-0.890137795282,-0.346789952868,
    9.594459944854));
#1828 = CARTESIAN_POINT('',(-0.888902991882,-0.34832001835,
    9.594081611342));
#1829 = CARTESIAN_POINT('',(-0.886450415844,-0.351361836429,
    9.593298729127));
#1830 = CARTESIAN_POINT('',(-0.885232615658,-0.352873589913,
    9.592894546305));
#1831 = CARTESIAN_POINT('',(-0.884016012969,-0.354385224919,
    9.59247516116));
#1832 = CARTESIAN_POINT('',(-0.882800667058,-0.355896662677,
    9.592040453037));
#1833 = CARTESIAN_POINT('',(-0.881586639336,-0.357407821333,
    9.591590295845));
#1834 = CARTESIAN_POINT('',(-0.879177400721,-0.360409410192,
    9.590664985863));
#1835 = CARTESIAN_POINT('',(-0.877982153612,-0.361899849803,
    9.590190242783));
#1836 = CARTESIAN_POINT('',(-0.876788313027,-0.363389853206,
    9.589700202468));
#1837 = CARTESIAN_POINT('',(-0.875595942451,-0.364879335282,
    9.589194732944));
#1838 = CARTESIAN_POINT('',(-0.874405107835,-0.366368207371,
    9.588673696621));
#1839 = CARTESIAN_POINT('',(-0.872043943038,-0.369322903834,
    9.587608010175));
#1840 = CARTESIAN_POINT('',(-0.87087356667,-0.370788748297,
    9.587063813603));
#1841 = CARTESIAN_POINT('',(-0.86970481394,-0.372253822457,9.58650422353
    ));
#1842 = CARTESIAN_POINT('',(-0.868537753133,-0.373718034074,
    9.585929097109));
#1843 = CARTESIAN_POINT('',(-0.867372455369,-0.375181286864,
    9.585338285686));
#1844 = CARTESIAN_POINT('',(-0.865063948048,-0.378082531862,
    9.584134585439));
#1845 = CARTESIAN_POINT('',(-0.863920680961,-0.379520557116,
    9.583522193946));
#1846 = CARTESIAN_POINT('',(-0.86277926381,-0.38095746068,9.582894313087
    ));
#1847 = CARTESIAN_POINT('',(-0.861639770297,-0.382393142376,
    9.582250789644));
#1848 = CARTESIAN_POINT('',(-0.860502277367,-0.383827497445,
    9.581591464416));
#1849 = CARTESIAN_POINT('',(-0.858250854427,-0.386668850581,
    9.580252419106));
#1850 = CARTESIAN_POINT('',(-0.857136854092,-0.388075897063,
    9.579573239949));
#1851 = CARTESIAN_POINT('',(-0.856024940298,-0.389481452201,
    9.578878477894));
#1852 = CARTESIAN_POINT('',(-0.854915192821,-0.390885407034,
    9.57816796995));
#1853 = CARTESIAN_POINT('',(-0.853807695112,-0.392287647421,
    9.57744154699));
#1854 = CARTESIAN_POINT('',(-0.851617623138,-0.395062801276,
    9.57597012545));
#1855 = CARTESIAN_POINT('',(-0.850534964221,-0.396435781058,
    9.575225711029));
#1856 = CARTESIAN_POINT('',(-0.849454639928,-0.397806880569,
    9.574465624684));
#1857 = CARTESIAN_POINT('',(-0.848376736785,-0.399175981167,
    9.573689694365));
#1858 = CARTESIAN_POINT('',(-0.847301345471,-0.40054295839,
    9.572897741773));
#1859 = CARTESIAN_POINT('',(-0.845176727587,-0.403245752525,
    9.571297206277));
#1860 = CARTESIAN_POINT('',(-0.844127400421,-0.404581656302,
    9.570489250164));
#1861 = CARTESIAN_POINT('',(-0.84308066864,-0.405915270549,
    9.569665540075));
#1862 = CARTESIAN_POINT('',(-0.842036626235,-0.407246466013,
    9.568825895765));
#1863 = CARTESIAN_POINT('',(-0.840995371854,-0.408575106927,
    9.567970130692));
#1864 = CARTESIAN_POINT('',(-0.838940144957,-0.411199541548,
    9.566244029641));
#1865 = CARTESIAN_POINT('',(-0.837926054201,-0.412495445434,
    9.565374362171));
#1866 = CARTESIAN_POINT('',(-0.836914833511,-0.413788629105,
    9.564488868481));
#1867 = CARTESIAN_POINT('',(-0.835906585068,-0.415078951734,
    9.563587361185));
#1868 = CARTESIAN_POINT('',(-0.834901416263,-0.416366265234,
    9.562669646639));
#1869 = CARTESIAN_POINT('',(-0.832919348603,-0.418906514494,
    9.560821806606));
#1870 = CARTESIAN_POINT('',(-0.831942312099,-0.420159586607,
    9.559892390019));
#1871 = CARTESIAN_POINT('',(-0.830968435509,-0.42140948527,
    9.558947088055));
#1872 = CARTESIAN_POINT('',(-0.829997829954,-0.422656057103,
    9.557985707481));
#1873 = CARTESIAN_POINT('',(-0.82903061235,-0.423899140666,
    9.557008048955));
#1874 = CARTESIAN_POINT('',(-0.827125301432,-0.426349565574,
    9.555042566095));
#1875 = CARTESIAN_POINT('',(-0.826187049234,-0.427557072365,
    9.554055489224));
#1876 = CARTESIAN_POINT('',(-0.825252263218,-0.428760928805,
    9.553052484728));
#1877 = CARTESIAN_POINT('',(-0.824321064197,-0.42996096797,
    9.552033355106));
#1878 = CARTESIAN_POINT('',(-0.823393579395,-0.431157014042,
    9.550997897046));
#1879 = CARTESIAN_POINT('',(-0.821568450153,-0.433512174937,
    9.548919127909));
#1880 = CARTESIAN_POINT('',(-0.820670623751,-0.434671487234,
    9.547876600403));
#1881 = CARTESIAN_POINT('',(-0.819776587437,-0.43582664753,
    9.546818124396));
#1882 = CARTESIAN_POINT('',(-0.818886472453,-0.436977474393,
    9.545743500048));
#1883 = CARTESIAN_POINT('',(-0.818000417092,-0.438123776632,
    9.544652522188));
#1884 = CARTESIAN_POINT('',(-0.816258720334,-0.440378445198,
    9.542465073949));
#1885 = CARTESIAN_POINT('',(-0.815402872072,-0.44148704392,
    9.541369420027));
#1886 = CARTESIAN_POINT('',(-0.814551156584,-0.442590963253,
    9.540257823326));
#1887 = CARTESIAN_POINT('',(-0.813703716239,-0.443690006351,
    9.539130084003));
#1888 = CARTESIAN_POINT('',(-0.812860701104,-0.444783965734,
    9.537985997596));
#1889 = CARTESIAN_POINT('',(-0.811205512185,-0.446933136531,
    9.535694717724));
#1890 = CARTESIAN_POINT('',(-0.810393104887,-0.447988618012,
    9.534548369467));
#1891 = CARTESIAN_POINT('',(-0.809585192838,-0.449038866162,
    9.533386116857));
#1892 = CARTESIAN_POINT('',(-0.808781930154,-0.450083667927,
    9.532207762866));
#1893 = CARTESIAN_POINT('',(-0.807983479289,-0.451122798757,
    9.531013106832));
#1894 = CARTESIAN_POINT('',(-0.806417696992,-0.453161700228,
    9.528623072233));
#1895 = CARTESIAN_POINT('',(-0.805650103828,-0.454161781095,
    9.527428562423));
#1896 = CARTESIAN_POINT('',(-0.804887388967,-0.455156047607,
    9.526218226503));
#1897 = CARTESIAN_POINT('',(-0.804129718775,-0.456144269871,
    9.524991873626));
#1898 = CARTESIAN_POINT('',(-0.803377268544,-0.457126205698,
    9.523749310625));
#1899 = CARTESIAN_POINT('',(-0.801903614161,-0.459050310631,
    9.521265816297));
#1900 = CARTESIAN_POINT('',(-0.801182118766,-0.459992832183,
    9.520025770825));
#1901 = CARTESIAN_POINT('',(-0.800465905789,-0.460928931152,
    9.518770025549));
#1902 = CARTESIAN_POINT('',(-0.79975515415,-0.461858360438,
    9.517498399788));
#1903 = CARTESIAN_POINT('',(-0.799050052221,-0.462780859958,
    9.516210712226));
#1904 = CARTESIAN_POINT('',(-0.797671068794,-0.46458589538,
    9.513639259446));
#1905 = CARTESIAN_POINT('',(-0.796996865696,-0.465468827375,
    9.51235638935));
#1906 = CARTESIAN_POINT('',(-0.796328370212,-0.466344701828,9.5110580033
    ));
#1907 = CARTESIAN_POINT('',(-0.795665773872,-0.467213254434,
    9.509743935444));
#1908 = CARTESIAN_POINT('',(-0.795009278045,-0.468074207389,
    9.508414021392));
#1909 = CARTESIAN_POINT('',(-0.793727329766,-0.46975616387,
    9.505760305484));
#1910 = CARTESIAN_POINT('',(-0.793101525133,-0.47057760766,
    9.504437398667));
#1911 = CARTESIAN_POINT('',(-0.792481873818,-0.471391333504,
    9.503099228102));
#1912 = CARTESIAN_POINT('',(-0.791868579645,-0.472197060384,
    9.501745648133));
#1913 = CARTESIAN_POINT('',(-0.791261856491,-0.472994493526,
    9.500376517121));
#1914 = CARTESIAN_POINT('',(-0.790079128222,-0.474549633879,
    9.497646414826));
#1915 = CARTESIAN_POINT('',(-0.789502740984,-0.475307824829,
    9.496286327569));
#1916 = CARTESIAN_POINT('',(-0.788932971901,-0.476057614325,
    9.49491130929));
#1917 = CARTESIAN_POINT('',(-0.788370036311,-0.476798705782,
    9.493521240634));
#1918 = CARTESIAN_POINT('',(-0.787814159559,-0.477530788948,
    9.492116009266));
#1919 = CARTESIAN_POINT('',(-0.786732656451,-0.478955656333,
    9.48931556572));
#1920 = CARTESIAN_POINT('',(-0.786206619807,-0.479648965469,
    9.48792121407));
#1921 = CARTESIAN_POINT('',(-0.785687682907,-0.480333170231,
    9.48651235818));
#1922 = CARTESIAN_POINT('',(-0.785176071228,-0.481007960428,
    9.485088911786));
#1923 = CARTESIAN_POINT('',(-0.78467201987,-0.481673012752,
    9.483650799101));
#1924 = CARTESIAN_POINT('',(-0.78369356704,-0.482964438191,9.48078621438
    ));
#1925 = CARTESIAN_POINT('',(-0.783218730337,-0.483591373077,
    9.479360565479));
#1926 = CARTESIAN_POINT('',(-0.782751488124,-0.484208486591,
    9.477920948028));
#1927 = CARTESIAN_POINT('',(-0.782292073902,-0.484815457892,
    9.476467316284));
#1928 = CARTESIAN_POINT('',(-0.781840730006,-0.485411954153,
    9.474999638852));
#1929 = CARTESIAN_POINT('',(-0.780966972209,-0.486567063501,
    9.472077253886));
#1930 = CARTESIAN_POINT('',(-0.780544103157,-0.487126268403,
    9.470623317117));
#1931 = CARTESIAN_POINT('',(-0.780129331467,-0.487674928095,
    9.469156072578));
#1932 = CARTESIAN_POINT('',(-0.7797228957,-0.488212715228,9.467675523057
    ));
#1933 = CARTESIAN_POINT('',(-0.779325041958,-0.488739292268,
    9.466181689911));
#1934 = CARTESIAN_POINT('',(-0.778557443193,-0.489755512716,
    9.463207971291));
#1935 = CARTESIAN_POINT('',(-0.778187230284,-0.490245768181,
    9.46172878866));
#1936 = CARTESIAN_POINT('',(-0.77782561915,-0.490724757106,
    9.460237101924));
#1937 = CARTESIAN_POINT('',(-0.777472849466,-0.491192151101,
    9.458732970996));
#1938 = CARTESIAN_POINT('',(-0.777129166583,-0.491647614174,
    9.457216478961));
#1939 = CARTESIAN_POINT('',(-0.776469009534,-0.492522680363,
    9.454198001454));
#1940 = CARTESIAN_POINT('',(-0.776152064515,-0.492942902441,
    9.452696635494));
#1941 = CARTESIAN_POINT('',(-0.775844219046,-0.493351150637,
    9.451183732465));
#1942 = CARTESIAN_POINT('',(-0.775545708884,-0.493747102462,
    9.449659418965));
#1943 = CARTESIAN_POINT('',(-0.775256772961,-0.494130431272,
    9.44812384992));
#1944 = CARTESIAN_POINT('',(-0.774705158216,-0.494862391089,
    9.445067273992));
#1945 = CARTESIAN_POINT('',(-0.774442018479,-0.495211630362,
    9.443546788851));
#1946 = CARTESIAN_POINT('',(-0.774188459796,-0.49554821583,
    9.442015923483));
#1947 = CARTESIAN_POINT('',(-0.773944707735,-0.495871839515,
    9.440474882928));
#1948 = CARTESIAN_POINT('',(-0.773710987812,-0.496182193717,
    9.438923906954));
#1949 = CARTESIAN_POINT('',(-0.773268833042,-0.496769413507,
    9.435835945438));
#1950 = CARTESIAN_POINT('',(-0.773059964223,-0.497046853535,
    9.434299371285));
#1951 = CARTESIAN_POINT('',(-0.772861130814,-0.497311002345,
    9.43275380431));
#1952 = CARTESIAN_POINT('',(-0.772672540315,-0.497561577231,
    9.431199545225));
#1953 = CARTESIAN_POINT('',(-0.772494395945,-0.497798301532,
    9.429636938742));
#1954 = CARTESIAN_POINT('',(-0.77216243636,-0.498239468953,9.42652430392
    ));
#1955 = CARTESIAN_POINT('',(-0.772008237221,-0.498444421404,
    9.424974566565));
#1956 = CARTESIAN_POINT('',(-0.771864488251,-0.498635504884,
    9.423417528897));
#1957 = CARTESIAN_POINT('',(-0.771731368177,-0.498812476482,
    9.421853616475));
#1958 = CARTESIAN_POINT('',(-0.771609045428,-0.498975107479,
    9.420283313026));
#1959 = CARTESIAN_POINT('',(-0.771387840699,-0.499269225084,
    9.417152659709));
#1960 = CARTESIAN_POINT('',(-0.771288657886,-0.499401111407,
    9.415592473076));
#1961 = CARTESIAN_POINT('',(-0.771200282424,-0.499518635144,
    9.414027125145));
#1962 = CARTESIAN_POINT('',(-0.771122847448,-0.499621615812,
    9.412457210573));
#1963 = CARTESIAN_POINT('',(-0.771056466489,-0.499709899623,
    9.410883394066));
#1964 = CARTESIAN_POINT('',(-0.770947089265,-0.499855371227,
    9.407760513769));
#1965 = CARTESIAN_POINT('',(-0.770903655646,-0.499913140612,
    9.406211565049));
#1966 = CARTESIAN_POINT('',(-0.770871020544,-0.499956548663,
    9.40466027379));
#1967 = CARTESIAN_POINT('',(-0.770849243074,-0.499985515402,
    9.40310738686));
#1968 = CARTESIAN_POINT('',(-0.770838353538,-0.499999999845,
    9.401553688435));
#1969 = CARTESIAN_POINT('',(-0.770838353421,-0.5,9.4));
#1970 = TOROIDAL_SURFACE('',#1971,1.6,0.2);
#1971 = AXIS2_PLACEMENT_3D('',#1972,#1973,#1974);
#1972 = CARTESIAN_POINT('',(-2.5,0.,9.4));
#1973 = DIRECTION('',(-0.,-0.,-1.));
#1974 = DIRECTION('',(4.93432455389E-16,-1.,0.));
#1975 = ADVANCED_FACE('',(#1976),#1987,.T.);
#1976 = FACE_BOUND('',#1977,.T.);
#1977 = EDGE_LOOP('',(#1978,#1979,#1985,#1986));
#1978 = ORIENTED_EDGE('',*,*,#1791,.T.);
#1979 = ORIENTED_EDGE('',*,*,#1980,.T.);
#1980 = EDGE_CURVE('',#1783,#1756,#1981,.T.);
#1981 = LINE('',#1982,#1983);
#1982 = CARTESIAN_POINT('',(-0.770838353421,-0.5,9.4));
#1983 = VECTOR('',#1984,1.);
#1984 = DIRECTION('',(1.,0.,0.));
#1985 = ORIENTED_EDGE('',*,*,#1755,.F.);
#1986 = ORIENTED_EDGE('',*,*,#582,.F.);
#1987 = CYLINDRICAL_SURFACE('',#1988,0.2);
#1988 = AXIS2_PLACEMENT_3D('',#1989,#1990,#1991);
#1989 = CARTESIAN_POINT('',(-0.770838353421,-0.3,9.4));
#1990 = DIRECTION('',(1.,0.,0.));
#1991 = DIRECTION('',(0.,0.,1.));
#1992 = ADVANCED_FACE('',(#1993),#2012,.F.);
#1993 = FACE_BOUND('',#1994,.F.);
#1994 = EDGE_LOOP('',(#1995,#2003,#2004,#2005));
#1995 = ORIENTED_EDGE('',*,*,#1996,.F.);
#1996 = EDGE_CURVE('',#675,#1997,#1999,.T.);
#1997 = VERTEX_POINT('',#1998);
#1998 = CARTESIAN_POINT('',(1.3,0.,9.3));
#1999 = LINE('',#2000,#2001);
#2000 = CARTESIAN_POINT('',(1.3,0.,9.3));
#2001 = VECTOR('',#2002,1.);
#2002 = DIRECTION('',(0.707106781187,0.,-0.707106781187));
#2003 = ORIENTED_EDGE('',*,*,#674,.T.);
#2004 = ORIENTED_EDGE('',*,*,#1996,.T.);
#2005 = ORIENTED_EDGE('',*,*,#2006,.F.);
#2006 = EDGE_CURVE('',#1997,#1997,#2007,.T.);
#2007 = CIRCLE('',#2008,1.2);
#2008 = AXIS2_PLACEMENT_3D('',#2009,#2010,#2011);
#2009 = CARTESIAN_POINT('',(2.5,0.,9.3));
#2010 = DIRECTION('',(0.,0.,-1.));
#2011 = DIRECTION('',(-1.,0.,0.));
#2012 = CONICAL_SURFACE('',#2013,1.2,0.785398163397);
#2013 = AXIS2_PLACEMENT_3D('',#2014,#2015,#2016);
#2014 = CARTESIAN_POINT('',(2.5,0.,9.3));
#2015 = DIRECTION('',(0.,0.,1.));
#2016 = DIRECTION('',(-1.,0.,0.));
#2017 = ADVANCED_FACE('',(#2018),#2037,.F.);
#2018 = FACE_BOUND('',#2019,.F.);
#2019 = EDGE_LOOP('',(#2020,#2029,#2035,#2036));
#2020 = ORIENTED_EDGE('',*,*,#2021,.T.);
#2021 = EDGE_CURVE('',#2022,#2022,#2024,.T.);
#2022 = VERTEX_POINT('',#2023);
#2023 = CARTESIAN_POINT('',(-1.3,0.,9.3));
#2024 = CIRCLE('',#2025,1.2);
#2025 = AXIS2_PLACEMENT_3D('',#2026,#2027,#2028);
#2026 = CARTESIAN_POINT('',(-2.5,0.,9.3));
#2027 = DIRECTION('',(0.,0.,1.));
#2028 = DIRECTION('',(1.,0.,0.));
#2029 = ORIENTED_EDGE('',*,*,#2030,.F.);
#2030 = EDGE_CURVE('',#686,#2022,#2031,.T.);
#2031 = LINE('',#2032,#2033);
#2032 = CARTESIAN_POINT('',(-1.3,0.,9.3));
#2033 = VECTOR('',#2034,1.);
#2034 = DIRECTION('',(-0.707106781187,-0.,-0.707106781187));
#2035 = ORIENTED_EDGE('',*,*,#685,.F.);
#2036 = ORIENTED_EDGE('',*,*,#2030,.T.);
#2037 = CONICAL_SURFACE('',#2038,1.2,0.785398163397);
#2038 = AXIS2_PLACEMENT_3D('',#2039,#2040,#2041);
#2039 = CARTESIAN_POINT('',(-2.5,0.,9.3));
#2040 = DIRECTION('',(0.,0.,1.));
#2041 = DIRECTION('',(1.,0.,0.));
#2042 = ADVANCED_FACE('',(#2043),#2069,.T.);
#2043 = FACE_BOUND('',#2044,.T.);
#2044 = EDGE_LOOP('',(#2045,#2053,#2062,#2068));
#2045 = ORIENTED_EDGE('',*,*,#2046,.T.);
#2046 = EDGE_CURVE('',#703,#2047,#2049,.T.);
#2047 = VERTEX_POINT('',#2048);
#2048 = CARTESIAN_POINT('',(-0.770838353421,0.5,3.4));
#2049 = LINE('',#2050,#2051);
#2050 = CARTESIAN_POINT('',(-0.770838353421,0.5,9.6));
#2051 = VECTOR('',#2052,1.);
#2052 = DIRECTION('',(0.,0.,-1.));
#2053 = ORIENTED_EDGE('',*,*,#2054,.T.);
#2054 = EDGE_CURVE('',#2047,#2055,#2057,.T.);
#2055 = VERTEX_POINT('',#2056);
#2056 = CARTESIAN_POINT('',(-2.5,1.8,3.4));
#2057 = CIRCLE('',#2058,1.8);
#2058 = AXIS2_PLACEMENT_3D('',#2059,#2060,#2061);
#2059 = CARTESIAN_POINT('',(-2.5,-2.920758389917E-34,3.4));
#2060 = DIRECTION('',(0.,0.,1.));
#2061 = DIRECTION('',(1.,0.,0.));
#2062 = ORIENTED_EDGE('',*,*,#2063,.F.);
#2063 = EDGE_CURVE('',#705,#2055,#2064,.T.);
#2064 = LINE('',#2065,#2066);
#2065 = CARTESIAN_POINT('',(-2.5,1.8,9.6));
#2066 = VECTOR('',#2067,1.);
#2067 = DIRECTION('',(0.,0.,-1.));
#2068 = ORIENTED_EDGE('',*,*,#702,.F.);
#2069 = CYLINDRICAL_SURFACE('',#2070,1.8);
#2070 = AXIS2_PLACEMENT_3D('',#2071,#2072,#2073);
#2071 = CARTESIAN_POINT('',(-2.5,-1.144588066946E-28,9.6));
#2072 = DIRECTION('',(0.,0.,1.));
#2073 = DIRECTION('',(1.,0.,0.));
#2074 = ADVANCED_FACE('',(#2075),#2093,.T.);
#2075 = FACE_BOUND('',#2076,.T.);
#2076 = EDGE_LOOP('',(#2077,#2085,#2091,#2092));
#2077 = ORIENTED_EDGE('',*,*,#2078,.T.);
#2078 = EDGE_CURVE('',#910,#2079,#2081,.T.);
#2079 = VERTEX_POINT('',#2080);
#2080 = CARTESIAN_POINT('',(0.,0.5,3.4));
#2081 = LINE('',#2082,#2083);
#2082 = CARTESIAN_POINT('',(0.,0.5,9.6));
#2083 = VECTOR('',#2084,1.);
#2084 = DIRECTION('',(0.,0.,-1.));
#2085 = ORIENTED_EDGE('',*,*,#2086,.T.);
#2086 = EDGE_CURVE('',#2079,#2047,#2087,.T.);
#2087 = LINE('',#2088,#2089);
#2088 = CARTESIAN_POINT('',(0.,0.5,3.4));
#2089 = VECTOR('',#2090,1.);
#2090 = DIRECTION('',(-1.,0.,0.));
#2091 = ORIENTED_EDGE('',*,*,#2046,.F.);
#2092 = ORIENTED_EDGE('',*,*,#918,.F.);
#2093 = PLANE('',#2094);
#2094 = AXIS2_PLACEMENT_3D('',#2095,#2096,#2097);
#2095 = CARTESIAN_POINT('',(0.,0.5,9.6));
#2096 = DIRECTION('',(0.,1.,0.));
#2097 = DIRECTION('',(-1.,0.,0.));
#2098 = ADVANCED_FACE('',(#2099),#2117,.F.);
#2099 = FACE_BOUND('',#2100,.F.);
#2100 = EDGE_LOOP('',(#2101,#2102,#2103,#2111));
#2101 = ORIENTED_EDGE('',*,*,#2063,.F.);
#2102 = ORIENTED_EDGE('',*,*,#935,.T.);
#2103 = ORIENTED_EDGE('',*,*,#2104,.T.);
#2104 = EDGE_CURVE('',#936,#2105,#2107,.T.);
#2105 = VERTEX_POINT('',#2106);
#2106 = CARTESIAN_POINT('',(-3.292893218813,1.8,3.4));
#2107 = LINE('',#2108,#2109);
#2108 = CARTESIAN_POINT('',(-3.292893218813,1.8,9.6));
#2109 = VECTOR('',#2110,1.);
#2110 = DIRECTION('',(0.,0.,-1.));
#2111 = ORIENTED_EDGE('',*,*,#2112,.T.);
#2112 = EDGE_CURVE('',#2105,#2055,#2113,.T.);
#2113 = LINE('',#2114,#2115);
#2114 = CARTESIAN_POINT('',(-4.3,1.8,3.4));
#2115 = VECTOR('',#2116,1.);
#2116 = DIRECTION('',(1.,0.,0.));
#2117 = PLANE('',#2118);
#2118 = AXIS2_PLACEMENT_3D('',#2119,#2120,#2121);
#2119 = CARTESIAN_POINT('',(-3.5,1.8,9.8));
#2120 = DIRECTION('',(0.,-1.,0.));
#2121 = DIRECTION('',(1.,0.,0.));
#2122 = ADVANCED_FACE('',(#2123),#2141,.T.);
#2123 = FACE_BOUND('',#2124,.F.);
#2124 = EDGE_LOOP('',(#2125,#2126,#2134,#2140));
#2125 = ORIENTED_EDGE('',*,*,#2078,.T.);
#2126 = ORIENTED_EDGE('',*,*,#2127,.T.);
#2127 = EDGE_CURVE('',#2079,#2128,#2130,.T.);
#2128 = VERTEX_POINT('',#2129);
#2129 = CARTESIAN_POINT('',(0.770838353421,0.5,3.4));
#2130 = LINE('',#2131,#2132);
#2131 = CARTESIAN_POINT('',(0.,0.5,3.4));
#2132 = VECTOR('',#2133,1.);
#2133 = DIRECTION('',(1.,0.,0.));
#2134 = ORIENTED_EDGE('',*,*,#2135,.F.);
#2135 = EDGE_CURVE('',#960,#2128,#2136,.T.);
#2136 = LINE('',#2137,#2138);
#2137 = CARTESIAN_POINT('',(0.770838353421,0.5,9.6));
#2138 = VECTOR('',#2139,1.);
#2139 = DIRECTION('',(-0.,-0.,-1.));
#2140 = ORIENTED_EDGE('',*,*,#1141,.T.);
#2141 = PLANE('',#2142);
#2142 = AXIS2_PLACEMENT_3D('',#2143,#2144,#2145);
#2143 = CARTESIAN_POINT('',(0.,0.5,9.6));
#2144 = DIRECTION('',(0.,1.,0.));
#2145 = DIRECTION('',(-1.,0.,0.));
#2146 = ADVANCED_FACE('',(#2147),#2166,.T.);
#2147 = FACE_BOUND('',#2148,.T.);
#2148 = EDGE_LOOP('',(#2149,#2157,#2158,#2159));
#2149 = ORIENTED_EDGE('',*,*,#2150,.F.);
#2150 = EDGE_CURVE('',#1158,#2151,#2153,.T.);
#2151 = VERTEX_POINT('',#2152);
#2152 = CARTESIAN_POINT('',(-3.505025253169,1.712132034356,3.4));
#2153 = LINE('',#2154,#2155);
#2154 = CARTESIAN_POINT('',(-3.505025253169,1.712132034356,9.6));
#2155 = VECTOR('',#2156,1.);
#2156 = DIRECTION('',(0.,0.,-1.));
#2157 = ORIENTED_EDGE('',*,*,#1157,.F.);
#2158 = ORIENTED_EDGE('',*,*,#2104,.T.);
#2159 = ORIENTED_EDGE('',*,*,#2160,.F.);
#2160 = EDGE_CURVE('',#2151,#2105,#2161,.T.);
#2161 = CIRCLE('',#2162,0.3);
#2162 = AXIS2_PLACEMENT_3D('',#2163,#2164,#2165);
#2163 = CARTESIAN_POINT('',(-3.292893218813,1.5,3.4));
#2164 = DIRECTION('',(0.,0.,-1.));
#2165 = DIRECTION('',(-0.707106781187,0.707106781187,0.));
#2166 = CYLINDRICAL_SURFACE('',#2167,0.3);
#2167 = AXIS2_PLACEMENT_3D('',#2168,#2169,#2170);
#2168 = CARTESIAN_POINT('',(-3.292893218813,1.5,9.6));
#2169 = DIRECTION('',(0.,0.,-1.));
#2170 = DIRECTION('',(-0.707106781187,0.707106781187,0.));
#2171 = ADVANCED_FACE('',(#2172),#2191,.T.);
#2172 = FACE_BOUND('',#2173,.T.);
#2173 = EDGE_LOOP('',(#2174,#2175,#2183,#2190));
#2174 = ORIENTED_EDGE('',*,*,#1201,.T.);
#2175 = ORIENTED_EDGE('',*,*,#2176,.T.);
#2176 = EDGE_CURVE('',#1193,#2177,#2179,.T.);
#2177 = VERTEX_POINT('',#2178);
#2178 = CARTESIAN_POINT('',(2.5,1.8,3.4));
#2179 = LINE('',#2180,#2181);
#2180 = CARTESIAN_POINT('',(2.5,1.8,9.6));
#2181 = VECTOR('',#2182,1.);
#2182 = DIRECTION('',(-0.,-0.,-1.));
#2183 = ORIENTED_EDGE('',*,*,#2184,.F.);
#2184 = EDGE_CURVE('',#2128,#2177,#2185,.T.);
#2185 = CIRCLE('',#2186,1.8);
#2186 = AXIS2_PLACEMENT_3D('',#2187,#2188,#2189);
#2187 = CARTESIAN_POINT('',(2.5,-2.920758389917E-34,3.4));
#2188 = DIRECTION('',(0.,0.,-1.));
#2189 = DIRECTION('',(-1.,-0.,-0.));
#2190 = ORIENTED_EDGE('',*,*,#2135,.F.);
#2191 = CYLINDRICAL_SURFACE('',#2192,1.8);
#2192 = AXIS2_PLACEMENT_3D('',#2193,#2194,#2195);
#2193 = CARTESIAN_POINT('',(2.5,-1.144588066946E-28,9.6));
#2194 = DIRECTION('',(0.,0.,1.));
#2195 = DIRECTION('',(-1.,0.,0.));
#2196 = ADVANCED_FACE('',(#2197),#2215,.F.);
#2197 = FACE_BOUND('',#2198,.F.);
#2198 = EDGE_LOOP('',(#2199,#2200,#2201,#2209));
#2199 = ORIENTED_EDGE('',*,*,#2150,.F.);
#2200 = ORIENTED_EDGE('',*,*,#1217,.T.);
#2201 = ORIENTED_EDGE('',*,*,#2202,.T.);
#2202 = EDGE_CURVE('',#1218,#2203,#2205,.T.);
#2203 = VERTEX_POINT('',#2204);
#2204 = CARTESIAN_POINT('',(-4.212132034356,1.005025253169,3.4));
#2205 = LINE('',#2206,#2207);
#2206 = CARTESIAN_POINT('',(-4.212132034356,1.005025253169,9.6));
#2207 = VECTOR('',#2208,1.);
#2208 = DIRECTION('',(0.,0.,-1.));
#2209 = ORIENTED_EDGE('',*,*,#2210,.T.);
#2210 = EDGE_CURVE('',#2203,#2151,#2211,.T.);
#2211 = LINE('',#2212,#2213);
#2212 = CARTESIAN_POINT('',(-5.018386264898,0.198771022627,3.4));
#2213 = VECTOR('',#2214,1.);
#2214 = DIRECTION('',(0.707106781187,0.707106781187,0.));
#2215 = PLANE('',#2216);
#2216 = AXIS2_PLACEMENT_3D('',#2217,#2218,#2219);
#2217 = CARTESIAN_POINT('',(-4.358578643763,0.858578643763,9.8));
#2218 = DIRECTION('',(0.707106781187,-0.707106781187,0.));
#2219 = DIRECTION('',(0.707106781187,0.707106781187,0.));
#2220 = ADVANCED_FACE('',(#2221),#2239,.F.);
#2221 = FACE_BOUND('',#2222,.F.);
#2222 = EDGE_LOOP('',(#2223,#2231,#2232,#2233));
#2223 = ORIENTED_EDGE('',*,*,#2224,.F.);
#2224 = EDGE_CURVE('',#1243,#2225,#2227,.T.);
#2225 = VERTEX_POINT('',#2226);
#2226 = CARTESIAN_POINT('',(4.,1.8,3.4));
#2227 = LINE('',#2228,#2229);
#2228 = CARTESIAN_POINT('',(4.,1.8,9.6));
#2229 = VECTOR('',#2230,1.);
#2230 = DIRECTION('',(0.,0.,-1.));
#2231 = ORIENTED_EDGE('',*,*,#1251,.F.);
#2232 = ORIENTED_EDGE('',*,*,#2176,.T.);
#2233 = ORIENTED_EDGE('',*,*,#2234,.T.);
#2234 = EDGE_CURVE('',#2177,#2225,#2235,.T.);
#2235 = LINE('',#2236,#2237);
#2236 = CARTESIAN_POINT('',(-4.3,1.8,3.4));
#2237 = VECTOR('',#2238,1.);
#2238 = DIRECTION('',(1.,0.,0.));
#2239 = PLANE('',#2240);
#2240 = AXIS2_PLACEMENT_3D('',#2241,#2242,#2243);
#2241 = CARTESIAN_POINT('',(-3.5,1.8,9.8));
#2242 = DIRECTION('',(0.,-1.,0.));
#2243 = DIRECTION('',(1.,0.,0.));
#2244 = ADVANCED_FACE('',(#2245),#2264,.T.);
#2245 = FACE_BOUND('',#2246,.T.);
#2246 = EDGE_LOOP('',(#2247,#2255,#2256,#2257));
#2247 = ORIENTED_EDGE('',*,*,#2248,.F.);
#2248 = EDGE_CURVE('',#1267,#2249,#2251,.T.);
#2249 = VERTEX_POINT('',#2250);
#2250 = CARTESIAN_POINT('',(-4.3,0.792893218813,3.4));
#2251 = LINE('',#2252,#2253);
#2252 = CARTESIAN_POINT('',(-4.3,0.792893218813,9.6));
#2253 = VECTOR('',#2254,1.);
#2254 = DIRECTION('',(0.,0.,-1.));
#2255 = ORIENTED_EDGE('',*,*,#1266,.F.);
#2256 = ORIENTED_EDGE('',*,*,#2202,.T.);
#2257 = ORIENTED_EDGE('',*,*,#2258,.F.);
#2258 = EDGE_CURVE('',#2249,#2203,#2259,.T.);
#2259 = CIRCLE('',#2260,0.3);
#2260 = AXIS2_PLACEMENT_3D('',#2261,#2262,#2263);
#2261 = CARTESIAN_POINT('',(-4.,0.792893218813,3.4));
#2262 = DIRECTION('',(0.,0.,-1.));
#2263 = DIRECTION('',(-1.,-0.,-0.));
#2264 = CYLINDRICAL_SURFACE('',#2265,0.3);
#2265 = AXIS2_PLACEMENT_3D('',#2266,#2267,#2268);
#2266 = CARTESIAN_POINT('',(-4.,0.792893218813,9.6));
#2267 = DIRECTION('',(0.,0.,-1.));
#2268 = DIRECTION('',(-1.,-0.,-0.));
#2269 = ADVANCED_FACE('',(#2270),#2289,.T.);
#2270 = FACE_BOUND('',#2271,.T.);
#2271 = EDGE_LOOP('',(#2272,#2273,#2274,#2282));
#2272 = ORIENTED_EDGE('',*,*,#2224,.F.);
#2273 = ORIENTED_EDGE('',*,*,#1310,.T.);
#2274 = ORIENTED_EDGE('',*,*,#2275,.T.);
#2275 = EDGE_CURVE('',#1302,#2276,#2278,.T.);
#2276 = VERTEX_POINT('',#2277);
#2277 = CARTESIAN_POINT('',(4.3,1.5,3.4));
#2278 = LINE('',#2279,#2280);
#2279 = CARTESIAN_POINT('',(4.3,1.5,9.6));
#2280 = VECTOR('',#2281,1.);
#2281 = DIRECTION('',(0.,0.,-1.));
#2282 = ORIENTED_EDGE('',*,*,#2283,.F.);
#2283 = EDGE_CURVE('',#2225,#2276,#2284,.T.);
#2284 = CIRCLE('',#2285,0.3);
#2285 = AXIS2_PLACEMENT_3D('',#2286,#2287,#2288);
#2286 = CARTESIAN_POINT('',(4.,1.5,3.4));
#2287 = DIRECTION('',(0.,0.,-1.));
#2288 = DIRECTION('',(0.,1.,0.));
#2289 = CYLINDRICAL_SURFACE('',#2290,0.3);
#2290 = AXIS2_PLACEMENT_3D('',#2291,#2292,#2293);
#2291 = CARTESIAN_POINT('',(4.,1.5,9.6));
#2292 = DIRECTION('',(0.,0.,-1.));
#2293 = DIRECTION('',(0.,1.,0.));
#2294 = ADVANCED_FACE('',(#2295),#2313,.F.);
#2295 = FACE_BOUND('',#2296,.F.);
#2296 = EDGE_LOOP('',(#2297,#2298,#2299,#2307));
#2297 = ORIENTED_EDGE('',*,*,#2248,.F.);
#2298 = ORIENTED_EDGE('',*,*,#1333,.T.);
#2299 = ORIENTED_EDGE('',*,*,#2300,.T.);
#2300 = EDGE_CURVE('',#1334,#2301,#2303,.T.);
#2301 = VERTEX_POINT('',#2302);
#2302 = CARTESIAN_POINT('',(-4.3,-0.792893218813,3.4));
#2303 = LINE('',#2304,#2305);
#2304 = CARTESIAN_POINT('',(-4.3,-0.792893218813,9.6));
#2305 = VECTOR('',#2306,1.);
#2306 = DIRECTION('',(0.,0.,-1.));
#2307 = ORIENTED_EDGE('',*,*,#2308,.T.);
#2308 = EDGE_CURVE('',#2301,#2249,#2309,.T.);
#2309 = LINE('',#2310,#2311);
#2310 = CARTESIAN_POINT('',(-4.3,-1.019615242271,3.4));
#2311 = VECTOR('',#2312,1.);
#2312 = DIRECTION('',(0.,1.,0.));
#2313 = PLANE('',#2314);
#2314 = AXIS2_PLACEMENT_3D('',#2315,#2316,#2317);
#2315 = CARTESIAN_POINT('',(-4.3,-1.,9.8));
#2316 = DIRECTION('',(1.,0.,0.));
#2317 = DIRECTION('',(0.,1.,0.));
#2318 = ADVANCED_FACE('',(#2319),#2337,.F.);
#2319 = FACE_BOUND('',#2320,.F.);
#2320 = EDGE_LOOP('',(#2321,#2329,#2330,#2331));
#2321 = ORIENTED_EDGE('',*,*,#2322,.F.);
#2322 = EDGE_CURVE('',#1359,#2323,#2325,.T.);
#2323 = VERTEX_POINT('',#2324);
#2324 = CARTESIAN_POINT('',(4.3,-1.5,3.4));
#2325 = LINE('',#2326,#2327);
#2326 = CARTESIAN_POINT('',(4.3,-1.5,9.6));
#2327 = VECTOR('',#2328,1.);
#2328 = DIRECTION('',(0.,0.,-1.));
#2329 = ORIENTED_EDGE('',*,*,#1367,.F.);
#2330 = ORIENTED_EDGE('',*,*,#2275,.T.);
#2331 = ORIENTED_EDGE('',*,*,#2332,.T.);
#2332 = EDGE_CURVE('',#2276,#2323,#2333,.T.);
#2333 = LINE('',#2334,#2335);
#2334 = CARTESIAN_POINT('',(4.3,0.480384757729,3.4));
#2335 = VECTOR('',#2336,1.);
#2336 = DIRECTION('',(0.,-1.,0.));
#2337 = PLANE('',#2338);
#2338 = AXIS2_PLACEMENT_3D('',#2339,#2340,#2341);
#2339 = CARTESIAN_POINT('',(4.3,2.,9.8));
#2340 = DIRECTION('',(-1.,-0.,-0.));
#2341 = DIRECTION('',(0.,-1.,0.));
#2342 = ADVANCED_FACE('',(#2343),#2362,.T.);
#2343 = FACE_BOUND('',#2344,.T.);
#2344 = EDGE_LOOP('',(#2345,#2354,#2360,#2361));
#2345 = ORIENTED_EDGE('',*,*,#2346,.F.);
#2346 = EDGE_CURVE('',#2347,#2301,#2349,.T.);
#2347 = VERTEX_POINT('',#2348);
#2348 = CARTESIAN_POINT('',(-4.212132034356,-1.005025253169,3.4));
#2349 = CIRCLE('',#2350,0.3);
#2350 = AXIS2_PLACEMENT_3D('',#2351,#2352,#2353);
#2351 = CARTESIAN_POINT('',(-4.,-0.792893218813,3.4));
#2352 = DIRECTION('',(0.,0.,-1.));
#2353 = DIRECTION('',(-1.,-0.,-0.));
#2354 = ORIENTED_EDGE('',*,*,#2355,.F.);
#2355 = EDGE_CURVE('',#1383,#2347,#2356,.T.);
#2356 = LINE('',#2357,#2358);
#2357 = CARTESIAN_POINT('',(-4.212132034356,-1.005025253169,9.6));
#2358 = VECTOR('',#2359,1.);
#2359 = DIRECTION('',(0.,0.,-1.));
#2360 = ORIENTED_EDGE('',*,*,#1382,.F.);
#2361 = ORIENTED_EDGE('',*,*,#2300,.T.);
#2362 = CYLINDRICAL_SURFACE('',#2363,0.3);
#2363 = AXIS2_PLACEMENT_3D('',#2364,#2365,#2366);
#2364 = CARTESIAN_POINT('',(-4.,-0.792893218813,9.6));
#2365 = DIRECTION('',(0.,0.,-1.));
#2366 = DIRECTION('',(-1.,-0.,-0.));
#2367 = ADVANCED_FACE('',(#2368),#2387,.T.);
#2368 = FACE_BOUND('',#2369,.T.);
#2369 = EDGE_LOOP('',(#2370,#2371,#2372,#2380));
#2370 = ORIENTED_EDGE('',*,*,#2322,.F.);
#2371 = ORIENTED_EDGE('',*,*,#1426,.T.);
#2372 = ORIENTED_EDGE('',*,*,#2373,.T.);
#2373 = EDGE_CURVE('',#1418,#2374,#2376,.T.);
#2374 = VERTEX_POINT('',#2375);
#2375 = CARTESIAN_POINT('',(4.,-1.8,3.4));
#2376 = LINE('',#2377,#2378);
#2377 = CARTESIAN_POINT('',(4.,-1.8,9.6));
#2378 = VECTOR('',#2379,1.);
#2379 = DIRECTION('',(0.,0.,-1.));
#2380 = ORIENTED_EDGE('',*,*,#2381,.F.);
#2381 = EDGE_CURVE('',#2323,#2374,#2382,.T.);
#2382 = CIRCLE('',#2383,0.3);
#2383 = AXIS2_PLACEMENT_3D('',#2384,#2385,#2386);
#2384 = CARTESIAN_POINT('',(4.,-1.5,3.4));
#2385 = DIRECTION('',(0.,0.,-1.));
#2386 = DIRECTION('',(1.,0.,0.));
#2387 = CYLINDRICAL_SURFACE('',#2388,0.3);
#2388 = AXIS2_PLACEMENT_3D('',#2389,#2390,#2391);
#2389 = CARTESIAN_POINT('',(4.,-1.5,9.6));
#2390 = DIRECTION('',(0.,0.,-1.));
#2391 = DIRECTION('',(1.,0.,0.));
#2392 = ADVANCED_FACE('',(#2393),#2411,.T.);
#2393 = FACE_BOUND('',#2394,.T.);
#2394 = EDGE_LOOP('',(#2395,#2403,#2409,#2410));
#2395 = ORIENTED_EDGE('',*,*,#2396,.T.);
#2396 = EDGE_CURVE('',#2347,#2397,#2399,.T.);
#2397 = VERTEX_POINT('',#2398);
#2398 = CARTESIAN_POINT('',(-3.505025253169,-1.712132034356,3.4));
#2399 = LINE('',#2400,#2401);
#2400 = CARTESIAN_POINT('',(-4.498771022627,-0.718386264898,3.4));
#2401 = VECTOR('',#2402,1.);
#2402 = DIRECTION('',(0.707106781187,-0.707106781187,0.));
#2403 = ORIENTED_EDGE('',*,*,#2404,.T.);
#2404 = EDGE_CURVE('',#2397,#1450,#2405,.T.);
#2405 = LINE('',#2406,#2407);
#2406 = CARTESIAN_POINT('',(-3.505025253169,-1.712132034356,
    -1.7763568394E-15));
#2407 = VECTOR('',#2408,1.);
#2408 = DIRECTION('',(0.,0.,1.));
#2409 = ORIENTED_EDGE('',*,*,#1449,.F.);
#2410 = ORIENTED_EDGE('',*,*,#2355,.T.);
#2411 = PLANE('',#2412);
#2412 = AXIS2_PLACEMENT_3D('',#2413,#2414,#2415);
#2413 = CARTESIAN_POINT('',(-4.358578643763,-0.858578643763,9.8));
#2414 = DIRECTION('',(-0.707106781187,-0.707106781187,-0.));
#2415 = DIRECTION('',(0.707106781187,-0.707106781187,0.));
#2416 = ADVANCED_FACE('',(#2417),#2435,.F.);
#2417 = FACE_BOUND('',#2418,.F.);
#2418 = EDGE_LOOP('',(#2419,#2427,#2428,#2429));
#2419 = ORIENTED_EDGE('',*,*,#2420,.F.);
#2420 = EDGE_CURVE('',#1475,#2421,#2423,.T.);
#2421 = VERTEX_POINT('',#2422);
#2422 = CARTESIAN_POINT('',(2.5,-1.8,3.4));
#2423 = LINE('',#2424,#2425);
#2424 = CARTESIAN_POINT('',(2.5,-1.8,9.6));
#2425 = VECTOR('',#2426,1.);
#2426 = DIRECTION('',(0.,0.,-1.));
#2427 = ORIENTED_EDGE('',*,*,#1483,.F.);
#2428 = ORIENTED_EDGE('',*,*,#2373,.T.);
#2429 = ORIENTED_EDGE('',*,*,#2430,.T.);
#2430 = EDGE_CURVE('',#2374,#2421,#2431,.T.);
#2431 = LINE('',#2432,#2433);
#2432 = CARTESIAN_POINT('',(-0.3,-1.8,3.4));
#2433 = VECTOR('',#2434,1.);
#2434 = DIRECTION('',(-1.,0.,0.));
#2435 = PLANE('',#2436);
#2436 = AXIS2_PLACEMENT_3D('',#2437,#2438,#2439);
#2437 = CARTESIAN_POINT('',(4.5,-1.8,9.8));
#2438 = DIRECTION('',(0.,1.,0.));
#2439 = DIRECTION('',(-1.,0.,0.));
#2440 = ADVANCED_FACE('',(#2441),#2460,.T.);
#2441 = FACE_BOUND('',#2442,.T.);
#2442 = EDGE_LOOP('',(#2443,#2444,#2445,#2454));
#2443 = ORIENTED_EDGE('',*,*,#1498,.F.);
#2444 = ORIENTED_EDGE('',*,*,#2404,.F.);
#2445 = ORIENTED_EDGE('',*,*,#2446,.T.);
#2446 = EDGE_CURVE('',#2397,#2447,#2449,.T.);
#2447 = VERTEX_POINT('',#2448);
#2448 = CARTESIAN_POINT('',(-3.292893218813,-1.8,3.4));
#2449 = CIRCLE('',#2450,0.3);
#2450 = AXIS2_PLACEMENT_3D('',#2451,#2452,#2453);
#2451 = CARTESIAN_POINT('',(-3.292893218813,-1.5,3.4));
#2452 = DIRECTION('',(-0.,0.,1.));
#2453 = DIRECTION('',(0.,-1.,0.));
#2454 = ORIENTED_EDGE('',*,*,#2455,.T.);
#2455 = EDGE_CURVE('',#2447,#1499,#2456,.T.);
#2456 = LINE('',#2457,#2458);
#2457 = CARTESIAN_POINT('',(-3.292893218813,-1.8,-1.7763568394E-15));
#2458 = VECTOR('',#2459,1.);
#2459 = DIRECTION('',(0.,0.,1.));
#2460 = CYLINDRICAL_SURFACE('',#2461,0.3);
#2461 = AXIS2_PLACEMENT_3D('',#2462,#2463,#2464);
#2462 = CARTESIAN_POINT('',(-3.292893218813,-1.5,-1.7763568394E-15));
#2463 = DIRECTION('',(0.,0.,1.));
#2464 = DIRECTION('',(0.,-1.,0.));
#2465 = ADVANCED_FACE('',(#2466),#2485,.T.);
#2466 = FACE_BOUND('',#2467,.T.);
#2467 = EDGE_LOOP('',(#2468,#2476,#2483,#2484));
#2468 = ORIENTED_EDGE('',*,*,#2469,.T.);
#2469 = EDGE_CURVE('',#1532,#2470,#2472,.T.);
#2470 = VERTEX_POINT('',#2471);
#2471 = CARTESIAN_POINT('',(0.770838353421,-0.5,3.4));
#2472 = LINE('',#2473,#2474);
#2473 = CARTESIAN_POINT('',(0.770838353421,-0.5,9.6));
#2474 = VECTOR('',#2475,1.);
#2475 = DIRECTION('',(0.,0.,-1.));
#2476 = ORIENTED_EDGE('',*,*,#2477,.T.);
#2477 = EDGE_CURVE('',#2470,#2421,#2478,.T.);
#2478 = CIRCLE('',#2479,1.8);
#2479 = AXIS2_PLACEMENT_3D('',#2480,#2481,#2482);
#2480 = CARTESIAN_POINT('',(2.5,2.920758389917E-34,3.4));
#2481 = DIRECTION('',(0.,0.,1.));
#2482 = DIRECTION('',(-1.,0.,0.));
#2483 = ORIENTED_EDGE('',*,*,#2420,.F.);
#2484 = ORIENTED_EDGE('',*,*,#1713,.T.);
#2485 = CYLINDRICAL_SURFACE('',#2486,1.8);
#2486 = AXIS2_PLACEMENT_3D('',#2487,#2488,#2489);
#2487 = CARTESIAN_POINT('',(2.5,1.144588066946E-28,9.6));
#2488 = DIRECTION('',(0.,0.,1.));
#2489 = DIRECTION('',(-1.,0.,0.));
#2490 = ADVANCED_FACE('',(#2491),#2509,.F.);
#2491 = FACE_BOUND('',#2492,.F.);
#2492 = EDGE_LOOP('',(#2493,#2501,#2502,#2503));
#2493 = ORIENTED_EDGE('',*,*,#2494,.T.);
#2494 = EDGE_CURVE('',#2495,#2447,#2497,.T.);
#2495 = VERTEX_POINT('',#2496);
#2496 = CARTESIAN_POINT('',(-2.5,-1.8,3.4));
#2497 = LINE('',#2498,#2499);
#2498 = CARTESIAN_POINT('',(-0.3,-1.8,3.4));
#2499 = VECTOR('',#2500,1.);
#2500 = DIRECTION('',(-1.,0.,0.));
#2501 = ORIENTED_EDGE('',*,*,#2455,.T.);
#2502 = ORIENTED_EDGE('',*,*,#1731,.T.);
#2503 = ORIENTED_EDGE('',*,*,#2504,.T.);
#2504 = EDGE_CURVE('',#1732,#2495,#2505,.T.);
#2505 = LINE('',#2506,#2507);
#2506 = CARTESIAN_POINT('',(-2.5,-1.8,9.6));
#2507 = VECTOR('',#2508,1.);
#2508 = DIRECTION('',(-0.,-0.,-1.));
#2509 = PLANE('',#2510);
#2510 = AXIS2_PLACEMENT_3D('',#2511,#2512,#2513);
#2511 = CARTESIAN_POINT('',(4.5,-1.8,9.8));
#2512 = DIRECTION('',(0.,1.,0.));
#2513 = DIRECTION('',(-1.,0.,0.));
#2514 = ADVANCED_FACE('',(#2515),#2533,.T.);
#2515 = FACE_BOUND('',#2516,.T.);
#2516 = EDGE_LOOP('',(#2517,#2525,#2531,#2532));
#2517 = ORIENTED_EDGE('',*,*,#2518,.T.);
#2518 = EDGE_CURVE('',#1756,#2519,#2521,.T.);
#2519 = VERTEX_POINT('',#2520);
#2520 = CARTESIAN_POINT('',(0.,-0.5,3.4));
#2521 = LINE('',#2522,#2523);
#2522 = CARTESIAN_POINT('',(0.,-0.5,9.6));
#2523 = VECTOR('',#2524,1.);
#2524 = DIRECTION('',(-0.,-0.,-1.));
#2525 = ORIENTED_EDGE('',*,*,#2526,.T.);
#2526 = EDGE_CURVE('',#2519,#2470,#2527,.T.);
#2527 = LINE('',#2528,#2529);
#2528 = CARTESIAN_POINT('',(0.,-0.5,3.4));
#2529 = VECTOR('',#2530,1.);
#2530 = DIRECTION('',(1.,0.,0.));
#2531 = ORIENTED_EDGE('',*,*,#2469,.F.);
#2532 = ORIENTED_EDGE('',*,*,#1764,.F.);
#2533 = PLANE('',#2534);
#2534 = AXIS2_PLACEMENT_3D('',#2535,#2536,#2537);
#2535 = CARTESIAN_POINT('',(0.,-0.5,9.6));
#2536 = DIRECTION('',(-0.,-1.,-0.));
#2537 = DIRECTION('',(1.,0.,0.));
#2538 = ADVANCED_FACE('',(#2539),#2558,.T.);
#2539 = FACE_BOUND('',#2540,.T.);
#2540 = EDGE_LOOP('',(#2541,#2542,#2543,#2552));
#2541 = ORIENTED_EDGE('',*,*,#1782,.F.);
#2542 = ORIENTED_EDGE('',*,*,#2504,.T.);
#2543 = ORIENTED_EDGE('',*,*,#2544,.F.);
#2544 = EDGE_CURVE('',#2545,#2495,#2547,.T.);
#2545 = VERTEX_POINT('',#2546);
#2546 = CARTESIAN_POINT('',(-0.770838353421,-0.5,3.4));
#2547 = CIRCLE('',#2548,1.8);
#2548 = AXIS2_PLACEMENT_3D('',#2549,#2550,#2551);
#2549 = CARTESIAN_POINT('',(-2.5,2.920758389917E-34,3.4));
#2550 = DIRECTION('',(0.,0.,-1.));
#2551 = DIRECTION('',(1.,0.,0.));
#2552 = ORIENTED_EDGE('',*,*,#2553,.F.);
#2553 = EDGE_CURVE('',#1783,#2545,#2554,.T.);
#2554 = LINE('',#2555,#2556);
#2555 = CARTESIAN_POINT('',(-0.770838353421,-0.5,9.6));
#2556 = VECTOR('',#2557,1.);
#2557 = DIRECTION('',(-0.,-0.,-1.));
#2558 = CYLINDRICAL_SURFACE('',#2559,1.8);
#2559 = AXIS2_PLACEMENT_3D('',#2560,#2561,#2562);
#2560 = CARTESIAN_POINT('',(-2.5,1.144588066946E-28,9.6));
#2561 = DIRECTION('',(0.,0.,1.));
#2562 = DIRECTION('',(1.,0.,0.));
#2563 = ADVANCED_FACE('',(#2564),#2575,.T.);
#2564 = FACE_BOUND('',#2565,.F.);
#2565 = EDGE_LOOP('',(#2566,#2567,#2573,#2574));
#2566 = ORIENTED_EDGE('',*,*,#2518,.T.);
#2567 = ORIENTED_EDGE('',*,*,#2568,.T.);
#2568 = EDGE_CURVE('',#2519,#2545,#2569,.T.);
#2569 = LINE('',#2570,#2571);
#2570 = CARTESIAN_POINT('',(0.,-0.5,3.4));
#2571 = VECTOR('',#2572,1.);
#2572 = DIRECTION('',(-1.,-0.,-0.));
#2573 = ORIENTED_EDGE('',*,*,#2553,.F.);
#2574 = ORIENTED_EDGE('',*,*,#1980,.T.);
#2575 = PLANE('',#2576);
#2576 = AXIS2_PLACEMENT_3D('',#2577,#2578,#2579);
#2577 = CARTESIAN_POINT('',(0.,-0.5,9.6));
#2578 = DIRECTION('',(-0.,-1.,-0.));
#2579 = DIRECTION('',(1.,0.,0.));
#2580 = ADVANCED_FACE('',(#2581),#2600,.F.);
#2581 = FACE_BOUND('',#2582,.F.);
#2582 = EDGE_LOOP('',(#2583,#2592,#2598,#2599));
#2583 = ORIENTED_EDGE('',*,*,#2584,.T.);
#2584 = EDGE_CURVE('',#2585,#2585,#2587,.T.);
#2585 = VERTEX_POINT('',#2586);
#2586 = CARTESIAN_POINT('',(1.3,0.,-1.7763568394E-15));
#2587 = CIRCLE('',#2588,1.2);
#2588 = AXIS2_PLACEMENT_3D('',#2589,#2590,#2591);
#2589 = CARTESIAN_POINT('',(2.5,0.,-1.7763568394E-15));
#2590 = DIRECTION('',(0.,0.,1.));
#2591 = DIRECTION('',(-1.,0.,0.));
#2592 = ORIENTED_EDGE('',*,*,#2593,.F.);
#2593 = EDGE_CURVE('',#1997,#2585,#2594,.T.);
#2594 = LINE('',#2595,#2596);
#2595 = CARTESIAN_POINT('',(1.3,0.,9.6));
#2596 = VECTOR('',#2597,1.);
#2597 = DIRECTION('',(-0.,-0.,-1.));
#2598 = ORIENTED_EDGE('',*,*,#2006,.T.);
#2599 = ORIENTED_EDGE('',*,*,#2593,.T.);
#2600 = CYLINDRICAL_SURFACE('',#2601,1.2);
#2601 = AXIS2_PLACEMENT_3D('',#2602,#2603,#2604);
#2602 = CARTESIAN_POINT('',(2.5,0.,9.6));
#2603 = DIRECTION('',(0.,0.,1.));
#2604 = DIRECTION('',(-1.,0.,0.));
#2605 = ADVANCED_FACE('',(#2606),#2625,.F.);
#2606 = FACE_BOUND('',#2607,.F.);
#2607 = EDGE_LOOP('',(#2608,#2616,#2617,#2618));
#2608 = ORIENTED_EDGE('',*,*,#2609,.F.);
#2609 = EDGE_CURVE('',#2022,#2610,#2612,.T.);
#2610 = VERTEX_POINT('',#2611);
#2611 = CARTESIAN_POINT('',(-1.3,0.,-1.7763568394E-15));
#2612 = LINE('',#2613,#2614);
#2613 = CARTESIAN_POINT('',(-1.3,0.,9.6));
#2614 = VECTOR('',#2615,1.);
#2615 = DIRECTION('',(0.,0.,-1.));
#2616 = ORIENTED_EDGE('',*,*,#2021,.F.);
#2617 = ORIENTED_EDGE('',*,*,#2609,.T.);
#2618 = ORIENTED_EDGE('',*,*,#2619,.T.);
#2619 = EDGE_CURVE('',#2610,#2610,#2620,.T.);
#2620 = CIRCLE('',#2621,1.2);
#2621 = AXIS2_PLACEMENT_3D('',#2622,#2623,#2624);
#2622 = CARTESIAN_POINT('',(-2.5,0.,-1.7763568394E-15));
#2623 = DIRECTION('',(0.,0.,1.));
#2624 = DIRECTION('',(1.,0.,0.));
#2625 = CYLINDRICAL_SURFACE('',#2626,1.2);
#2626 = AXIS2_PLACEMENT_3D('',#2627,#2628,#2629);
#2627 = CARTESIAN_POINT('',(-2.5,0.,9.6));
#2628 = DIRECTION('',(0.,0.,1.));
#2629 = DIRECTION('',(1.,0.,0.));
#2630 = ADVANCED_FACE('',(#2631),#2666,.T.);
#2631 = FACE_BOUND('',#2632,.T.);
#2632 = EDGE_LOOP('',(#2633,#2644,#2650,#2651,#2660));
#2633 = ORIENTED_EDGE('',*,*,#2634,.T.);
#2634 = EDGE_CURVE('',#2635,#2637,#2639,.T.);
#2635 = VERTEX_POINT('',#2636);
#2636 = CARTESIAN_POINT('',(-0.7,0.,0.));
#2637 = VERTEX_POINT('',#2638);
#2638 = CARTESIAN_POINT('',(-2.5,1.8,0.));
#2639 = CIRCLE('',#2640,1.8);
#2640 = AXIS2_PLACEMENT_3D('',#2641,#2642,#2643);
#2641 = CARTESIAN_POINT('',(-2.5,-2.920758389917E-34,0.));
#2642 = DIRECTION('',(0.,0.,1.));
#2643 = DIRECTION('',(1.,0.,0.));
#2644 = ORIENTED_EDGE('',*,*,#2645,.T.);
#2645 = EDGE_CURVE('',#2637,#2055,#2646,.T.);
#2646 = LINE('',#2647,#2648);
#2647 = CARTESIAN_POINT('',(-2.5,1.8,0.));
#2648 = VECTOR('',#2649,1.);
#2649 = DIRECTION('',(0.,0.,1.));
#2650 = ORIENTED_EDGE('',*,*,#2054,.F.);
#2651 = ORIENTED_EDGE('',*,*,#2652,.F.);
#2652 = EDGE_CURVE('',#2653,#2047,#2655,.T.);
#2653 = VERTEX_POINT('',#2654);
#2654 = CARTESIAN_POINT('',(-0.7,0.,3.4));
#2655 = CIRCLE('',#2656,1.8);
#2656 = AXIS2_PLACEMENT_3D('',#2657,#2658,#2659);
#2657 = CARTESIAN_POINT('',(-2.5,-2.920758389917E-34,3.4));
#2658 = DIRECTION('',(0.,0.,1.));
#2659 = DIRECTION('',(1.,0.,0.));
#2660 = ORIENTED_EDGE('',*,*,#2661,.F.);
#2661 = EDGE_CURVE('',#2635,#2653,#2662,.T.);
#2662 = LINE('',#2663,#2664);
#2663 = CARTESIAN_POINT('',(-0.7,-2.920758389917E-34,0.));
#2664 = VECTOR('',#2665,1.);
#2665 = DIRECTION('',(0.,0.,1.));
#2666 = CYLINDRICAL_SURFACE('',#2667,1.8);
#2667 = AXIS2_PLACEMENT_3D('',#2668,#2669,#2670);
#2668 = CARTESIAN_POINT('',(-2.5,-2.920758389917E-34,0.));
#2669 = DIRECTION('',(-0.,-0.,-1.));
#2670 = DIRECTION('',(1.,0.,0.));
#2671 = ADVANCED_FACE('',(#2672),#2690,.T.);
#2672 = FACE_BOUND('',#2673,.T.);
#2673 = EDGE_LOOP('',(#2674,#2682,#2683,#2684));
#2674 = ORIENTED_EDGE('',*,*,#2675,.T.);
#2675 = EDGE_CURVE('',#2676,#2653,#2678,.T.);
#2676 = VERTEX_POINT('',#2677);
#2677 = CARTESIAN_POINT('',(0.,0.,3.4));
#2678 = LINE('',#2679,#2680);
#2679 = CARTESIAN_POINT('',(0.,0.,3.4));
#2680 = VECTOR('',#2681,1.);
#2681 = DIRECTION('',(-1.,0.,0.));
#2682 = ORIENTED_EDGE('',*,*,#2652,.T.);
#2683 = ORIENTED_EDGE('',*,*,#2086,.F.);
#2684 = ORIENTED_EDGE('',*,*,#2685,.T.);
#2685 = EDGE_CURVE('',#2079,#2676,#2686,.T.);
#2686 = LINE('',#2687,#2688);
#2687 = CARTESIAN_POINT('',(0.,2.5,3.4));
#2688 = VECTOR('',#2689,1.);
#2689 = DIRECTION('',(0.,-1.,0.));
#2690 = PLANE('',#2691);
#2691 = AXIS2_PLACEMENT_3D('',#2692,#2693,#2694);
#2692 = CARTESIAN_POINT('',(-0.7,-2.920758389917E-34,3.4));
#2693 = DIRECTION('',(0.,0.,-1.));
#2694 = DIRECTION('',(-1.,0.,0.));
#2695 = ADVANCED_FACE('',(#2696,#2784),#2812,.T.);
#2696 = FACE_BOUND('',#2697,.T.);
#2697 = EDGE_LOOP('',(#2698,#2708,#2716,#2724,#2733,#2742,#2751,#2759,
    #2768,#2777));
#2698 = ORIENTED_EDGE('',*,*,#2699,.F.);
#2699 = EDGE_CURVE('',#2700,#2702,#2704,.T.);
#2700 = VERTEX_POINT('',#2701);
#2701 = CARTESIAN_POINT('',(4.95,-2.45,3.4));
#2702 = VERTEX_POINT('',#2703);
#2703 = CARTESIAN_POINT('',(-3.029150262213,-2.45,3.4));
#2704 = LINE('',#2705,#2706);
#2705 = CARTESIAN_POINT('',(4.95,-2.45,3.4));
#2706 = VECTOR('',#2707,1.);
#2707 = DIRECTION('',(-1.,0.,0.));
#2708 = ORIENTED_EDGE('',*,*,#2709,.F.);
#2709 = EDGE_CURVE('',#2710,#2700,#2712,.T.);
#2710 = VERTEX_POINT('',#2711);
#2711 = CARTESIAN_POINT('',(4.95,2.45,3.4));
#2712 = LINE('',#2713,#2714);
#2713 = CARTESIAN_POINT('',(4.95,2.45,3.4));
#2714 = VECTOR('',#2715,1.);
#2715 = DIRECTION('',(0.,-1.,0.));
#2716 = ORIENTED_EDGE('',*,*,#2717,.F.);
#2717 = EDGE_CURVE('',#2718,#2710,#2720,.T.);
#2718 = VERTEX_POINT('',#2719);
#2719 = CARTESIAN_POINT('',(-3.029150262213,2.45,3.4));
#2720 = LINE('',#2721,#2722);
#2721 = CARTESIAN_POINT('',(-3.029150262213,2.45,3.4));
#2722 = VECTOR('',#2723,1.);
#2723 = DIRECTION('',(1.,0.,0.));
#2724 = ORIENTED_EDGE('',*,*,#2725,.F.);
#2725 = EDGE_CURVE('',#2726,#2718,#2728,.T.);
#2726 = VERTEX_POINT('',#2727);
#2727 = CARTESIAN_POINT('',(-4.252810243581,1.9875,3.4));
#2728 = CIRCLE('',#2729,1.85);
#2729 = AXIS2_PLACEMENT_3D('',#2730,#2731,#2732);
#2730 = CARTESIAN_POINT('',(-3.029150262213,0.6,3.4));
#2731 = DIRECTION('',(0.,0.,-1.));
#2732 = DIRECTION('',(-0.661437827766,0.75,0.));
#2733 = ORIENTED_EDGE('',*,*,#2734,.F.);
#2734 = EDGE_CURVE('',#2735,#2726,#2737,.T.);
#2735 = VERTEX_POINT('',#2736);
#2736 = CARTESIAN_POINT('',(-4.4875,1.75281024358,3.4));
#2737 = CIRCLE('',#2738,2.65);
#2738 = AXIS2_PLACEMENT_3D('',#2739,#2740,#2741);
#2739 = CARTESIAN_POINT('',(-2.5,0.,3.4));
#2740 = DIRECTION('',(0.,0.,-1.));
#2741 = DIRECTION('',(-0.75,0.661437827766,0.));
#2742 = ORIENTED_EDGE('',*,*,#2743,.F.);
#2743 = EDGE_CURVE('',#2744,#2735,#2746,.T.);
#2744 = VERTEX_POINT('',#2745);
#2745 = CARTESIAN_POINT('',(-4.95,0.529150262213,3.4));
#2746 = CIRCLE('',#2747,1.85);
#2747 = AXIS2_PLACEMENT_3D('',#2748,#2749,#2750);
#2748 = CARTESIAN_POINT('',(-3.1,0.529150262213,3.4));
#2749 = DIRECTION('',(0.,0.,-1.));
#2750 = DIRECTION('',(-1.,3.441691376338E-15,0.));
#2751 = ORIENTED_EDGE('',*,*,#2752,.F.);
#2752 = EDGE_CURVE('',#2753,#2744,#2755,.T.);
#2753 = VERTEX_POINT('',#2754);
#2754 = CARTESIAN_POINT('',(-4.95,-0.529150262213,3.4));
#2755 = LINE('',#2756,#2757);
#2756 = CARTESIAN_POINT('',(-4.95,-0.529150262213,3.4));
#2757 = VECTOR('',#2758,1.);
#2758 = DIRECTION('',(0.,1.,0.));
#2759 = ORIENTED_EDGE('',*,*,#2760,.F.);
#2760 = EDGE_CURVE('',#2761,#2753,#2763,.T.);
#2761 = VERTEX_POINT('',#2762);
#2762 = CARTESIAN_POINT('',(-4.4875,-1.75281024358,3.4));
#2763 = CIRCLE('',#2764,1.85);
#2764 = AXIS2_PLACEMENT_3D('',#2765,#2766,#2767);
#2765 = CARTESIAN_POINT('',(-3.1,-0.529150262213,3.4));
#2766 = DIRECTION('',(-0.,0.,-1.));
#2767 = DIRECTION('',(-0.75,-0.661437827766,0.));
#2768 = ORIENTED_EDGE('',*,*,#2769,.F.);
#2769 = EDGE_CURVE('',#2770,#2761,#2772,.T.);
#2770 = VERTEX_POINT('',#2771);
#2771 = CARTESIAN_POINT('',(-4.252810243581,-1.987499999999,3.4));
#2772 = CIRCLE('',#2773,2.65);
#2773 = AXIS2_PLACEMENT_3D('',#2774,#2775,#2776);
#2774 = CARTESIAN_POINT('',(-2.5,0.,3.4));
#2775 = DIRECTION('',(-0.,0.,-1.));
#2776 = DIRECTION('',(-0.661437827766,-0.75,0.));
#2777 = ORIENTED_EDGE('',*,*,#2778,.F.);
#2778 = EDGE_CURVE('',#2702,#2770,#2779,.T.);
#2779 = CIRCLE('',#2780,1.85);
#2780 = AXIS2_PLACEMENT_3D('',#2781,#2782,#2783);
#2781 = CARTESIAN_POINT('',(-3.029150262213,-0.6,3.4));
#2782 = DIRECTION('',(-0.,-0.,-1.));
#2783 = DIRECTION('',(0.,-1.,0.));
#2784 = FACE_BOUND('',#2785,.T.);
#2785 = EDGE_LOOP('',(#2786,#2787,#2788,#2794,#2795,#2796,#2797,#2798,
    #2799,#2800,#2801,#2802,#2803,#2809,#2810,#2811));
#2786 = ORIENTED_EDGE('',*,*,#2381,.T.);
#2787 = ORIENTED_EDGE('',*,*,#2430,.T.);
#2788 = ORIENTED_EDGE('',*,*,#2789,.T.);
#2789 = EDGE_CURVE('',#2421,#2495,#2790,.T.);
#2790 = LINE('',#2791,#2792);
#2791 = CARTESIAN_POINT('',(-0.3,-1.8,3.4));
#2792 = VECTOR('',#2793,1.);
#2793 = DIRECTION('',(-1.,0.,0.));
#2794 = ORIENTED_EDGE('',*,*,#2494,.T.);
#2795 = ORIENTED_EDGE('',*,*,#2446,.F.);
#2796 = ORIENTED_EDGE('',*,*,#2396,.F.);
#2797 = ORIENTED_EDGE('',*,*,#2346,.T.);
#2798 = ORIENTED_EDGE('',*,*,#2308,.T.);
#2799 = ORIENTED_EDGE('',*,*,#2258,.T.);
#2800 = ORIENTED_EDGE('',*,*,#2210,.T.);
#2801 = ORIENTED_EDGE('',*,*,#2160,.T.);
#2802 = ORIENTED_EDGE('',*,*,#2112,.T.);
#2803 = ORIENTED_EDGE('',*,*,#2804,.T.);
#2804 = EDGE_CURVE('',#2055,#2177,#2805,.T.);
#2805 = LINE('',#2806,#2807);
#2806 = CARTESIAN_POINT('',(-4.3,1.8,3.4));
#2807 = VECTOR('',#2808,1.);
#2808 = DIRECTION('',(1.,0.,0.));
#2809 = ORIENTED_EDGE('',*,*,#2234,.T.);
#2810 = ORIENTED_EDGE('',*,*,#2283,.T.);
#2811 = ORIENTED_EDGE('',*,*,#2332,.T.);
#2812 = PLANE('',#2813);
#2813 = AXIS2_PLACEMENT_3D('',#2814,#2815,#2816);
#2814 = CARTESIAN_POINT('',(-5.1,-1.039230484541,3.4));
#2815 = DIRECTION('',(0.,0.,1.));
#2816 = DIRECTION('',(1.,0.,0.));
#2817 = ADVANCED_FACE('',(#2818),#2837,.T.);
#2818 = FACE_BOUND('',#2819,.F.);
#2819 = EDGE_LOOP('',(#2820,#2828,#2835,#2836));
#2820 = ORIENTED_EDGE('',*,*,#2821,.T.);
#2821 = EDGE_CURVE('',#2676,#2822,#2824,.T.);
#2822 = VERTEX_POINT('',#2823);
#2823 = CARTESIAN_POINT('',(0.7,0.,3.4));
#2824 = LINE('',#2825,#2826);
#2825 = CARTESIAN_POINT('',(0.,0.,3.4));
#2826 = VECTOR('',#2827,1.);
#2827 = DIRECTION('',(1.,0.,0.));
#2828 = ORIENTED_EDGE('',*,*,#2829,.T.);
#2829 = EDGE_CURVE('',#2822,#2128,#2830,.T.);
#2830 = CIRCLE('',#2831,1.8);
#2831 = AXIS2_PLACEMENT_3D('',#2832,#2833,#2834);
#2832 = CARTESIAN_POINT('',(2.5,-2.920758389917E-34,3.4));
#2833 = DIRECTION('',(0.,0.,-1.));
#2834 = DIRECTION('',(-1.,-0.,-0.));
#2835 = ORIENTED_EDGE('',*,*,#2127,.F.);
#2836 = ORIENTED_EDGE('',*,*,#2685,.T.);
#2837 = PLANE('',#2838);
#2838 = AXIS2_PLACEMENT_3D('',#2839,#2840,#2841);
#2839 = CARTESIAN_POINT('',(0.7,-2.920758389917E-34,3.4));
#2840 = DIRECTION('',(-0.,-0.,-1.));
#2841 = DIRECTION('',(-1.,0.,0.));
#2842 = ADVANCED_FACE('',(#2843),#2870,.T.);
#2843 = FACE_BOUND('',#2844,.T.);
#2844 = EDGE_LOOP('',(#2845,#2853,#2854,#2855,#2863));
#2845 = ORIENTED_EDGE('',*,*,#2846,.T.);
#2846 = EDGE_CURVE('',#2847,#2822,#2849,.T.);
#2847 = VERTEX_POINT('',#2848);
#2848 = CARTESIAN_POINT('',(0.7,0.,0.));
#2849 = LINE('',#2850,#2851);
#2850 = CARTESIAN_POINT('',(0.7,-2.920758389917E-34,0.));
#2851 = VECTOR('',#2852,1.);
#2852 = DIRECTION('',(0.,0.,1.));
#2853 = ORIENTED_EDGE('',*,*,#2829,.T.);
#2854 = ORIENTED_EDGE('',*,*,#2184,.T.);
#2855 = ORIENTED_EDGE('',*,*,#2856,.F.);
#2856 = EDGE_CURVE('',#2857,#2177,#2859,.T.);
#2857 = VERTEX_POINT('',#2858);
#2858 = CARTESIAN_POINT('',(2.5,1.8,0.));
#2859 = LINE('',#2860,#2861);
#2860 = CARTESIAN_POINT('',(2.5,1.8,0.));
#2861 = VECTOR('',#2862,1.);
#2862 = DIRECTION('',(0.,0.,1.));
#2863 = ORIENTED_EDGE('',*,*,#2864,.F.);
#2864 = EDGE_CURVE('',#2847,#2857,#2865,.T.);
#2865 = CIRCLE('',#2866,1.8);
#2866 = AXIS2_PLACEMENT_3D('',#2867,#2868,#2869);
#2867 = CARTESIAN_POINT('',(2.5,-2.920758389917E-34,0.));
#2868 = DIRECTION('',(0.,0.,-1.));
#2869 = DIRECTION('',(-1.,-0.,-0.));
#2870 = CYLINDRICAL_SURFACE('',#2871,1.8);
#2871 = AXIS2_PLACEMENT_3D('',#2872,#2873,#2874);
#2872 = CARTESIAN_POINT('',(2.5,-2.920758389917E-34,0.));
#2873 = DIRECTION('',(0.,0.,-1.));
#2874 = DIRECTION('',(-1.,-0.,-0.));
#2875 = ADVANCED_FACE('',(#2876),#2902,.T.);
#2876 = FACE_BOUND('',#2877,.T.);
#2877 = EDGE_LOOP('',(#2878,#2887,#2893,#2894,#2901));
#2878 = ORIENTED_EDGE('',*,*,#2879,.T.);
#2879 = EDGE_CURVE('',#2847,#2880,#2882,.T.);
#2880 = VERTEX_POINT('',#2881);
#2881 = CARTESIAN_POINT('',(2.5,-1.8,0.));
#2882 = CIRCLE('',#2883,1.8);
#2883 = AXIS2_PLACEMENT_3D('',#2884,#2885,#2886);
#2884 = CARTESIAN_POINT('',(2.5,2.920758389917E-34,0.));
#2885 = DIRECTION('',(0.,0.,1.));
#2886 = DIRECTION('',(-1.,0.,0.));
#2887 = ORIENTED_EDGE('',*,*,#2888,.T.);
#2888 = EDGE_CURVE('',#2880,#2421,#2889,.T.);
#2889 = LINE('',#2890,#2891);
#2890 = CARTESIAN_POINT('',(2.5,-1.8,0.));
#2891 = VECTOR('',#2892,1.);
#2892 = DIRECTION('',(0.,0.,1.));
#2893 = ORIENTED_EDGE('',*,*,#2477,.F.);
#2894 = ORIENTED_EDGE('',*,*,#2895,.F.);
#2895 = EDGE_CURVE('',#2822,#2470,#2896,.T.);
#2896 = CIRCLE('',#2897,1.8);
#2897 = AXIS2_PLACEMENT_3D('',#2898,#2899,#2900);
#2898 = CARTESIAN_POINT('',(2.5,2.920758389917E-34,3.4));
#2899 = DIRECTION('',(0.,0.,1.));
#2900 = DIRECTION('',(-1.,0.,0.));
#2901 = ORIENTED_EDGE('',*,*,#2846,.F.);
#2902 = CYLINDRICAL_SURFACE('',#2903,1.8);
#2903 = AXIS2_PLACEMENT_3D('',#2904,#2905,#2906);
#2904 = CARTESIAN_POINT('',(2.5,2.920758389917E-34,0.));
#2905 = DIRECTION('',(0.,0.,-1.));
#2906 = DIRECTION('',(-1.,0.,0.));
#2907 = ADVANCED_FACE('',(#2908),#2919,.T.);
#2908 = FACE_BOUND('',#2909,.T.);
#2909 = EDGE_LOOP('',(#2910,#2911,#2912,#2913));
#2910 = ORIENTED_EDGE('',*,*,#2821,.T.);
#2911 = ORIENTED_EDGE('',*,*,#2895,.T.);
#2912 = ORIENTED_EDGE('',*,*,#2526,.F.);
#2913 = ORIENTED_EDGE('',*,*,#2914,.T.);
#2914 = EDGE_CURVE('',#2519,#2676,#2915,.T.);
#2915 = LINE('',#2916,#2917);
#2916 = CARTESIAN_POINT('',(0.,-2.5,3.4));
#2917 = VECTOR('',#2918,1.);
#2918 = DIRECTION('',(0.,1.,0.));
#2919 = PLANE('',#2920);
#2920 = AXIS2_PLACEMENT_3D('',#2921,#2922,#2923);
#2921 = CARTESIAN_POINT('',(0.7,2.920758389917E-34,3.4));
#2922 = DIRECTION('',(0.,0.,-1.));
#2923 = DIRECTION('',(1.,0.,0.));
#2924 = ADVANCED_FACE('',(#2925),#2951,.T.);
#2925 = FACE_BOUND('',#2926,.T.);
#2926 = EDGE_LOOP('',(#2927,#2928,#2935,#2936,#2944));
#2927 = ORIENTED_EDGE('',*,*,#2661,.T.);
#2928 = ORIENTED_EDGE('',*,*,#2929,.T.);
#2929 = EDGE_CURVE('',#2653,#2545,#2930,.T.);
#2930 = CIRCLE('',#2931,1.8);
#2931 = AXIS2_PLACEMENT_3D('',#2932,#2933,#2934);
#2932 = CARTESIAN_POINT('',(-2.5,2.920758389917E-34,3.4));
#2933 = DIRECTION('',(0.,0.,-1.));
#2934 = DIRECTION('',(1.,0.,0.));
#2935 = ORIENTED_EDGE('',*,*,#2544,.T.);
#2936 = ORIENTED_EDGE('',*,*,#2937,.F.);
#2937 = EDGE_CURVE('',#2938,#2495,#2940,.T.);
#2938 = VERTEX_POINT('',#2939);
#2939 = CARTESIAN_POINT('',(-2.5,-1.8,0.));
#2940 = LINE('',#2941,#2942);
#2941 = CARTESIAN_POINT('',(-2.5,-1.8,0.));
#2942 = VECTOR('',#2943,1.);
#2943 = DIRECTION('',(0.,0.,1.));
#2944 = ORIENTED_EDGE('',*,*,#2945,.F.);
#2945 = EDGE_CURVE('',#2635,#2938,#2946,.T.);
#2946 = CIRCLE('',#2947,1.8);
#2947 = AXIS2_PLACEMENT_3D('',#2948,#2949,#2950);
#2948 = CARTESIAN_POINT('',(-2.5,2.920758389917E-34,0.));
#2949 = DIRECTION('',(0.,0.,-1.));
#2950 = DIRECTION('',(1.,0.,0.));
#2951 = CYLINDRICAL_SURFACE('',#2952,1.8);
#2952 = AXIS2_PLACEMENT_3D('',#2953,#2954,#2955);
#2953 = CARTESIAN_POINT('',(-2.5,2.920758389917E-34,0.));
#2954 = DIRECTION('',(0.,0.,-1.));
#2955 = DIRECTION('',(1.,0.,0.));
#2956 = ADVANCED_FACE('',(#2957),#2963,.T.);
#2957 = FACE_BOUND('',#2958,.F.);
#2958 = EDGE_LOOP('',(#2959,#2960,#2961,#2962));
#2959 = ORIENTED_EDGE('',*,*,#2675,.T.);
#2960 = ORIENTED_EDGE('',*,*,#2929,.T.);
#2961 = ORIENTED_EDGE('',*,*,#2568,.F.);
#2962 = ORIENTED_EDGE('',*,*,#2914,.T.);
#2963 = PLANE('',#2964);
#2964 = AXIS2_PLACEMENT_3D('',#2965,#2966,#2967);
#2965 = CARTESIAN_POINT('',(-0.7,2.920758389917E-34,3.4));
#2966 = DIRECTION('',(-0.,-0.,-1.));
#2967 = DIRECTION('',(1.,0.,0.));
#2968 = ADVANCED_FACE('',(#2969,#3013),#3016,.F.);
#2969 = FACE_BOUND('',#2970,.F.);
#2970 = EDGE_LOOP('',(#2971,#2972,#2980,#2989,#2997,#3006,#3012));
#2971 = ORIENTED_EDGE('',*,*,#2879,.T.);
#2972 = ORIENTED_EDGE('',*,*,#2973,.T.);
#2973 = EDGE_CURVE('',#2880,#2974,#2976,.T.);
#2974 = VERTEX_POINT('',#2975);
#2975 = CARTESIAN_POINT('',(4.,-1.8,-1.7763568394E-15));
#2976 = LINE('',#2977,#2978);
#2977 = CARTESIAN_POINT('',(0.,-1.8,-1.443289932013E-15));
#2978 = VECTOR('',#2979,1.);
#2979 = DIRECTION('',(1.,0.,0.));
#2980 = ORIENTED_EDGE('',*,*,#2981,.F.);
#2981 = EDGE_CURVE('',#2982,#2974,#2984,.T.);
#2982 = VERTEX_POINT('',#2983);
#2983 = CARTESIAN_POINT('',(4.3,-1.5,-1.7763568394E-15));
#2984 = CIRCLE('',#2985,0.3);
#2985 = AXIS2_PLACEMENT_3D('',#2986,#2987,#2988);
#2986 = CARTESIAN_POINT('',(4.,-1.5,-1.7763568394E-15));
#2987 = DIRECTION('',(0.,0.,-1.));
#2988 = DIRECTION('',(0.,1.,0.));
#2989 = ORIENTED_EDGE('',*,*,#2990,.T.);
#2990 = EDGE_CURVE('',#2982,#2991,#2993,.T.);
#2991 = VERTEX_POINT('',#2992);
#2992 = CARTESIAN_POINT('',(4.3,1.5,-1.7763568394E-15));
#2993 = LINE('',#2994,#2995);
#2994 = CARTESIAN_POINT('',(4.3,0.5,-1.443289932013E-15));
#2995 = VECTOR('',#2996,1.);
#2996 = DIRECTION('',(0.,1.,0.));
#2997 = ORIENTED_EDGE('',*,*,#2998,.F.);
#2998 = EDGE_CURVE('',#2999,#2991,#3001,.T.);
#2999 = VERTEX_POINT('',#3000);
#3000 = CARTESIAN_POINT('',(4.,1.8,-1.7763568394E-15));
#3001 = CIRCLE('',#3002,0.3);
#3002 = AXIS2_PLACEMENT_3D('',#3003,#3004,#3005);
#3003 = CARTESIAN_POINT('',(4.,1.5,-1.7763568394E-15));
#3004 = DIRECTION('',(0.,0.,-1.));
#3005 = DIRECTION('',(0.,1.,0.));
#3006 = ORIENTED_EDGE('',*,*,#3007,.T.);
#3007 = EDGE_CURVE('',#2999,#2857,#3008,.T.);
#3008 = LINE('',#3009,#3010);
#3009 = CARTESIAN_POINT('',(-4.,1.8,-1.443289932013E-15));
#3010 = VECTOR('',#3011,1.);
#3011 = DIRECTION('',(-1.,0.,0.));
#3012 = ORIENTED_EDGE('',*,*,#2864,.F.);
#3013 = FACE_BOUND('',#3014,.F.);
#3014 = EDGE_LOOP('',(#3015));
#3015 = ORIENTED_EDGE('',*,*,#2584,.F.);
#3016 = PLANE('',#3017);
#3017 = AXIS2_PLACEMENT_3D('',#3018,#3019,#3020);
#3018 = CARTESIAN_POINT('',(-4.5,-1.,-1.7763568394E-15));
#3019 = DIRECTION('',(0.,0.,1.));
#3020 = DIRECTION('',(1.,0.,0.));
#3021 = ADVANCED_FACE('',(#3022,#3100),#3103,.F.);
#3022 = FACE_BOUND('',#3023,.F.);
#3023 = EDGE_LOOP('',(#3024,#3035,#3041,#3042,#3043,#3051,#3060,#3068,
    #3077,#3085,#3094));
#3024 = ORIENTED_EDGE('',*,*,#3025,.F.);
#3025 = EDGE_CURVE('',#3026,#3028,#3030,.T.);
#3026 = VERTEX_POINT('',#3027);
#3027 = CARTESIAN_POINT('',(-3.292893218813,-1.8,-1.7763568394E-15));
#3028 = VERTEX_POINT('',#3029);
#3029 = CARTESIAN_POINT('',(-3.505025253169,-1.712132034356,
    -1.7763568394E-15));
#3030 = CIRCLE('',#3031,0.3);
#3031 = AXIS2_PLACEMENT_3D('',#3032,#3033,#3034);
#3032 = CARTESIAN_POINT('',(-3.292893218813,-1.5,-1.7763568394E-15));
#3033 = DIRECTION('',(-0.,-0.,-1.));
#3034 = DIRECTION('',(0.,-1.,0.));
#3035 = ORIENTED_EDGE('',*,*,#3036,.T.);
#3036 = EDGE_CURVE('',#3026,#2938,#3037,.T.);
#3037 = LINE('',#3038,#3039);
#3038 = CARTESIAN_POINT('',(0.,-1.8,-1.443289932013E-15));
#3039 = VECTOR('',#3040,1.);
#3040 = DIRECTION('',(1.,0.,0.));
#3041 = ORIENTED_EDGE('',*,*,#2945,.F.);
#3042 = ORIENTED_EDGE('',*,*,#2634,.T.);
#3043 = ORIENTED_EDGE('',*,*,#3044,.T.);
#3044 = EDGE_CURVE('',#2637,#3045,#3047,.T.);
#3045 = VERTEX_POINT('',#3046);
#3046 = CARTESIAN_POINT('',(-3.292893218813,1.8,-1.7763568394E-15));
#3047 = LINE('',#3048,#3049);
#3048 = CARTESIAN_POINT('',(-4.,1.8,-1.443289932013E-15));
#3049 = VECTOR('',#3050,1.);
#3050 = DIRECTION('',(-1.,0.,0.));
#3051 = ORIENTED_EDGE('',*,*,#3052,.F.);
#3052 = EDGE_CURVE('',#3053,#3045,#3055,.T.);
#3053 = VERTEX_POINT('',#3054);
#3054 = CARTESIAN_POINT('',(-3.505025253169,1.712132034356,
    -1.7763568394E-15));
#3055 = CIRCLE('',#3056,0.3);
#3056 = AXIS2_PLACEMENT_3D('',#3057,#3058,#3059);
#3057 = CARTESIAN_POINT('',(-3.292893218813,1.5,-1.7763568394E-15));
#3058 = DIRECTION('',(0.,0.,-1.));
#3059 = DIRECTION('',(0.,1.,0.));
#3060 = ORIENTED_EDGE('',*,*,#3061,.T.);
#3061 = EDGE_CURVE('',#3053,#3062,#3064,.T.);
#3062 = VERTEX_POINT('',#3063);
#3063 = CARTESIAN_POINT('',(-4.212132034356,1.005025253169,
    -1.7763568394E-15));
#3064 = LINE('',#3065,#3066);
#3065 = CARTESIAN_POINT('',(-4.858578643763,0.358578643763,
    -2.331468351713E-15));
#3066 = VECTOR('',#3067,1.);
#3067 = DIRECTION('',(-0.707106781187,-0.707106781187,0.));
#3068 = ORIENTED_EDGE('',*,*,#3069,.F.);
#3069 = EDGE_CURVE('',#3070,#3062,#3072,.T.);
#3070 = VERTEX_POINT('',#3071);
#3071 = CARTESIAN_POINT('',(-4.3,0.792893218813,-1.7763568394E-15));
#3072 = CIRCLE('',#3073,0.3);
#3073 = AXIS2_PLACEMENT_3D('',#3074,#3075,#3076);
#3074 = CARTESIAN_POINT('',(-4.,0.792893218813,-1.7763568394E-15));
#3075 = DIRECTION('',(0.,0.,-1.));
#3076 = DIRECTION('',(0.,1.,0.));
#3077 = ORIENTED_EDGE('',*,*,#3078,.T.);
#3078 = EDGE_CURVE('',#3070,#3079,#3081,.T.);
#3079 = VERTEX_POINT('',#3080);
#3080 = CARTESIAN_POINT('',(-4.3,-0.792893218813,-1.7763568394E-15));
#3081 = LINE('',#3082,#3083);
#3082 = CARTESIAN_POINT('',(-4.3,-1.,-1.443289932013E-15));
#3083 = VECTOR('',#3084,1.);
#3084 = DIRECTION('',(0.,-1.,0.));
#3085 = ORIENTED_EDGE('',*,*,#3086,.T.);
#3086 = EDGE_CURVE('',#3079,#3087,#3089,.T.);
#3087 = VERTEX_POINT('',#3088);
#3088 = CARTESIAN_POINT('',(-4.212132034356,-1.005025253169,
    -1.7763568394E-15));
#3089 = CIRCLE('',#3090,0.3);
#3090 = AXIS2_PLACEMENT_3D('',#3091,#3092,#3093);
#3091 = CARTESIAN_POINT('',(-4.,-0.792893218813,-1.7763568394E-15));
#3092 = DIRECTION('',(0.,-0.,1.));
#3093 = DIRECTION('',(0.,1.,0.));
#3094 = ORIENTED_EDGE('',*,*,#3095,.F.);
#3095 = EDGE_CURVE('',#3028,#3087,#3096,.T.);
#3096 = LINE('',#3097,#3098);
#3097 = CARTESIAN_POINT('',(-4.358578643763,-0.858578643763,
    -2.331468351713E-15));
#3098 = VECTOR('',#3099,1.);
#3099 = DIRECTION('',(-0.707106781187,0.707106781187,0.));
#3100 = FACE_BOUND('',#3101,.F.);
#3101 = EDGE_LOOP('',(#3102));
#3102 = ORIENTED_EDGE('',*,*,#2619,.F.);
#3103 = PLANE('',#3104);
#3104 = AXIS2_PLACEMENT_3D('',#3105,#3106,#3107);
#3105 = CARTESIAN_POINT('',(-4.5,-1.,-1.7763568394E-15));
#3106 = DIRECTION('',(0.,0.,1.));
#3107 = DIRECTION('',(1.,0.,0.));
#3108 = ADVANCED_FACE('',(#3109),#3120,.T.);
#3109 = FACE_BOUND('',#3110,.T.);
#3110 = EDGE_LOOP('',(#3111,#3112,#3113,#3114));
#3111 = ORIENTED_EDGE('',*,*,#2856,.T.);
#3112 = ORIENTED_EDGE('',*,*,#2804,.F.);
#3113 = ORIENTED_EDGE('',*,*,#2645,.F.);
#3114 = ORIENTED_EDGE('',*,*,#3115,.F.);
#3115 = EDGE_CURVE('',#2857,#2637,#3116,.T.);
#3116 = LINE('',#3117,#3118);
#3117 = CARTESIAN_POINT('',(-4.,1.8,-1.443289932013E-15));
#3118 = VECTOR('',#3119,1.);
#3119 = DIRECTION('',(-1.,0.,0.));
#3120 = PLANE('',#3121);
#3121 = AXIS2_PLACEMENT_3D('',#3122,#3123,#3124);
#3122 = CARTESIAN_POINT('',(-3.5,1.8,9.8));
#3123 = DIRECTION('',(0.,-1.,0.));
#3124 = DIRECTION('',(1.,0.,0.));
#3125 = ADVANCED_FACE('',(#3126),#3153,.T.);
#3126 = FACE_BOUND('',#3127,.T.);
#3127 = EDGE_LOOP('',(#3128,#3129,#3138,#3146));
#3128 = ORIENTED_EDGE('',*,*,#2699,.T.);
#3129 = ORIENTED_EDGE('',*,*,#3130,.T.);
#3130 = EDGE_CURVE('',#2702,#3131,#3133,.T.);
#3131 = VERTEX_POINT('',#3132);
#3132 = CARTESIAN_POINT('',(-3.029150262213,-2.6,3.25));
#3133 = CIRCLE('',#3134,0.15);
#3134 = AXIS2_PLACEMENT_3D('',#3135,#3136,#3137);
#3135 = CARTESIAN_POINT('',(-3.029150262213,-2.45,3.25));
#3136 = DIRECTION('',(1.,0.,-0.));
#3137 = DIRECTION('',(0.,0.,1.));
#3138 = ORIENTED_EDGE('',*,*,#3139,.F.);
#3139 = EDGE_CURVE('',#3140,#3131,#3142,.T.);
#3140 = VERTEX_POINT('',#3141);
#3141 = CARTESIAN_POINT('',(4.95,-2.6,3.25));
#3142 = LINE('',#3143,#3144);
#3143 = CARTESIAN_POINT('',(4.95,-2.6,3.25));
#3144 = VECTOR('',#3145,1.);
#3145 = DIRECTION('',(-1.,0.,0.));
#3146 = ORIENTED_EDGE('',*,*,#3147,.F.);
#3147 = EDGE_CURVE('',#2700,#3140,#3148,.T.);
#3148 = CIRCLE('',#3149,0.15);
#3149 = AXIS2_PLACEMENT_3D('',#3150,#3151,#3152);
#3150 = CARTESIAN_POINT('',(4.95,-2.45,3.25));
#3151 = DIRECTION('',(1.,0.,-0.));
#3152 = DIRECTION('',(0.,0.,1.));
#3153 = CYLINDRICAL_SURFACE('',#3154,0.15);
#3154 = AXIS2_PLACEMENT_3D('',#3155,#3156,#3157);
#3155 = CARTESIAN_POINT('',(4.95,-2.45,3.25));
#3156 = DIRECTION('',(-1.,0.,0.));
#3157 = DIRECTION('',(0.,0.,1.));
#3158 = ADVANCED_FACE('',(#3159),#3186,.T.);
#3159 = FACE_BOUND('',#3160,.T.);
#3160 = EDGE_LOOP('',(#3161,#3162,#3171,#3179));
#3161 = ORIENTED_EDGE('',*,*,#2709,.T.);
#3162 = ORIENTED_EDGE('',*,*,#3163,.T.);
#3163 = EDGE_CURVE('',#2700,#3164,#3166,.T.);
#3164 = VERTEX_POINT('',#3165);
#3165 = CARTESIAN_POINT('',(5.1,-2.45,3.25));
#3166 = CIRCLE('',#3167,0.15);
#3167 = AXIS2_PLACEMENT_3D('',#3168,#3169,#3170);
#3168 = CARTESIAN_POINT('',(4.95,-2.45,3.25));
#3169 = DIRECTION('',(0.,1.,0.));
#3170 = DIRECTION('',(0.,0.,1.));
#3171 = ORIENTED_EDGE('',*,*,#3172,.F.);
#3172 = EDGE_CURVE('',#3173,#3164,#3175,.T.);
#3173 = VERTEX_POINT('',#3174);
#3174 = CARTESIAN_POINT('',(5.1,2.45,3.25));
#3175 = LINE('',#3176,#3177);
#3176 = CARTESIAN_POINT('',(5.1,2.45,3.25));
#3177 = VECTOR('',#3178,1.);
#3178 = DIRECTION('',(0.,-1.,0.));
#3179 = ORIENTED_EDGE('',*,*,#3180,.F.);
#3180 = EDGE_CURVE('',#2710,#3173,#3181,.T.);
#3181 = CIRCLE('',#3182,0.15);
#3182 = AXIS2_PLACEMENT_3D('',#3183,#3184,#3185);
#3183 = CARTESIAN_POINT('',(4.95,2.45,3.25));
#3184 = DIRECTION('',(-1.352472082657E-16,1.,0.));
#3185 = DIRECTION('',(1.,1.352472082657E-16,0.));
#3186 = CYLINDRICAL_SURFACE('',#3187,0.15);
#3187 = AXIS2_PLACEMENT_3D('',#3188,#3189,#3190);
#3188 = CARTESIAN_POINT('',(4.95,2.45,3.25));
#3189 = DIRECTION('',(0.,-1.,0.));
#3190 = DIRECTION('',(0.,0.,1.));
#3191 = ADVANCED_FACE('',(#3192),#3212,.T.);
#3192 = FACE_BOUND('',#3193,.T.);
#3193 = EDGE_LOOP('',(#3194,#3195,#3196,#3205));
#3194 = ORIENTED_EDGE('',*,*,#3130,.F.);
#3195 = ORIENTED_EDGE('',*,*,#2778,.T.);
#3196 = ORIENTED_EDGE('',*,*,#3197,.T.);
#3197 = EDGE_CURVE('',#2770,#3198,#3200,.T.);
#3198 = VERTEX_POINT('',#3199);
#3199 = CARTESIAN_POINT('',(-4.352025917746,-2.099999999999,3.25));
#3200 = CIRCLE('',#3201,0.15);
#3201 = AXIS2_PLACEMENT_3D('',#3202,#3203,#3204);
#3202 = CARTESIAN_POINT('',(-4.252810243581,-1.987499999999,3.25));
#3203 = DIRECTION('',(0.75,-0.661437827766,0.));
#3204 = DIRECTION('',(-0.661437827766,-0.75,0.));
#3205 = ORIENTED_EDGE('',*,*,#3206,.F.);
#3206 = EDGE_CURVE('',#3131,#3198,#3207,.T.);
#3207 = CIRCLE('',#3208,2.);
#3208 = AXIS2_PLACEMENT_3D('',#3209,#3210,#3211);
#3209 = CARTESIAN_POINT('',(-3.029150262213,-0.6,3.25));
#3210 = DIRECTION('',(-0.,-0.,-1.));
#3211 = DIRECTION('',(0.,-1.,0.));
#3212 = TOROIDAL_SURFACE('',#3213,1.85,0.15);
#3213 = AXIS2_PLACEMENT_3D('',#3214,#3215,#3216);
#3214 = CARTESIAN_POINT('',(-3.029150262213,-0.6,3.25));
#3215 = DIRECTION('',(-0.,-0.,-1.));
#3216 = DIRECTION('',(0.,-1.,0.));
#3217 = ADVANCED_FACE('',(#3218),#3245,.T.);
#3218 = FACE_BOUND('',#3219,.T.);
#3219 = EDGE_LOOP('',(#3220,#3221,#3230,#3238));
#3220 = ORIENTED_EDGE('',*,*,#2717,.T.);
#3221 = ORIENTED_EDGE('',*,*,#3222,.T.);
#3222 = EDGE_CURVE('',#2710,#3223,#3225,.T.);
#3223 = VERTEX_POINT('',#3224);
#3224 = CARTESIAN_POINT('',(4.95,2.6,3.25));
#3225 = CIRCLE('',#3226,0.15);
#3226 = AXIS2_PLACEMENT_3D('',#3227,#3228,#3229);
#3227 = CARTESIAN_POINT('',(4.95,2.45,3.25));
#3228 = DIRECTION('',(-1.,0.,0.));
#3229 = DIRECTION('',(0.,0.,1.));
#3230 = ORIENTED_EDGE('',*,*,#3231,.F.);
#3231 = EDGE_CURVE('',#3232,#3223,#3234,.T.);
#3232 = VERTEX_POINT('',#3233);
#3233 = CARTESIAN_POINT('',(-3.029150262213,2.6,3.25));
#3234 = LINE('',#3235,#3236);
#3235 = CARTESIAN_POINT('',(-3.029150262213,2.6,3.25));
#3236 = VECTOR('',#3237,1.);
#3237 = DIRECTION('',(1.,0.,0.));
#3238 = ORIENTED_EDGE('',*,*,#3239,.F.);
#3239 = EDGE_CURVE('',#2718,#3232,#3240,.T.);
#3240 = CIRCLE('',#3241,0.15);
#3241 = AXIS2_PLACEMENT_3D('',#3242,#3243,#3244);
#3242 = CARTESIAN_POINT('',(-3.029150262213,2.45,3.25));
#3243 = DIRECTION('',(-1.,1.110223024625E-16,0.));
#3244 = DIRECTION('',(1.110223024625E-16,1.,0.));
#3245 = CYLINDRICAL_SURFACE('',#3246,0.15);
#3246 = AXIS2_PLACEMENT_3D('',#3247,#3248,#3249);
#3247 = CARTESIAN_POINT('',(-3.029150262213,2.45,3.25));
#3248 = DIRECTION('',(1.,0.,0.));
#3249 = DIRECTION('',(0.,0.,1.));
#3250 = ADVANCED_FACE('',(#3251),#3271,.T.);
#3251 = FACE_BOUND('',#3252,.T.);
#3252 = EDGE_LOOP('',(#3253,#3254,#3255,#3264));
#3253 = ORIENTED_EDGE('',*,*,#3197,.F.);
#3254 = ORIENTED_EDGE('',*,*,#2769,.T.);
#3255 = ORIENTED_EDGE('',*,*,#3256,.T.);
#3256 = EDGE_CURVE('',#2761,#3257,#3259,.T.);
#3257 = VERTEX_POINT('',#3258);
#3258 = CARTESIAN_POINT('',(-4.6,-1.852025917745,3.25));
#3259 = CIRCLE('',#3260,0.15);
#3260 = AXIS2_PLACEMENT_3D('',#3261,#3262,#3263);
#3261 = CARTESIAN_POINT('',(-4.4875,-1.75281024358,3.25));
#3262 = DIRECTION('',(0.661437827766,-0.75,0.));
#3263 = DIRECTION('',(-0.75,-0.661437827766,0.));
#3264 = ORIENTED_EDGE('',*,*,#3265,.F.);
#3265 = EDGE_CURVE('',#3198,#3257,#3266,.T.);
#3266 = CIRCLE('',#3267,2.8);
#3267 = AXIS2_PLACEMENT_3D('',#3268,#3269,#3270);
#3268 = CARTESIAN_POINT('',(-2.5,0.,3.25));
#3269 = DIRECTION('',(-0.,0.,-1.));
#3270 = DIRECTION('',(-0.661437827766,-0.75,0.));
#3271 = TOROIDAL_SURFACE('',#3272,2.65,0.15);
#3272 = AXIS2_PLACEMENT_3D('',#3273,#3274,#3275);
#3273 = CARTESIAN_POINT('',(-2.5,0.,3.25));
#3274 = DIRECTION('',(-0.,-0.,-1.));
#3275 = DIRECTION('',(-0.661437827766,-0.75,0.));
#3276 = ADVANCED_FACE('',(#3277),#3297,.T.);
#3277 = FACE_BOUND('',#3278,.T.);
#3278 = EDGE_LOOP('',(#3279,#3288,#3289,#3290));
#3279 = ORIENTED_EDGE('',*,*,#3280,.F.);
#3280 = EDGE_CURVE('',#2726,#3281,#3283,.T.);
#3281 = VERTEX_POINT('',#3282);
#3282 = CARTESIAN_POINT('',(-4.352025917745,2.1,3.25));
#3283 = CIRCLE('',#3284,0.15);
#3284 = AXIS2_PLACEMENT_3D('',#3285,#3286,#3287);
#3285 = CARTESIAN_POINT('',(-4.252810243581,1.9875,3.25));
#3286 = DIRECTION('',(-0.75,-0.661437827766,-0.));
#3287 = DIRECTION('',(-0.661437827766,0.75,0.));
#3288 = ORIENTED_EDGE('',*,*,#2725,.T.);
#3289 = ORIENTED_EDGE('',*,*,#3239,.T.);
#3290 = ORIENTED_EDGE('',*,*,#3291,.F.);
#3291 = EDGE_CURVE('',#3281,#3232,#3292,.T.);
#3292 = CIRCLE('',#3293,2.);
#3293 = AXIS2_PLACEMENT_3D('',#3294,#3295,#3296);
#3294 = CARTESIAN_POINT('',(-3.029150262213,0.6,3.25));
#3295 = DIRECTION('',(0.,0.,-1.));
#3296 = DIRECTION('',(-0.661437827766,0.75,0.));
#3297 = TOROIDAL_SURFACE('',#3298,1.85,0.15);
#3298 = AXIS2_PLACEMENT_3D('',#3299,#3300,#3301);
#3299 = CARTESIAN_POINT('',(-3.029150262213,0.6,3.25));
#3300 = DIRECTION('',(-0.,-0.,-1.));
#3301 = DIRECTION('',(-0.661437827766,0.75,0.));
#3302 = ADVANCED_FACE('',(#3303),#3323,.T.);
#3303 = FACE_BOUND('',#3304,.T.);
#3304 = EDGE_LOOP('',(#3305,#3306,#3307,#3316));
#3305 = ORIENTED_EDGE('',*,*,#3256,.F.);
#3306 = ORIENTED_EDGE('',*,*,#2760,.T.);
#3307 = ORIENTED_EDGE('',*,*,#3308,.T.);
#3308 = EDGE_CURVE('',#2753,#3309,#3311,.T.);
#3309 = VERTEX_POINT('',#3310);
#3310 = CARTESIAN_POINT('',(-5.1,-0.529150262213,3.25));
#3311 = CIRCLE('',#3312,0.15);
#3312 = AXIS2_PLACEMENT_3D('',#3313,#3314,#3315);
#3313 = CARTESIAN_POINT('',(-4.95,-0.529150262213,3.25));
#3314 = DIRECTION('',(0.,-1.,0.));
#3315 = DIRECTION('',(-1.,0.,0.));
#3316 = ORIENTED_EDGE('',*,*,#3317,.F.);
#3317 = EDGE_CURVE('',#3257,#3309,#3318,.T.);
#3318 = CIRCLE('',#3319,2.);
#3319 = AXIS2_PLACEMENT_3D('',#3320,#3321,#3322);
#3320 = CARTESIAN_POINT('',(-3.1,-0.529150262213,3.25));
#3321 = DIRECTION('',(-0.,0.,-1.));
#3322 = DIRECTION('',(-0.75,-0.661437827766,0.));
#3323 = TOROIDAL_SURFACE('',#3324,1.85,0.15);
#3324 = AXIS2_PLACEMENT_3D('',#3325,#3326,#3327);
#3325 = CARTESIAN_POINT('',(-3.1,-0.529150262213,3.25));
#3326 = DIRECTION('',(-0.,-0.,-1.));
#3327 = DIRECTION('',(-0.75,-0.661437827766,0.));
#3328 = ADVANCED_FACE('',(#3329),#3349,.T.);
#3329 = FACE_BOUND('',#3330,.T.);
#3330 = EDGE_LOOP('',(#3331,#3340,#3341,#3342));
#3331 = ORIENTED_EDGE('',*,*,#3332,.F.);
#3332 = EDGE_CURVE('',#2735,#3333,#3335,.T.);
#3333 = VERTEX_POINT('',#3334);
#3334 = CARTESIAN_POINT('',(-4.6,1.852025917745,3.25));
#3335 = CIRCLE('',#3336,0.15);
#3336 = AXIS2_PLACEMENT_3D('',#3337,#3338,#3339);
#3337 = CARTESIAN_POINT('',(-4.4875,1.75281024358,3.25));
#3338 = DIRECTION('',(-0.661437827766,-0.75,-0.));
#3339 = DIRECTION('',(-0.75,0.661437827766,0.));
#3340 = ORIENTED_EDGE('',*,*,#2734,.T.);
#3341 = ORIENTED_EDGE('',*,*,#3280,.T.);
#3342 = ORIENTED_EDGE('',*,*,#3343,.F.);
#3343 = EDGE_CURVE('',#3333,#3281,#3344,.T.);
#3344 = CIRCLE('',#3345,2.8);
#3345 = AXIS2_PLACEMENT_3D('',#3346,#3347,#3348);
#3346 = CARTESIAN_POINT('',(-2.5,0.,3.25));
#3347 = DIRECTION('',(0.,0.,-1.));
#3348 = DIRECTION('',(-0.75,0.661437827766,0.));
#3349 = TOROIDAL_SURFACE('',#3350,2.65,0.15);
#3350 = AXIS2_PLACEMENT_3D('',#3351,#3352,#3353);
#3351 = CARTESIAN_POINT('',(-2.5,0.,3.25));
#3352 = DIRECTION('',(-0.,-0.,-1.));
#3353 = DIRECTION('',(-0.75,0.661437827766,0.));
#3354 = ADVANCED_FACE('',(#3355),#3374,.T.);
#3355 = FACE_BOUND('',#3356,.T.);
#3356 = EDGE_LOOP('',(#3357,#3358,#3367,#3373));
#3357 = ORIENTED_EDGE('',*,*,#2752,.T.);
#3358 = ORIENTED_EDGE('',*,*,#3359,.T.);
#3359 = EDGE_CURVE('',#2744,#3360,#3362,.T.);
#3360 = VERTEX_POINT('',#3361);
#3361 = CARTESIAN_POINT('',(-5.1,0.529150262213,3.25));
#3362 = CIRCLE('',#3363,0.15);
#3363 = AXIS2_PLACEMENT_3D('',#3364,#3365,#3366);
#3364 = CARTESIAN_POINT('',(-4.95,0.529150262213,3.25));
#3365 = DIRECTION('',(0.,-1.,0.));
#3366 = DIRECTION('',(0.,0.,1.));
#3367 = ORIENTED_EDGE('',*,*,#3368,.F.);
#3368 = EDGE_CURVE('',#3309,#3360,#3369,.T.);
#3369 = LINE('',#3370,#3371);
#3370 = CARTESIAN_POINT('',(-5.1,-0.529150262213,3.25));
#3371 = VECTOR('',#3372,1.);
#3372 = DIRECTION('',(0.,1.,0.));
#3373 = ORIENTED_EDGE('',*,*,#3308,.F.);
#3374 = CYLINDRICAL_SURFACE('',#3375,0.15);
#3375 = AXIS2_PLACEMENT_3D('',#3376,#3377,#3378);
#3376 = CARTESIAN_POINT('',(-4.95,-0.529150262213,3.25));
#3377 = DIRECTION('',(0.,1.,0.));
#3378 = DIRECTION('',(0.,0.,1.));
#3379 = ADVANCED_FACE('',(#3380),#3392,.T.);
#3380 = FACE_BOUND('',#3381,.T.);
#3381 = EDGE_LOOP('',(#3382,#3383,#3384,#3385));
#3382 = ORIENTED_EDGE('',*,*,#3359,.F.);
#3383 = ORIENTED_EDGE('',*,*,#2743,.T.);
#3384 = ORIENTED_EDGE('',*,*,#3332,.T.);
#3385 = ORIENTED_EDGE('',*,*,#3386,.F.);
#3386 = EDGE_CURVE('',#3360,#3333,#3387,.T.);
#3387 = CIRCLE('',#3388,2.);
#3388 = AXIS2_PLACEMENT_3D('',#3389,#3390,#3391);
#3389 = CARTESIAN_POINT('',(-3.1,0.529150262213,3.25));
#3390 = DIRECTION('',(0.,0.,-1.));
#3391 = DIRECTION('',(-1.,3.441691376338E-15,0.));
#3392 = TOROIDAL_SURFACE('',#3393,1.85,0.15);
#3393 = AXIS2_PLACEMENT_3D('',#3394,#3395,#3396);
#3394 = CARTESIAN_POINT('',(-3.1,0.529150262213,3.25));
#3395 = DIRECTION('',(-0.,-0.,-1.));
#3396 = DIRECTION('',(-1.,3.441691376338E-15,0.));
#3397 = ADVANCED_FACE('',(#3398),#3409,.T.);
#3398 = FACE_BOUND('',#3399,.T.);
#3399 = EDGE_LOOP('',(#3400,#3406,#3407,#3408));
#3400 = ORIENTED_EDGE('',*,*,#3401,.F.);
#3401 = EDGE_CURVE('',#2938,#2880,#3402,.T.);
#3402 = LINE('',#3403,#3404);
#3403 = CARTESIAN_POINT('',(0.,-1.8,-1.443289932013E-15));
#3404 = VECTOR('',#3405,1.);
#3405 = DIRECTION('',(1.,0.,0.));
#3406 = ORIENTED_EDGE('',*,*,#2937,.T.);
#3407 = ORIENTED_EDGE('',*,*,#2789,.F.);
#3408 = ORIENTED_EDGE('',*,*,#2888,.F.);
#3409 = PLANE('',#3410);
#3410 = AXIS2_PLACEMENT_3D('',#3411,#3412,#3413);
#3411 = CARTESIAN_POINT('',(4.5,-1.8,9.8));
#3412 = DIRECTION('',(0.,1.,0.));
#3413 = DIRECTION('',(-1.,0.,0.));
#3414 = ADVANCED_FACE('',(#3415,#3503),#3521,.F.);
#3415 = FACE_BOUND('',#3416,.F.);
#3416 = EDGE_LOOP('',(#3417,#3427,#3435,#3443,#3452,#3461,#3470,#3478,
    #3487,#3496));
#3417 = ORIENTED_EDGE('',*,*,#3418,.F.);
#3418 = EDGE_CURVE('',#3419,#3421,#3423,.T.);
#3419 = VERTEX_POINT('',#3420);
#3420 = CARTESIAN_POINT('',(4.95,-2.45,-2.775557561563E-17));
#3421 = VERTEX_POINT('',#3422);
#3422 = CARTESIAN_POINT('',(-3.029150262213,-2.45,-2.775557561563E-17));
#3423 = LINE('',#3424,#3425);
#3424 = CARTESIAN_POINT('',(5.1,-2.45,-2.775557561563E-17));
#3425 = VECTOR('',#3426,1.);
#3426 = DIRECTION('',(-1.,0.,0.));
#3427 = ORIENTED_EDGE('',*,*,#3428,.F.);
#3428 = EDGE_CURVE('',#3429,#3419,#3431,.T.);
#3429 = VERTEX_POINT('',#3430);
#3430 = CARTESIAN_POINT('',(4.95,2.45,-2.775557561563E-17));
#3431 = LINE('',#3432,#3433);
#3432 = CARTESIAN_POINT('',(4.95,2.6,-2.775557561563E-17));
#3433 = VECTOR('',#3434,1.);
#3434 = DIRECTION('',(0.,-1.,0.));
#3435 = ORIENTED_EDGE('',*,*,#3436,.F.);
#3436 = EDGE_CURVE('',#3437,#3429,#3439,.T.);
#3437 = VERTEX_POINT('',#3438);
#3438 = CARTESIAN_POINT('',(-3.029150262213,2.45,0.));
#3439 = LINE('',#3440,#3441);
#3440 = CARTESIAN_POINT('',(-3.029150262213,2.45,-2.775557561563E-17));
#3441 = VECTOR('',#3442,1.);
#3442 = DIRECTION('',(1.,0.,0.));
#3443 = ORIENTED_EDGE('',*,*,#3444,.F.);
#3444 = EDGE_CURVE('',#3445,#3437,#3447,.T.);
#3445 = VERTEX_POINT('',#3446);
#3446 = CARTESIAN_POINT('',(-4.252810243581,1.9875,0.));
#3447 = CIRCLE('',#3448,1.85);
#3448 = AXIS2_PLACEMENT_3D('',#3449,#3450,#3451);
#3449 = CARTESIAN_POINT('',(-3.029150262213,0.6,0.));
#3450 = DIRECTION('',(0.,0.,-1.));
#3451 = DIRECTION('',(-0.661437827766,0.75,0.));
#3452 = ORIENTED_EDGE('',*,*,#3453,.F.);
#3453 = EDGE_CURVE('',#3454,#3445,#3456,.T.);
#3454 = VERTEX_POINT('',#3455);
#3455 = CARTESIAN_POINT('',(-4.4875,1.75281024358,0.));
#3456 = CIRCLE('',#3457,2.65);
#3457 = AXIS2_PLACEMENT_3D('',#3458,#3459,#3460);
#3458 = CARTESIAN_POINT('',(-2.5,0.,0.));
#3459 = DIRECTION('',(0.,0.,-1.));
#3460 = DIRECTION('',(-0.75,0.661437827766,0.));
#3461 = ORIENTED_EDGE('',*,*,#3462,.F.);
#3462 = EDGE_CURVE('',#3463,#3454,#3465,.T.);
#3463 = VERTEX_POINT('',#3464);
#3464 = CARTESIAN_POINT('',(-4.95,0.529150262213,-2.775557561563E-17));
#3465 = CIRCLE('',#3466,1.85);
#3466 = AXIS2_PLACEMENT_3D('',#3467,#3468,#3469);
#3467 = CARTESIAN_POINT('',(-3.1,0.529150262213,0.));
#3468 = DIRECTION('',(-0.,0.,-1.));
#3469 = DIRECTION('',(-1.,-1.110223024625E-16,0.));
#3470 = ORIENTED_EDGE('',*,*,#3471,.F.);
#3471 = EDGE_CURVE('',#3472,#3463,#3474,.T.);
#3472 = VERTEX_POINT('',#3473);
#3473 = CARTESIAN_POINT('',(-4.95,-0.529150262213,0.));
#3474 = LINE('',#3475,#3476);
#3475 = CARTESIAN_POINT('',(-4.95,-0.529150262213,-2.775557561563E-17));
#3476 = VECTOR('',#3477,1.);
#3477 = DIRECTION('',(0.,1.,0.));
#3478 = ORIENTED_EDGE('',*,*,#3479,.F.);
#3479 = EDGE_CURVE('',#3480,#3472,#3482,.T.);
#3480 = VERTEX_POINT('',#3481);
#3481 = CARTESIAN_POINT('',(-4.4875,-1.75281024358,0.));
#3482 = CIRCLE('',#3483,1.85);
#3483 = AXIS2_PLACEMENT_3D('',#3484,#3485,#3486);
#3484 = CARTESIAN_POINT('',(-3.1,-0.529150262213,0.));
#3485 = DIRECTION('',(-0.,0.,-1.));
#3486 = DIRECTION('',(-0.75,-0.661437827766,0.));
#3487 = ORIENTED_EDGE('',*,*,#3488,.F.);
#3488 = EDGE_CURVE('',#3489,#3480,#3491,.T.);
#3489 = VERTEX_POINT('',#3490);
#3490 = CARTESIAN_POINT('',(-4.252810243581,-1.9875,0.));
#3491 = CIRCLE('',#3492,2.65);
#3492 = AXIS2_PLACEMENT_3D('',#3493,#3494,#3495);
#3493 = CARTESIAN_POINT('',(-2.5,0.,0.));
#3494 = DIRECTION('',(-0.,0.,-1.));
#3495 = DIRECTION('',(-0.661437827766,-0.75,0.));
#3496 = ORIENTED_EDGE('',*,*,#3497,.F.);
#3497 = EDGE_CURVE('',#3421,#3489,#3498,.T.);
#3498 = CIRCLE('',#3499,1.85);
#3499 = AXIS2_PLACEMENT_3D('',#3500,#3501,#3502);
#3500 = CARTESIAN_POINT('',(-3.029150262213,-0.6,0.));
#3501 = DIRECTION('',(-0.,-0.,-1.));
#3502 = DIRECTION('',(0.,-1.,0.));
#3503 = FACE_BOUND('',#3504,.F.);
#3504 = EDGE_LOOP('',(#3505,#3506,#3507,#3508,#3509,#3510,#3511,#3512,
    #3513,#3514,#3515,#3516,#3517,#3518,#3519,#3520));
#3505 = ORIENTED_EDGE('',*,*,#3061,.F.);
#3506 = ORIENTED_EDGE('',*,*,#3052,.T.);
#3507 = ORIENTED_EDGE('',*,*,#3044,.F.);
#3508 = ORIENTED_EDGE('',*,*,#3115,.F.);
#3509 = ORIENTED_EDGE('',*,*,#3007,.F.);
#3510 = ORIENTED_EDGE('',*,*,#2998,.T.);
#3511 = ORIENTED_EDGE('',*,*,#2990,.F.);
#3512 = ORIENTED_EDGE('',*,*,#2981,.T.);
#3513 = ORIENTED_EDGE('',*,*,#2973,.F.);
#3514 = ORIENTED_EDGE('',*,*,#3401,.F.);
#3515 = ORIENTED_EDGE('',*,*,#3036,.F.);
#3516 = ORIENTED_EDGE('',*,*,#3025,.T.);
#3517 = ORIENTED_EDGE('',*,*,#3095,.T.);
#3518 = ORIENTED_EDGE('',*,*,#3086,.F.);
#3519 = ORIENTED_EDGE('',*,*,#3078,.F.);
#3520 = ORIENTED_EDGE('',*,*,#3069,.T.);
#3521 = PLANE('',#3522);
#3522 = AXIS2_PLACEMENT_3D('',#3523,#3524,#3525);
#3523 = CARTESIAN_POINT('',(-5.1,-1.039230484541,0.));
#3524 = DIRECTION('',(0.,0.,1.));
#3525 = DIRECTION('',(1.,0.,0.));
#3526 = ADVANCED_FACE('',(#3527),#3538,.T.);
#3527 = FACE_BOUND('',#3528,.T.);
#3528 = EDGE_LOOP('',(#3529,#3530,#3531));
#3529 = ORIENTED_EDGE('',*,*,#3163,.F.);
#3530 = ORIENTED_EDGE('',*,*,#3147,.T.);
#3531 = ORIENTED_EDGE('',*,*,#3532,.F.);
#3532 = EDGE_CURVE('',#3164,#3140,#3533,.T.);
#3533 = CIRCLE('',#3534,0.15);
#3534 = AXIS2_PLACEMENT_3D('',#3535,#3536,#3537);
#3535 = CARTESIAN_POINT('',(4.95,-2.45,3.25));
#3536 = DIRECTION('',(0.,0.,-1.));
#3537 = DIRECTION('',(1.,2.960594732334E-15,0.));
#3538 = SPHERICAL_SURFACE('',#3539,0.15);
#3539 = AXIS2_PLACEMENT_3D('',#3540,#3541,#3542);
#3540 = CARTESIAN_POINT('',(4.95,-2.45,3.25));
#3541 = DIRECTION('',(-0.,-0.,-1.));
#3542 = DIRECTION('',(1.,2.960594732334E-15,0.));
#3543 = ADVANCED_FACE('',(#3544),#3569,.T.);
#3544 = FACE_BOUND('',#3545,.T.);
#3545 = EDGE_LOOP('',(#3546,#3554,#3562,#3568));
#3546 = ORIENTED_EDGE('',*,*,#3547,.F.);
#3547 = EDGE_CURVE('',#3548,#3131,#3550,.T.);
#3548 = VERTEX_POINT('',#3549);
#3549 = CARTESIAN_POINT('',(-3.029150262213,-2.6,2.95));
#3550 = LINE('',#3551,#3552);
#3551 = CARTESIAN_POINT('',(-3.029150262213,-2.6,0.));
#3552 = VECTOR('',#3553,1.);
#3553 = DIRECTION('',(0.,0.,1.));
#3554 = ORIENTED_EDGE('',*,*,#3555,.F.);
#3555 = EDGE_CURVE('',#3556,#3548,#3558,.T.);
#3556 = VERTEX_POINT('',#3557);
#3557 = CARTESIAN_POINT('',(4.95,-2.6,2.95));
#3558 = LINE('',#3559,#3560);
#3559 = CARTESIAN_POINT('',(5.1,-2.6,2.95));
#3560 = VECTOR('',#3561,1.);
#3561 = DIRECTION('',(-1.,0.,0.));
#3562 = ORIENTED_EDGE('',*,*,#3563,.T.);
#3563 = EDGE_CURVE('',#3556,#3140,#3564,.T.);
#3564 = LINE('',#3565,#3566);
#3565 = CARTESIAN_POINT('',(4.95,-2.6,2.8));
#3566 = VECTOR('',#3567,1.);
#3567 = DIRECTION('',(0.,0.,1.));
#3568 = ORIENTED_EDGE('',*,*,#3139,.T.);
#3569 = PLANE('',#3570);
#3570 = AXIS2_PLACEMENT_3D('',#3571,#3572,#3573);
#3571 = CARTESIAN_POINT('',(5.1,-2.6,0.));
#3572 = DIRECTION('',(0.,-1.,0.));
#3573 = DIRECTION('',(-1.,0.,0.));
#3574 = ADVANCED_FACE('',(#3575),#3586,.T.);
#3575 = FACE_BOUND('',#3576,.T.);
#3576 = EDGE_LOOP('',(#3577,#3578,#3579));
#3577 = ORIENTED_EDGE('',*,*,#3222,.F.);
#3578 = ORIENTED_EDGE('',*,*,#3180,.T.);
#3579 = ORIENTED_EDGE('',*,*,#3580,.F.);
#3580 = EDGE_CURVE('',#3223,#3173,#3581,.T.);
#3581 = CIRCLE('',#3582,0.15);
#3582 = AXIS2_PLACEMENT_3D('',#3583,#3584,#3585);
#3583 = CARTESIAN_POINT('',(4.95,2.45,3.25));
#3584 = DIRECTION('',(0.,0.,-1.));
#3585 = DIRECTION('',(5.921189464667E-15,1.,0.));
#3586 = SPHERICAL_SURFACE('',#3587,0.15);
#3587 = AXIS2_PLACEMENT_3D('',#3588,#3589,#3590);
#3588 = CARTESIAN_POINT('',(4.95,2.45,3.25));
#3589 = DIRECTION('',(-0.,-0.,-1.));
#3590 = DIRECTION('',(5.921189464667E-15,1.,0.));
#3591 = ADVANCED_FACE('',(#3592),#3617,.T.);
#3592 = FACE_BOUND('',#3593,.T.);
#3593 = EDGE_LOOP('',(#3594,#3602,#3603,#3611));
#3594 = ORIENTED_EDGE('',*,*,#3595,.T.);
#3595 = EDGE_CURVE('',#3596,#3173,#3598,.T.);
#3596 = VERTEX_POINT('',#3597);
#3597 = CARTESIAN_POINT('',(5.1,2.45,2.95));
#3598 = LINE('',#3599,#3600);
#3599 = CARTESIAN_POINT('',(5.1,2.45,2.8));
#3600 = VECTOR('',#3601,1.);
#3601 = DIRECTION('',(0.,0.,1.));
#3602 = ORIENTED_EDGE('',*,*,#3172,.T.);
#3603 = ORIENTED_EDGE('',*,*,#3604,.F.);
#3604 = EDGE_CURVE('',#3605,#3164,#3607,.T.);
#3605 = VERTEX_POINT('',#3606);
#3606 = CARTESIAN_POINT('',(5.1,-2.45,2.95));
#3607 = LINE('',#3608,#3609);
#3608 = CARTESIAN_POINT('',(5.1,-2.45,2.8));
#3609 = VECTOR('',#3610,1.);
#3610 = DIRECTION('',(0.,0.,1.));
#3611 = ORIENTED_EDGE('',*,*,#3612,.F.);
#3612 = EDGE_CURVE('',#3596,#3605,#3613,.T.);
#3613 = LINE('',#3614,#3615);
#3614 = CARTESIAN_POINT('',(5.1,2.6,2.95));
#3615 = VECTOR('',#3616,1.);
#3616 = DIRECTION('',(0.,-1.,0.));
#3617 = PLANE('',#3618);
#3618 = AXIS2_PLACEMENT_3D('',#3619,#3620,#3621);
#3619 = CARTESIAN_POINT('',(5.1,2.6,0.));
#3620 = DIRECTION('',(1.,0.,0.));
#3621 = DIRECTION('',(0.,-1.,0.));
#3622 = ADVANCED_FACE('',(#3623),#3642,.T.);
#3623 = FACE_BOUND('',#3624,.T.);
#3624 = EDGE_LOOP('',(#3625,#3626,#3634,#3641));
#3625 = ORIENTED_EDGE('',*,*,#3206,.T.);
#3626 = ORIENTED_EDGE('',*,*,#3627,.F.);
#3627 = EDGE_CURVE('',#3628,#3198,#3630,.T.);
#3628 = VERTEX_POINT('',#3629);
#3629 = CARTESIAN_POINT('',(-4.352025917746,-2.099999999999,2.95));
#3630 = LINE('',#3631,#3632);
#3631 = CARTESIAN_POINT('',(-4.352025917746,-2.099999999999,0.));
#3632 = VECTOR('',#3633,1.);
#3633 = DIRECTION('',(0.,0.,1.));
#3634 = ORIENTED_EDGE('',*,*,#3635,.F.);
#3635 = EDGE_CURVE('',#3548,#3628,#3636,.T.);
#3636 = CIRCLE('',#3637,2.);
#3637 = AXIS2_PLACEMENT_3D('',#3638,#3639,#3640);
#3638 = CARTESIAN_POINT('',(-3.029150262213,-0.6,2.95));
#3639 = DIRECTION('',(-0.,-0.,-1.));
#3640 = DIRECTION('',(0.,-1.,0.));
#3641 = ORIENTED_EDGE('',*,*,#3547,.T.);
#3642 = CYLINDRICAL_SURFACE('',#3643,2.);
#3643 = AXIS2_PLACEMENT_3D('',#3644,#3645,#3646);
#3644 = CARTESIAN_POINT('',(-3.029150262213,-0.6,0.));
#3645 = DIRECTION('',(0.,0.,1.));
#3646 = DIRECTION('',(0.,-1.,0.));
#3647 = ADVANCED_FACE('',(#3648),#3673,.T.);
#3648 = FACE_BOUND('',#3649,.T.);
#3649 = EDGE_LOOP('',(#3650,#3658,#3666,#3672));
#3650 = ORIENTED_EDGE('',*,*,#3651,.F.);
#3651 = EDGE_CURVE('',#3652,#3223,#3654,.T.);
#3652 = VERTEX_POINT('',#3653);
#3653 = CARTESIAN_POINT('',(4.95,2.6,2.95));
#3654 = LINE('',#3655,#3656);
#3655 = CARTESIAN_POINT('',(4.95,2.6,2.8));
#3656 = VECTOR('',#3657,1.);
#3657 = DIRECTION('',(0.,0.,1.));
#3658 = ORIENTED_EDGE('',*,*,#3659,.F.);
#3659 = EDGE_CURVE('',#3660,#3652,#3662,.T.);
#3660 = VERTEX_POINT('',#3661);
#3661 = CARTESIAN_POINT('',(-3.029150262213,2.6,2.95));
#3662 = LINE('',#3663,#3664);
#3663 = CARTESIAN_POINT('',(-3.029150262213,2.6,2.95));
#3664 = VECTOR('',#3665,1.);
#3665 = DIRECTION('',(1.,0.,0.));
#3666 = ORIENTED_EDGE('',*,*,#3667,.T.);
#3667 = EDGE_CURVE('',#3660,#3232,#3668,.T.);
#3668 = LINE('',#3669,#3670);
#3669 = CARTESIAN_POINT('',(-3.029150262213,2.6,0.));
#3670 = VECTOR('',#3671,1.);
#3671 = DIRECTION('',(0.,0.,1.));
#3672 = ORIENTED_EDGE('',*,*,#3231,.T.);
#3673 = PLANE('',#3674);
#3674 = AXIS2_PLACEMENT_3D('',#3675,#3676,#3677);
#3675 = CARTESIAN_POINT('',(-3.539230484542,2.6,0.));
#3676 = DIRECTION('',(0.,1.,0.));
#3677 = DIRECTION('',(1.,0.,0.));
#3678 = ADVANCED_FACE('',(#3679),#3698,.T.);
#3679 = FACE_BOUND('',#3680,.T.);
#3680 = EDGE_LOOP('',(#3681,#3682,#3690,#3697));
#3681 = ORIENTED_EDGE('',*,*,#3265,.T.);
#3682 = ORIENTED_EDGE('',*,*,#3683,.F.);
#3683 = EDGE_CURVE('',#3684,#3257,#3686,.T.);
#3684 = VERTEX_POINT('',#3685);
#3685 = CARTESIAN_POINT('',(-4.6,-1.852025917745,2.95));
#3686 = LINE('',#3687,#3688);
#3687 = CARTESIAN_POINT('',(-4.6,-1.852025917745,0.));
#3688 = VECTOR('',#3689,1.);
#3689 = DIRECTION('',(0.,0.,1.));
#3690 = ORIENTED_EDGE('',*,*,#3691,.F.);
#3691 = EDGE_CURVE('',#3628,#3684,#3692,.T.);
#3692 = CIRCLE('',#3693,2.8);
#3693 = AXIS2_PLACEMENT_3D('',#3694,#3695,#3696);
#3694 = CARTESIAN_POINT('',(-2.5,0.,2.95));
#3695 = DIRECTION('',(-0.,0.,-1.));
#3696 = DIRECTION('',(-0.661437827766,-0.75,0.));
#3697 = ORIENTED_EDGE('',*,*,#3627,.T.);
#3698 = CYLINDRICAL_SURFACE('',#3699,2.8);
#3699 = AXIS2_PLACEMENT_3D('',#3700,#3701,#3702);
#3700 = CARTESIAN_POINT('',(-2.5,-1.907199800948E-23,0.));
#3701 = DIRECTION('',(-0.,-0.,-1.));
#3702 = DIRECTION('',(1.,0.,0.));
#3703 = ADVANCED_FACE('',(#3704),#3723,.T.);
#3704 = FACE_BOUND('',#3705,.T.);
#3705 = EDGE_LOOP('',(#3706,#3707,#3708,#3717));
#3706 = ORIENTED_EDGE('',*,*,#3291,.T.);
#3707 = ORIENTED_EDGE('',*,*,#3667,.F.);
#3708 = ORIENTED_EDGE('',*,*,#3709,.F.);
#3709 = EDGE_CURVE('',#3710,#3660,#3712,.T.);
#3710 = VERTEX_POINT('',#3711);
#3711 = CARTESIAN_POINT('',(-4.352025917746,2.1,2.95));
#3712 = CIRCLE('',#3713,2.);
#3713 = AXIS2_PLACEMENT_3D('',#3714,#3715,#3716);
#3714 = CARTESIAN_POINT('',(-3.029150262213,0.6,2.95));
#3715 = DIRECTION('',(0.,0.,-1.));
#3716 = DIRECTION('',(-0.661437827766,0.75,0.));
#3717 = ORIENTED_EDGE('',*,*,#3718,.T.);
#3718 = EDGE_CURVE('',#3710,#3281,#3719,.T.);
#3719 = LINE('',#3720,#3721);
#3720 = CARTESIAN_POINT('',(-4.352025917745,2.1,0.));
#3721 = VECTOR('',#3722,1.);
#3722 = DIRECTION('',(0.,0.,1.));
#3723 = CYLINDRICAL_SURFACE('',#3724,2.);
#3724 = AXIS2_PLACEMENT_3D('',#3725,#3726,#3727);
#3725 = CARTESIAN_POINT('',(-3.029150262213,0.6,0.));
#3726 = DIRECTION('',(0.,0.,1.));
#3727 = DIRECTION('',(-0.661437827766,0.75,0.));
#3728 = ADVANCED_FACE('',(#3729),#3748,.T.);
#3729 = FACE_BOUND('',#3730,.T.);
#3730 = EDGE_LOOP('',(#3731,#3739,#3746,#3747));
#3731 = ORIENTED_EDGE('',*,*,#3732,.F.);
#3732 = EDGE_CURVE('',#3733,#3309,#3735,.T.);
#3733 = VERTEX_POINT('',#3734);
#3734 = CARTESIAN_POINT('',(-5.1,-0.529150262213,2.95));
#3735 = LINE('',#3736,#3737);
#3736 = CARTESIAN_POINT('',(-5.1,-0.529150262213,0.));
#3737 = VECTOR('',#3738,1.);
#3738 = DIRECTION('',(0.,0.,1.));
#3739 = ORIENTED_EDGE('',*,*,#3740,.F.);
#3740 = EDGE_CURVE('',#3684,#3733,#3741,.T.);
#3741 = CIRCLE('',#3742,2.);
#3742 = AXIS2_PLACEMENT_3D('',#3743,#3744,#3745);
#3743 = CARTESIAN_POINT('',(-3.1,-0.529150262213,2.95));
#3744 = DIRECTION('',(-0.,0.,-1.));
#3745 = DIRECTION('',(-0.75,-0.661437827766,0.));
#3746 = ORIENTED_EDGE('',*,*,#3683,.T.);
#3747 = ORIENTED_EDGE('',*,*,#3317,.T.);
#3748 = CYLINDRICAL_SURFACE('',#3749,2.);
#3749 = AXIS2_PLACEMENT_3D('',#3750,#3751,#3752);
#3750 = CARTESIAN_POINT('',(-3.1,-0.529150262213,0.));
#3751 = DIRECTION('',(0.,0.,1.));
#3752 = DIRECTION('',(-1.,0.,0.));
#3753 = ADVANCED_FACE('',(#3754),#3773,.T.);
#3754 = FACE_BOUND('',#3755,.T.);
#3755 = EDGE_LOOP('',(#3756,#3757,#3758,#3767));
#3756 = ORIENTED_EDGE('',*,*,#3343,.T.);
#3757 = ORIENTED_EDGE('',*,*,#3718,.F.);
#3758 = ORIENTED_EDGE('',*,*,#3759,.F.);
#3759 = EDGE_CURVE('',#3760,#3710,#3762,.T.);
#3760 = VERTEX_POINT('',#3761);
#3761 = CARTESIAN_POINT('',(-4.6,1.852025917745,2.95));
#3762 = CIRCLE('',#3763,2.8);
#3763 = AXIS2_PLACEMENT_3D('',#3764,#3765,#3766);
#3764 = CARTESIAN_POINT('',(-2.5,0.,2.95));
#3765 = DIRECTION('',(0.,0.,-1.));
#3766 = DIRECTION('',(-0.75,0.661437827766,0.));
#3767 = ORIENTED_EDGE('',*,*,#3768,.T.);
#3768 = EDGE_CURVE('',#3760,#3333,#3769,.T.);
#3769 = LINE('',#3770,#3771);
#3770 = CARTESIAN_POINT('',(-4.6,1.852025917745,0.));
#3771 = VECTOR('',#3772,1.);
#3772 = DIRECTION('',(0.,0.,1.));
#3773 = CYLINDRICAL_SURFACE('',#3774,2.8);
#3774 = AXIS2_PLACEMENT_3D('',#3775,#3776,#3777);
#3775 = CARTESIAN_POINT('',(-2.5,-1.907199800948E-23,0.));
#3776 = DIRECTION('',(-0.,-0.,-1.));
#3777 = DIRECTION('',(1.,0.,0.));
#3778 = ADVANCED_FACE('',(#3779),#3797,.T.);
#3779 = FACE_BOUND('',#3780,.T.);
#3780 = EDGE_LOOP('',(#3781,#3789,#3795,#3796));
#3781 = ORIENTED_EDGE('',*,*,#3782,.F.);
#3782 = EDGE_CURVE('',#3783,#3360,#3785,.T.);
#3783 = VERTEX_POINT('',#3784);
#3784 = CARTESIAN_POINT('',(-5.1,0.529150262213,2.95));
#3785 = LINE('',#3786,#3787);
#3786 = CARTESIAN_POINT('',(-5.1,0.529150262213,0.));
#3787 = VECTOR('',#3788,1.);
#3788 = DIRECTION('',(0.,0.,1.));
#3789 = ORIENTED_EDGE('',*,*,#3790,.F.);
#3790 = EDGE_CURVE('',#3733,#3783,#3791,.T.);
#3791 = LINE('',#3792,#3793);
#3792 = CARTESIAN_POINT('',(-5.1,-0.529150262213,2.95));
#3793 = VECTOR('',#3794,1.);
#3794 = DIRECTION('',(0.,1.,0.));
#3795 = ORIENTED_EDGE('',*,*,#3732,.T.);
#3796 = ORIENTED_EDGE('',*,*,#3368,.T.);
#3797 = PLANE('',#3798);
#3798 = AXIS2_PLACEMENT_3D('',#3799,#3800,#3801);
#3799 = CARTESIAN_POINT('',(-5.1,-1.039230484541,0.));
#3800 = DIRECTION('',(-1.,0.,0.));
#3801 = DIRECTION('',(0.,1.,0.));
#3802 = ADVANCED_FACE('',(#3803),#3815,.T.);
#3803 = FACE_BOUND('',#3804,.T.);
#3804 = EDGE_LOOP('',(#3805,#3806,#3807,#3814));
#3805 = ORIENTED_EDGE('',*,*,#3386,.T.);
#3806 = ORIENTED_EDGE('',*,*,#3768,.F.);
#3807 = ORIENTED_EDGE('',*,*,#3808,.F.);
#3808 = EDGE_CURVE('',#3783,#3760,#3809,.T.);
#3809 = CIRCLE('',#3810,2.);
#3810 = AXIS2_PLACEMENT_3D('',#3811,#3812,#3813);
#3811 = CARTESIAN_POINT('',(-3.1,0.529150262213,2.95));
#3812 = DIRECTION('',(-0.,0.,-1.));
#3813 = DIRECTION('',(-1.,-1.110223024625E-16,0.));
#3814 = ORIENTED_EDGE('',*,*,#3782,.T.);
#3815 = CYLINDRICAL_SURFACE('',#3816,2.);
#3816 = AXIS2_PLACEMENT_3D('',#3817,#3818,#3819);
#3817 = CARTESIAN_POINT('',(-3.1,0.529150262213,0.));
#3818 = DIRECTION('',(0.,0.,1.));
#3819 = DIRECTION('',(-1.,0.,0.));
#3820 = ADVANCED_FACE('',(#3821),#3848,.T.);
#3821 = FACE_BOUND('',#3822,.T.);
#3822 = EDGE_LOOP('',(#3823,#3824,#3833,#3841));
#3823 = ORIENTED_EDGE('',*,*,#3418,.F.);
#3824 = ORIENTED_EDGE('',*,*,#3825,.T.);
#3825 = EDGE_CURVE('',#3419,#3826,#3828,.T.);
#3826 = VERTEX_POINT('',#3827);
#3827 = CARTESIAN_POINT('',(4.95,-2.6,0.15));
#3828 = CIRCLE('',#3829,0.15);
#3829 = AXIS2_PLACEMENT_3D('',#3830,#3831,#3832);
#3830 = CARTESIAN_POINT('',(4.95,-2.45,0.15));
#3831 = DIRECTION('',(-1.,-0.,0.));
#3832 = DIRECTION('',(0.,-2.960594732334E-15,-1.));
#3833 = ORIENTED_EDGE('',*,*,#3834,.T.);
#3834 = EDGE_CURVE('',#3826,#3835,#3837,.T.);
#3835 = VERTEX_POINT('',#3836);
#3836 = CARTESIAN_POINT('',(-3.029150262213,-2.6,0.15));
#3837 = LINE('',#3838,#3839);
#3838 = CARTESIAN_POINT('',(5.1,-2.6,0.15));
#3839 = VECTOR('',#3840,1.);
#3840 = DIRECTION('',(-1.,0.,0.));
#3841 = ORIENTED_EDGE('',*,*,#3842,.F.);
#3842 = EDGE_CURVE('',#3421,#3835,#3843,.T.);
#3843 = CIRCLE('',#3844,0.15);
#3844 = AXIS2_PLACEMENT_3D('',#3845,#3846,#3847);
#3845 = CARTESIAN_POINT('',(-3.029150262213,-2.45,0.15));
#3846 = DIRECTION('',(-1.,0.,0.));
#3847 = DIRECTION('',(0.,0.,-1.));
#3848 = CYLINDRICAL_SURFACE('',#3849,0.15);
#3849 = AXIS2_PLACEMENT_3D('',#3850,#3851,#3852);
#3850 = CARTESIAN_POINT('',(5.1,-2.45,0.15));
#3851 = DIRECTION('',(-1.,0.,0.));
#3852 = DIRECTION('',(0.,0.,-1.));
#3853 = ADVANCED_FACE('',(#3854),#3881,.T.);
#3854 = FACE_BOUND('',#3855,.T.);
#3855 = EDGE_LOOP('',(#3856,#3865,#3873,#3880));
#3856 = ORIENTED_EDGE('',*,*,#3857,.F.);
#3857 = EDGE_CURVE('',#3858,#3429,#3860,.T.);
#3858 = VERTEX_POINT('',#3859);
#3859 = CARTESIAN_POINT('',(5.1,2.45,0.15));
#3860 = CIRCLE('',#3861,0.15);
#3861 = AXIS2_PLACEMENT_3D('',#3862,#3863,#3864);
#3862 = CARTESIAN_POINT('',(4.95,2.45,0.15));
#3863 = DIRECTION('',(0.,1.,0.));
#3864 = DIRECTION('',(0.,0.,-1.));
#3865 = ORIENTED_EDGE('',*,*,#3866,.T.);
#3866 = EDGE_CURVE('',#3858,#3867,#3869,.T.);
#3867 = VERTEX_POINT('',#3868);
#3868 = CARTESIAN_POINT('',(5.1,-2.45,0.15));
#3869 = LINE('',#3870,#3871);
#3870 = CARTESIAN_POINT('',(5.1,2.6,0.15));
#3871 = VECTOR('',#3872,1.);
#3872 = DIRECTION('',(0.,-1.,0.));
#3873 = ORIENTED_EDGE('',*,*,#3874,.T.);
#3874 = EDGE_CURVE('',#3867,#3419,#3875,.T.);
#3875 = CIRCLE('',#3876,0.15);
#3876 = AXIS2_PLACEMENT_3D('',#3877,#3878,#3879);
#3877 = CARTESIAN_POINT('',(4.95,-2.45,0.15));
#3878 = DIRECTION('',(0.,1.,-2.960594732334E-15));
#3879 = DIRECTION('',(0.,-2.960594732334E-15,-1.));
#3880 = ORIENTED_EDGE('',*,*,#3428,.F.);
#3881 = CYLINDRICAL_SURFACE('',#3882,0.15);
#3882 = AXIS2_PLACEMENT_3D('',#3883,#3884,#3885);
#3883 = CARTESIAN_POINT('',(4.95,2.6,0.15));
#3884 = DIRECTION('',(0.,-1.,0.));
#3885 = DIRECTION('',(-0.,-0.,-1.));
#3886 = ADVANCED_FACE('',(#3887),#3907,.T.);
#3887 = FACE_BOUND('',#3888,.T.);
#3888 = EDGE_LOOP('',(#3889,#3898,#3905,#3906));
#3889 = ORIENTED_EDGE('',*,*,#3890,.T.);
#3890 = EDGE_CURVE('',#3835,#3891,#3893,.T.);
#3891 = VERTEX_POINT('',#3892);
#3892 = CARTESIAN_POINT('',(-4.352025917746,-2.099999999999,0.15));
#3893 = CIRCLE('',#3894,2.);
#3894 = AXIS2_PLACEMENT_3D('',#3895,#3896,#3897);
#3895 = CARTESIAN_POINT('',(-3.029150262213,-0.6,0.15));
#3896 = DIRECTION('',(-0.,-0.,-1.));
#3897 = DIRECTION('',(0.,-1.,0.));
#3898 = ORIENTED_EDGE('',*,*,#3899,.F.);
#3899 = EDGE_CURVE('',#3489,#3891,#3900,.T.);
#3900 = CIRCLE('',#3901,0.15);
#3901 = AXIS2_PLACEMENT_3D('',#3902,#3903,#3904);
#3902 = CARTESIAN_POINT('',(-4.252810243581,-1.987499999999,0.15));
#3903 = DIRECTION('',(-0.75,0.661437827766,0.));
#3904 = DIRECTION('',(-0.661437827766,-0.75,0.));
#3905 = ORIENTED_EDGE('',*,*,#3497,.F.);
#3906 = ORIENTED_EDGE('',*,*,#3842,.T.);
#3907 = TOROIDAL_SURFACE('',#3908,1.85,0.15);
#3908 = AXIS2_PLACEMENT_3D('',#3909,#3910,#3911);
#3909 = CARTESIAN_POINT('',(-3.029150262213,-0.6,0.15));
#3910 = DIRECTION('',(0.,0.,1.));
#3911 = DIRECTION('',(0.,-1.,0.));
#3912 = ADVANCED_FACE('',(#3913),#3940,.T.);
#3913 = FACE_BOUND('',#3914,.T.);
#3914 = EDGE_LOOP('',(#3915,#3924,#3932,#3939));
#3915 = ORIENTED_EDGE('',*,*,#3916,.T.);
#3916 = EDGE_CURVE('',#3437,#3917,#3919,.T.);
#3917 = VERTEX_POINT('',#3918);
#3918 = CARTESIAN_POINT('',(-3.029150262213,2.6,0.15));
#3919 = CIRCLE('',#3920,0.15);
#3920 = AXIS2_PLACEMENT_3D('',#3921,#3922,#3923);
#3921 = CARTESIAN_POINT('',(-3.029150262213,2.45,0.15));
#3922 = DIRECTION('',(1.,0.,0.));
#3923 = DIRECTION('',(0.,1.,0.));
#3924 = ORIENTED_EDGE('',*,*,#3925,.T.);
#3925 = EDGE_CURVE('',#3917,#3926,#3928,.T.);
#3926 = VERTEX_POINT('',#3927);
#3927 = CARTESIAN_POINT('',(4.95,2.6,0.15));
#3928 = LINE('',#3929,#3930);
#3929 = CARTESIAN_POINT('',(-3.029150262213,2.6,0.15));
#3930 = VECTOR('',#3931,1.);
#3931 = DIRECTION('',(1.,0.,0.));
#3932 = ORIENTED_EDGE('',*,*,#3933,.F.);
#3933 = EDGE_CURVE('',#3429,#3926,#3934,.T.);
#3934 = CIRCLE('',#3935,0.15);
#3935 = AXIS2_PLACEMENT_3D('',#3936,#3937,#3938);
#3936 = CARTESIAN_POINT('',(4.95,2.45,0.15));
#3937 = DIRECTION('',(1.,-0.,0.));
#3938 = DIRECTION('',(0.,0.,-1.));
#3939 = ORIENTED_EDGE('',*,*,#3436,.F.);
#3940 = CYLINDRICAL_SURFACE('',#3941,0.15);
#3941 = AXIS2_PLACEMENT_3D('',#3942,#3943,#3944);
#3942 = CARTESIAN_POINT('',(-3.029150262213,2.45,0.15));
#3943 = DIRECTION('',(1.,0.,0.));
#3944 = DIRECTION('',(0.,0.,-1.));
#3945 = ADVANCED_FACE('',(#3946),#3966,.T.);
#3946 = FACE_BOUND('',#3947,.T.);
#3947 = EDGE_LOOP('',(#3948,#3957,#3964,#3965));
#3948 = ORIENTED_EDGE('',*,*,#3949,.T.);
#3949 = EDGE_CURVE('',#3891,#3950,#3952,.T.);
#3950 = VERTEX_POINT('',#3951);
#3951 = CARTESIAN_POINT('',(-4.6,-1.852025917745,0.15));
#3952 = CIRCLE('',#3953,2.8);
#3953 = AXIS2_PLACEMENT_3D('',#3954,#3955,#3956);
#3954 = CARTESIAN_POINT('',(-2.5,0.,0.15));
#3955 = DIRECTION('',(-0.,0.,-1.));
#3956 = DIRECTION('',(-0.661437827766,-0.75,0.));
#3957 = ORIENTED_EDGE('',*,*,#3958,.F.);
#3958 = EDGE_CURVE('',#3480,#3950,#3959,.T.);
#3959 = CIRCLE('',#3960,0.15);
#3960 = AXIS2_PLACEMENT_3D('',#3961,#3962,#3963);
#3961 = CARTESIAN_POINT('',(-4.4875,-1.75281024358,0.15));
#3962 = DIRECTION('',(-0.661437827766,0.75,0.));
#3963 = DIRECTION('',(-0.75,-0.661437827766,0.));
#3964 = ORIENTED_EDGE('',*,*,#3488,.F.);
#3965 = ORIENTED_EDGE('',*,*,#3899,.T.);
#3966 = TOROIDAL_SURFACE('',#3967,2.65,0.15);
#3967 = AXIS2_PLACEMENT_3D('',#3968,#3969,#3970);
#3968 = CARTESIAN_POINT('',(-2.5,0.,0.15));
#3969 = DIRECTION('',(0.,0.,1.));
#3970 = DIRECTION('',(-0.661437827766,-0.75,0.));
#3971 = ADVANCED_FACE('',(#3972),#3992,.T.);
#3972 = FACE_BOUND('',#3973,.T.);
#3973 = EDGE_LOOP('',(#3974,#3983,#3984,#3985));
#3974 = ORIENTED_EDGE('',*,*,#3975,.T.);
#3975 = EDGE_CURVE('',#3976,#3917,#3978,.T.);
#3976 = VERTEX_POINT('',#3977);
#3977 = CARTESIAN_POINT('',(-4.352025917746,2.1,0.15));
#3978 = CIRCLE('',#3979,2.);
#3979 = AXIS2_PLACEMENT_3D('',#3980,#3981,#3982);
#3980 = CARTESIAN_POINT('',(-3.029150262213,0.6,0.15));
#3981 = DIRECTION('',(0.,0.,-1.));
#3982 = DIRECTION('',(-0.661437827766,0.75,0.));
#3983 = ORIENTED_EDGE('',*,*,#3916,.F.);
#3984 = ORIENTED_EDGE('',*,*,#3444,.F.);
#3985 = ORIENTED_EDGE('',*,*,#3986,.T.);
#3986 = EDGE_CURVE('',#3445,#3976,#3987,.T.);
#3987 = CIRCLE('',#3988,0.15);
#3988 = AXIS2_PLACEMENT_3D('',#3989,#3990,#3991);
#3989 = CARTESIAN_POINT('',(-4.252810243581,1.9875,0.15));
#3990 = DIRECTION('',(0.75,0.661437827766,-0.));
#3991 = DIRECTION('',(-0.661437827766,0.75,0.));
#3992 = TOROIDAL_SURFACE('',#3993,1.85,0.15);
#3993 = AXIS2_PLACEMENT_3D('',#3994,#3995,#3996);
#3994 = CARTESIAN_POINT('',(-3.029150262213,0.6,0.15));
#3995 = DIRECTION('',(0.,0.,1.));
#3996 = DIRECTION('',(-0.661437827766,0.75,0.));
#3997 = ADVANCED_FACE('',(#3998),#4018,.T.);
#3998 = FACE_BOUND('',#3999,.T.);
#3999 = EDGE_LOOP('',(#4000,#4009,#4016,#4017));
#4000 = ORIENTED_EDGE('',*,*,#4001,.T.);
#4001 = EDGE_CURVE('',#3950,#4002,#4004,.T.);
#4002 = VERTEX_POINT('',#4003);
#4003 = CARTESIAN_POINT('',(-5.1,-0.529150262213,0.15));
#4004 = CIRCLE('',#4005,2.);
#4005 = AXIS2_PLACEMENT_3D('',#4006,#4007,#4008);
#4006 = CARTESIAN_POINT('',(-3.1,-0.529150262213,0.15));
#4007 = DIRECTION('',(-0.,0.,-1.));
#4008 = DIRECTION('',(-0.75,-0.661437827766,0.));
#4009 = ORIENTED_EDGE('',*,*,#4010,.F.);
#4010 = EDGE_CURVE('',#3472,#4002,#4011,.T.);
#4011 = CIRCLE('',#4012,0.15);
#4012 = AXIS2_PLACEMENT_3D('',#4013,#4014,#4015);
#4013 = CARTESIAN_POINT('',(-4.95,-0.529150262213,0.15));
#4014 = DIRECTION('',(0.,1.,-0.));
#4015 = DIRECTION('',(-1.,0.,0.));
#4016 = ORIENTED_EDGE('',*,*,#3479,.F.);
#4017 = ORIENTED_EDGE('',*,*,#3958,.T.);
#4018 = TOROIDAL_SURFACE('',#4019,1.85,0.15);
#4019 = AXIS2_PLACEMENT_3D('',#4020,#4021,#4022);
#4020 = CARTESIAN_POINT('',(-3.1,-0.529150262213,0.15));
#4021 = DIRECTION('',(0.,0.,1.));
#4022 = DIRECTION('',(-0.75,-0.661437827766,0.));
#4023 = ADVANCED_FACE('',(#4024),#4044,.T.);
#4024 = FACE_BOUND('',#4025,.T.);
#4025 = EDGE_LOOP('',(#4026,#4035,#4036,#4037));
#4026 = ORIENTED_EDGE('',*,*,#4027,.T.);
#4027 = EDGE_CURVE('',#4028,#3976,#4030,.T.);
#4028 = VERTEX_POINT('',#4029);
#4029 = CARTESIAN_POINT('',(-4.6,1.852025917745,0.15));
#4030 = CIRCLE('',#4031,2.8);
#4031 = AXIS2_PLACEMENT_3D('',#4032,#4033,#4034);
#4032 = CARTESIAN_POINT('',(-2.5,0.,0.15));
#4033 = DIRECTION('',(0.,0.,-1.));
#4034 = DIRECTION('',(-0.75,0.661437827766,0.));
#4035 = ORIENTED_EDGE('',*,*,#3986,.F.);
#4036 = ORIENTED_EDGE('',*,*,#3453,.F.);
#4037 = ORIENTED_EDGE('',*,*,#4038,.T.);
#4038 = EDGE_CURVE('',#3454,#4028,#4039,.T.);
#4039 = CIRCLE('',#4040,0.15);
#4040 = AXIS2_PLACEMENT_3D('',#4041,#4042,#4043);
#4041 = CARTESIAN_POINT('',(-4.4875,1.75281024358,0.15));
#4042 = DIRECTION('',(0.661437827766,0.75,-0.));
#4043 = DIRECTION('',(-0.75,0.661437827766,0.));
#4044 = TOROIDAL_SURFACE('',#4045,2.65,0.15);
#4045 = AXIS2_PLACEMENT_3D('',#4046,#4047,#4048);
#4046 = CARTESIAN_POINT('',(-2.5,0.,0.15));
#4047 = DIRECTION('',(0.,0.,1.));
#4048 = DIRECTION('',(-0.75,0.661437827766,0.));
#4049 = ADVANCED_FACE('',(#4050),#4069,.T.);
#4050 = FACE_BOUND('',#4051,.T.);
#4051 = EDGE_LOOP('',(#4052,#4053,#4061,#4068));
#4052 = ORIENTED_EDGE('',*,*,#4010,.T.);
#4053 = ORIENTED_EDGE('',*,*,#4054,.T.);
#4054 = EDGE_CURVE('',#4002,#4055,#4057,.T.);
#4055 = VERTEX_POINT('',#4056);
#4056 = CARTESIAN_POINT('',(-5.1,0.529150262213,0.15));
#4057 = LINE('',#4058,#4059);
#4058 = CARTESIAN_POINT('',(-5.1,-0.529150262213,0.15));
#4059 = VECTOR('',#4060,1.);
#4060 = DIRECTION('',(0.,1.,0.));
#4061 = ORIENTED_EDGE('',*,*,#4062,.F.);
#4062 = EDGE_CURVE('',#3463,#4055,#4063,.T.);
#4063 = CIRCLE('',#4064,0.15);
#4064 = AXIS2_PLACEMENT_3D('',#4065,#4066,#4067);
#4065 = CARTESIAN_POINT('',(-4.95,0.529150262213,0.15));
#4066 = DIRECTION('',(0.,1.,0.));
#4067 = DIRECTION('',(0.,0.,-1.));
#4068 = ORIENTED_EDGE('',*,*,#3471,.F.);
#4069 = CYLINDRICAL_SURFACE('',#4070,0.15);
#4070 = AXIS2_PLACEMENT_3D('',#4071,#4072,#4073);
#4071 = CARTESIAN_POINT('',(-4.95,-0.529150262213,0.15));
#4072 = DIRECTION('',(0.,1.,0.));
#4073 = DIRECTION('',(0.,0.,-1.));
#4074 = ADVANCED_FACE('',(#4075),#4087,.T.);
#4075 = FACE_BOUND('',#4076,.T.);
#4076 = EDGE_LOOP('',(#4077,#4084,#4085,#4086));
#4077 = ORIENTED_EDGE('',*,*,#4078,.T.);
#4078 = EDGE_CURVE('',#4055,#4028,#4079,.T.);
#4079 = CIRCLE('',#4080,2.);
#4080 = AXIS2_PLACEMENT_3D('',#4081,#4082,#4083);
#4081 = CARTESIAN_POINT('',(-3.1,0.529150262213,0.15));
#4082 = DIRECTION('',(-0.,0.,-1.));
#4083 = DIRECTION('',(-1.,-1.110223024625E-16,0.));
#4084 = ORIENTED_EDGE('',*,*,#4038,.F.);
#4085 = ORIENTED_EDGE('',*,*,#3462,.F.);
#4086 = ORIENTED_EDGE('',*,*,#4062,.T.);
#4087 = TOROIDAL_SURFACE('',#4088,1.85,0.15);
#4088 = AXIS2_PLACEMENT_3D('',#4089,#4090,#4091);
#4089 = CARTESIAN_POINT('',(-3.1,0.529150262213,0.15));
#4090 = DIRECTION('',(0.,0.,1.));
#4091 = DIRECTION('',(-1.,-1.110223024625E-16,0.));
#4092 = ADVANCED_FACE('',(#4093),#4105,.T.);
#4093 = FACE_BOUND('',#4094,.T.);
#4094 = EDGE_LOOP('',(#4095,#4096,#4097,#4098));
#4095 = ORIENTED_EDGE('',*,*,#3604,.T.);
#4096 = ORIENTED_EDGE('',*,*,#3532,.T.);
#4097 = ORIENTED_EDGE('',*,*,#3563,.F.);
#4098 = ORIENTED_EDGE('',*,*,#4099,.F.);
#4099 = EDGE_CURVE('',#3605,#3556,#4100,.T.);
#4100 = CIRCLE('',#4101,0.15);
#4101 = AXIS2_PLACEMENT_3D('',#4102,#4103,#4104);
#4102 = CARTESIAN_POINT('',(4.95,-2.45,2.95));
#4103 = DIRECTION('',(-0.,-6.007986861327E-15,-1.));
#4104 = DIRECTION('',(0.,-1.,6.007986861327E-15));
#4105 = CYLINDRICAL_SURFACE('',#4106,0.15);
#4106 = AXIS2_PLACEMENT_3D('',#4107,#4108,#4109);
#4107 = CARTESIAN_POINT('',(4.95,-2.45,2.8));
#4108 = DIRECTION('',(0.,0.,1.));
#4109 = DIRECTION('',(0.,-1.,0.));
#4110 = ADVANCED_FACE('',(#4111),#4138,.T.);
#4111 = FACE_BOUND('',#4112,.T.);
#4112 = EDGE_LOOP('',(#4113,#4123,#4130,#4131));
#4113 = ORIENTED_EDGE('',*,*,#4114,.F.);
#4114 = EDGE_CURVE('',#4115,#4117,#4119,.T.);
#4115 = VERTEX_POINT('',#4116);
#4116 = CARTESIAN_POINT('',(4.95,-2.45,2.8));
#4117 = VERTEX_POINT('',#4118);
#4118 = CARTESIAN_POINT('',(-3.029150262213,-2.45,2.8));
#4119 = LINE('',#4120,#4121);
#4120 = CARTESIAN_POINT('',(5.1,-2.45,2.8));
#4121 = VECTOR('',#4122,1.);
#4122 = DIRECTION('',(-1.,0.,0.));
#4123 = ORIENTED_EDGE('',*,*,#4124,.T.);
#4124 = EDGE_CURVE('',#4115,#3556,#4125,.T.);
#4125 = CIRCLE('',#4126,0.15);
#4126 = AXIS2_PLACEMENT_3D('',#4127,#4128,#4129);
#4127 = CARTESIAN_POINT('',(4.95,-2.45,2.95));
#4128 = DIRECTION('',(-1.,-0.,0.));
#4129 = DIRECTION('',(0.,-2.960594732334E-15,-1.));
#4130 = ORIENTED_EDGE('',*,*,#3555,.T.);
#4131 = ORIENTED_EDGE('',*,*,#4132,.F.);
#4132 = EDGE_CURVE('',#4117,#3548,#4133,.T.);
#4133 = CIRCLE('',#4134,0.15);
#4134 = AXIS2_PLACEMENT_3D('',#4135,#4136,#4137);
#4135 = CARTESIAN_POINT('',(-3.029150262213,-2.45,2.95));
#4136 = DIRECTION('',(-1.,0.,0.));
#4137 = DIRECTION('',(0.,0.,-1.));
#4138 = CYLINDRICAL_SURFACE('',#4139,0.15);
#4139 = AXIS2_PLACEMENT_3D('',#4140,#4141,#4142);
#4140 = CARTESIAN_POINT('',(5.1,-2.45,2.95));
#4141 = DIRECTION('',(-1.,0.,0.));
#4142 = DIRECTION('',(0.,0.,-1.));
#4143 = ADVANCED_FACE('',(#4144),#4156,.T.);
#4144 = FACE_BOUND('',#4145,.T.);
#4145 = EDGE_LOOP('',(#4146,#4153,#4154,#4155));
#4146 = ORIENTED_EDGE('',*,*,#4147,.T.);
#4147 = EDGE_CURVE('',#3596,#3652,#4148,.T.);
#4148 = CIRCLE('',#4149,0.15);
#4149 = AXIS2_PLACEMENT_3D('',#4150,#4151,#4152);
#4150 = CARTESIAN_POINT('',(4.95,2.45,2.95));
#4151 = DIRECTION('',(0.,2.947812203983E-15,1.));
#4152 = DIRECTION('',(0.,1.,-2.947812203983E-15));
#4153 = ORIENTED_EDGE('',*,*,#3651,.T.);
#4154 = ORIENTED_EDGE('',*,*,#3580,.T.);
#4155 = ORIENTED_EDGE('',*,*,#3595,.F.);
#4156 = CYLINDRICAL_SURFACE('',#4157,0.15);
#4157 = AXIS2_PLACEMENT_3D('',#4158,#4159,#4160);
#4158 = CARTESIAN_POINT('',(4.95,2.45,2.8));
#4159 = DIRECTION('',(0.,0.,1.));
#4160 = DIRECTION('',(0.,1.,0.));
#4161 = ADVANCED_FACE('',(#4162),#4187,.T.);
#4162 = FACE_BOUND('',#4163,.T.);
#4163 = EDGE_LOOP('',(#4164,#4173,#4174,#4181));
#4164 = ORIENTED_EDGE('',*,*,#4165,.F.);
#4165 = EDGE_CURVE('',#3596,#4166,#4168,.T.);
#4166 = VERTEX_POINT('',#4167);
#4167 = CARTESIAN_POINT('',(4.95,2.45,2.8));
#4168 = CIRCLE('',#4169,0.15);
#4169 = AXIS2_PLACEMENT_3D('',#4170,#4171,#4172);
#4170 = CARTESIAN_POINT('',(4.95,2.45,2.95));
#4171 = DIRECTION('',(0.,1.,0.));
#4172 = DIRECTION('',(0.,0.,-1.));
#4173 = ORIENTED_EDGE('',*,*,#3612,.T.);
#4174 = ORIENTED_EDGE('',*,*,#4175,.T.);
#4175 = EDGE_CURVE('',#3605,#4115,#4176,.T.);
#4176 = CIRCLE('',#4177,0.15);
#4177 = AXIS2_PLACEMENT_3D('',#4178,#4179,#4180);
#4178 = CARTESIAN_POINT('',(4.95,-2.45,2.95));
#4179 = DIRECTION('',(0.,1.,-2.960594732334E-15));
#4180 = DIRECTION('',(0.,-2.960594732334E-15,-1.));
#4181 = ORIENTED_EDGE('',*,*,#4182,.F.);
#4182 = EDGE_CURVE('',#4166,#4115,#4183,.T.);
#4183 = LINE('',#4184,#4185);
#4184 = CARTESIAN_POINT('',(4.95,2.6,2.8));
#4185 = VECTOR('',#4186,1.);
#4186 = DIRECTION('',(0.,-1.,0.));
#4187 = CYLINDRICAL_SURFACE('',#4188,0.15);
#4188 = AXIS2_PLACEMENT_3D('',#4189,#4190,#4191);
#4189 = CARTESIAN_POINT('',(4.95,2.6,2.95));
#4190 = DIRECTION('',(0.,-1.,0.));
#4191 = DIRECTION('',(-0.,-0.,-1.));
#4192 = ADVANCED_FACE('',(#4193),#4213,.T.);
#4193 = FACE_BOUND('',#4194,.T.);
#4194 = EDGE_LOOP('',(#4195,#4196,#4205,#4212));
#4195 = ORIENTED_EDGE('',*,*,#3635,.T.);
#4196 = ORIENTED_EDGE('',*,*,#4197,.F.);
#4197 = EDGE_CURVE('',#4198,#3628,#4200,.T.);
#4198 = VERTEX_POINT('',#4199);
#4199 = CARTESIAN_POINT('',(-4.252810243581,-1.9875,2.8));
#4200 = CIRCLE('',#4201,0.15);
#4201 = AXIS2_PLACEMENT_3D('',#4202,#4203,#4204);
#4202 = CARTESIAN_POINT('',(-4.252810243581,-1.987499999999,2.95));
#4203 = DIRECTION('',(-0.75,0.661437827766,0.));
#4204 = DIRECTION('',(-0.661437827766,-0.75,0.));
#4205 = ORIENTED_EDGE('',*,*,#4206,.F.);
#4206 = EDGE_CURVE('',#4117,#4198,#4207,.T.);
#4207 = CIRCLE('',#4208,1.85);
#4208 = AXIS2_PLACEMENT_3D('',#4209,#4210,#4211);
#4209 = CARTESIAN_POINT('',(-3.029150262213,-0.6,2.8));
#4210 = DIRECTION('',(-0.,-0.,-1.));
#4211 = DIRECTION('',(0.,-1.,0.));
#4212 = ORIENTED_EDGE('',*,*,#4132,.T.);
#4213 = TOROIDAL_SURFACE('',#4214,1.85,0.15);
#4214 = AXIS2_PLACEMENT_3D('',#4215,#4216,#4217);
#4215 = CARTESIAN_POINT('',(-3.029150262213,-0.6,2.95));
#4216 = DIRECTION('',(0.,0.,1.));
#4217 = DIRECTION('',(0.,-1.,0.));
#4218 = ADVANCED_FACE('',(#4219),#4244,.T.);
#4219 = FACE_BOUND('',#4220,.T.);
#4220 = EDGE_LOOP('',(#4221,#4230,#4231,#4238));
#4221 = ORIENTED_EDGE('',*,*,#4222,.T.);
#4222 = EDGE_CURVE('',#4223,#3660,#4225,.T.);
#4223 = VERTEX_POINT('',#4224);
#4224 = CARTESIAN_POINT('',(-3.029150262213,2.45,2.8));
#4225 = CIRCLE('',#4226,0.15);
#4226 = AXIS2_PLACEMENT_3D('',#4227,#4228,#4229);
#4227 = CARTESIAN_POINT('',(-3.029150262213,2.45,2.95));
#4228 = DIRECTION('',(1.,0.,0.));
#4229 = DIRECTION('',(0.,1.,0.));
#4230 = ORIENTED_EDGE('',*,*,#3659,.T.);
#4231 = ORIENTED_EDGE('',*,*,#4232,.F.);
#4232 = EDGE_CURVE('',#4166,#3652,#4233,.T.);
#4233 = CIRCLE('',#4234,0.15);
#4234 = AXIS2_PLACEMENT_3D('',#4235,#4236,#4237);
#4235 = CARTESIAN_POINT('',(4.95,2.45,2.95));
#4236 = DIRECTION('',(1.,-0.,0.));
#4237 = DIRECTION('',(0.,0.,-1.));
#4238 = ORIENTED_EDGE('',*,*,#4239,.F.);
#4239 = EDGE_CURVE('',#4223,#4166,#4240,.T.);
#4240 = LINE('',#4241,#4242);
#4241 = CARTESIAN_POINT('',(-3.029150262213,2.45,2.8));
#4242 = VECTOR('',#4243,1.);
#4243 = DIRECTION('',(1.,0.,0.));
#4244 = CYLINDRICAL_SURFACE('',#4245,0.15);
#4245 = AXIS2_PLACEMENT_3D('',#4246,#4247,#4248);
#4246 = CARTESIAN_POINT('',(-3.029150262213,2.45,2.95));
#4247 = DIRECTION('',(1.,0.,0.));
#4248 = DIRECTION('',(0.,0.,-1.));
#4249 = ADVANCED_FACE('',(#4250),#4270,.T.);
#4250 = FACE_BOUND('',#4251,.T.);
#4251 = EDGE_LOOP('',(#4252,#4253,#4262,#4269));
#4252 = ORIENTED_EDGE('',*,*,#3691,.T.);
#4253 = ORIENTED_EDGE('',*,*,#4254,.F.);
#4254 = EDGE_CURVE('',#4255,#3684,#4257,.T.);
#4255 = VERTEX_POINT('',#4256);
#4256 = CARTESIAN_POINT('',(-4.4875,-1.75281024358,2.8));
#4257 = CIRCLE('',#4258,0.15);
#4258 = AXIS2_PLACEMENT_3D('',#4259,#4260,#4261);
#4259 = CARTESIAN_POINT('',(-4.4875,-1.75281024358,2.95));
#4260 = DIRECTION('',(-0.661437827766,0.75,0.));
#4261 = DIRECTION('',(-0.75,-0.661437827766,0.));
#4262 = ORIENTED_EDGE('',*,*,#4263,.F.);
#4263 = EDGE_CURVE('',#4198,#4255,#4264,.T.);
#4264 = CIRCLE('',#4265,2.65);
#4265 = AXIS2_PLACEMENT_3D('',#4266,#4267,#4268);
#4266 = CARTESIAN_POINT('',(-2.5,0.,2.8));
#4267 = DIRECTION('',(-0.,0.,-1.));
#4268 = DIRECTION('',(-0.661437827766,-0.75,0.));
#4269 = ORIENTED_EDGE('',*,*,#4197,.T.);
#4270 = TOROIDAL_SURFACE('',#4271,2.65,0.15);
#4271 = AXIS2_PLACEMENT_3D('',#4272,#4273,#4274);
#4272 = CARTESIAN_POINT('',(-2.5,0.,2.95));
#4273 = DIRECTION('',(0.,0.,1.));
#4274 = DIRECTION('',(-0.661437827766,-0.75,0.));
#4275 = ADVANCED_FACE('',(#4276),#4296,.T.);
#4276 = FACE_BOUND('',#4277,.T.);
#4277 = EDGE_LOOP('',(#4278,#4279,#4280,#4289));
#4278 = ORIENTED_EDGE('',*,*,#3709,.T.);
#4279 = ORIENTED_EDGE('',*,*,#4222,.F.);
#4280 = ORIENTED_EDGE('',*,*,#4281,.F.);
#4281 = EDGE_CURVE('',#4282,#4223,#4284,.T.);
#4282 = VERTEX_POINT('',#4283);
#4283 = CARTESIAN_POINT('',(-4.252810243581,1.9875,2.8));
#4284 = CIRCLE('',#4285,1.85);
#4285 = AXIS2_PLACEMENT_3D('',#4286,#4287,#4288);
#4286 = CARTESIAN_POINT('',(-3.029150262213,0.6,2.8));
#4287 = DIRECTION('',(0.,0.,-1.));
#4288 = DIRECTION('',(-0.661437827766,0.75,0.));
#4289 = ORIENTED_EDGE('',*,*,#4290,.T.);
#4290 = EDGE_CURVE('',#4282,#3710,#4291,.T.);
#4291 = CIRCLE('',#4292,0.15);
#4292 = AXIS2_PLACEMENT_3D('',#4293,#4294,#4295);
#4293 = CARTESIAN_POINT('',(-4.252810243581,1.9875,2.95));
#4294 = DIRECTION('',(0.75,0.661437827766,-0.));
#4295 = DIRECTION('',(-0.661437827766,0.75,0.));
#4296 = TOROIDAL_SURFACE('',#4297,1.85,0.15);
#4297 = AXIS2_PLACEMENT_3D('',#4298,#4299,#4300);
#4298 = CARTESIAN_POINT('',(-3.029150262213,0.6,2.95));
#4299 = DIRECTION('',(0.,0.,1.));
#4300 = DIRECTION('',(-0.661437827766,0.75,0.));
#4301 = ADVANCED_FACE('',(#4302),#4322,.T.);
#4302 = FACE_BOUND('',#4303,.T.);
#4303 = EDGE_LOOP('',(#4304,#4305,#4314,#4321));
#4304 = ORIENTED_EDGE('',*,*,#3740,.T.);
#4305 = ORIENTED_EDGE('',*,*,#4306,.F.);
#4306 = EDGE_CURVE('',#4307,#3733,#4309,.T.);
#4307 = VERTEX_POINT('',#4308);
#4308 = CARTESIAN_POINT('',(-4.95,-0.529150262213,2.8));
#4309 = CIRCLE('',#4310,0.15);
#4310 = AXIS2_PLACEMENT_3D('',#4311,#4312,#4313);
#4311 = CARTESIAN_POINT('',(-4.95,-0.529150262213,2.95));
#4312 = DIRECTION('',(0.,1.,-0.));
#4313 = DIRECTION('',(-1.,0.,0.));
#4314 = ORIENTED_EDGE('',*,*,#4315,.F.);
#4315 = EDGE_CURVE('',#4255,#4307,#4316,.T.);
#4316 = CIRCLE('',#4317,1.85);
#4317 = AXIS2_PLACEMENT_3D('',#4318,#4319,#4320);
#4318 = CARTESIAN_POINT('',(-3.1,-0.529150262213,2.8));
#4319 = DIRECTION('',(-0.,0.,-1.));
#4320 = DIRECTION('',(-0.75,-0.661437827766,0.));
#4321 = ORIENTED_EDGE('',*,*,#4254,.T.);
#4322 = TOROIDAL_SURFACE('',#4323,1.85,0.15);
#4323 = AXIS2_PLACEMENT_3D('',#4324,#4325,#4326);
#4324 = CARTESIAN_POINT('',(-3.1,-0.529150262213,2.95));
#4325 = DIRECTION('',(0.,0.,1.));
#4326 = DIRECTION('',(-0.75,-0.661437827766,0.));
#4327 = ADVANCED_FACE('',(#4328),#4348,.T.);
#4328 = FACE_BOUND('',#4329,.T.);
#4329 = EDGE_LOOP('',(#4330,#4331,#4332,#4341));
#4330 = ORIENTED_EDGE('',*,*,#3759,.T.);
#4331 = ORIENTED_EDGE('',*,*,#4290,.F.);
#4332 = ORIENTED_EDGE('',*,*,#4333,.F.);
#4333 = EDGE_CURVE('',#4334,#4282,#4336,.T.);
#4334 = VERTEX_POINT('',#4335);
#4335 = CARTESIAN_POINT('',(-4.4875,1.75281024358,2.8));
#4336 = CIRCLE('',#4337,2.65);
#4337 = AXIS2_PLACEMENT_3D('',#4338,#4339,#4340);
#4338 = CARTESIAN_POINT('',(-2.5,0.,2.8));
#4339 = DIRECTION('',(0.,0.,-1.));
#4340 = DIRECTION('',(-0.75,0.661437827766,0.));
#4341 = ORIENTED_EDGE('',*,*,#4342,.T.);
#4342 = EDGE_CURVE('',#4334,#3760,#4343,.T.);
#4343 = CIRCLE('',#4344,0.15);
#4344 = AXIS2_PLACEMENT_3D('',#4345,#4346,#4347);
#4345 = CARTESIAN_POINT('',(-4.4875,1.75281024358,2.95));
#4346 = DIRECTION('',(0.661437827766,0.75,-0.));
#4347 = DIRECTION('',(-0.75,0.661437827766,0.));
#4348 = TOROIDAL_SURFACE('',#4349,2.65,0.15);
#4349 = AXIS2_PLACEMENT_3D('',#4350,#4351,#4352);
#4350 = CARTESIAN_POINT('',(-2.5,0.,2.95));
#4351 = DIRECTION('',(0.,0.,1.));
#4352 = DIRECTION('',(-0.75,0.661437827766,0.));
#4353 = ADVANCED_FACE('',(#4354),#4373,.T.);
#4354 = FACE_BOUND('',#4355,.T.);
#4355 = EDGE_LOOP('',(#4356,#4357,#4358,#4367));
#4356 = ORIENTED_EDGE('',*,*,#4306,.T.);
#4357 = ORIENTED_EDGE('',*,*,#3790,.T.);
#4358 = ORIENTED_EDGE('',*,*,#4359,.F.);
#4359 = EDGE_CURVE('',#4360,#3783,#4362,.T.);
#4360 = VERTEX_POINT('',#4361);
#4361 = CARTESIAN_POINT('',(-4.95,0.529150262213,2.8));
#4362 = CIRCLE('',#4363,0.15);
#4363 = AXIS2_PLACEMENT_3D('',#4364,#4365,#4366);
#4364 = CARTESIAN_POINT('',(-4.95,0.529150262213,2.95));
#4365 = DIRECTION('',(0.,1.,0.));
#4366 = DIRECTION('',(0.,0.,-1.));
#4367 = ORIENTED_EDGE('',*,*,#4368,.F.);
#4368 = EDGE_CURVE('',#4307,#4360,#4369,.T.);
#4369 = LINE('',#4370,#4371);
#4370 = CARTESIAN_POINT('',(-4.95,-0.529150262213,2.8));
#4371 = VECTOR('',#4372,1.);
#4372 = DIRECTION('',(0.,1.,0.));
#4373 = CYLINDRICAL_SURFACE('',#4374,0.15);
#4374 = AXIS2_PLACEMENT_3D('',#4375,#4376,#4377);
#4375 = CARTESIAN_POINT('',(-4.95,-0.529150262213,2.95));
#4376 = DIRECTION('',(0.,1.,0.));
#4377 = DIRECTION('',(0.,0.,-1.));
#4378 = ADVANCED_FACE('',(#4379),#4391,.T.);
#4379 = FACE_BOUND('',#4380,.T.);
#4380 = EDGE_LOOP('',(#4381,#4382,#4383,#4390));
#4381 = ORIENTED_EDGE('',*,*,#3808,.T.);
#4382 = ORIENTED_EDGE('',*,*,#4342,.F.);
#4383 = ORIENTED_EDGE('',*,*,#4384,.F.);
#4384 = EDGE_CURVE('',#4360,#4334,#4385,.T.);
#4385 = CIRCLE('',#4386,1.85);
#4386 = AXIS2_PLACEMENT_3D('',#4387,#4388,#4389);
#4387 = CARTESIAN_POINT('',(-3.1,0.529150262213,2.8));
#4388 = DIRECTION('',(-0.,0.,-1.));
#4389 = DIRECTION('',(-1.,-1.110223024625E-16,0.));
#4390 = ORIENTED_EDGE('',*,*,#4359,.T.);
#4391 = TOROIDAL_SURFACE('',#4392,1.85,0.15);
#4392 = AXIS2_PLACEMENT_3D('',#4393,#4394,#4395);
#4393 = CARTESIAN_POINT('',(-3.1,0.529150262213,2.95));
#4394 = DIRECTION('',(0.,0.,1.));
#4395 = DIRECTION('',(-1.,-1.110223024625E-16,0.));
#4396 = ADVANCED_FACE('',(#4397),#4408,.T.);
#4397 = FACE_BOUND('',#4398,.T.);
#4398 = EDGE_LOOP('',(#4399,#4400,#4407));
#4399 = ORIENTED_EDGE('',*,*,#3874,.F.);
#4400 = ORIENTED_EDGE('',*,*,#4401,.T.);
#4401 = EDGE_CURVE('',#3867,#3826,#4402,.T.);
#4402 = CIRCLE('',#4403,0.15);
#4403 = AXIS2_PLACEMENT_3D('',#4404,#4405,#4406);
#4404 = CARTESIAN_POINT('',(4.95,-2.45,0.15));
#4405 = DIRECTION('',(-0.,-6.007986861327E-15,-1.));
#4406 = DIRECTION('',(0.,-1.,6.007986861327E-15));
#4407 = ORIENTED_EDGE('',*,*,#3825,.F.);
#4408 = SPHERICAL_SURFACE('',#4409,0.15);
#4409 = AXIS2_PLACEMENT_3D('',#4410,#4411,#4412);
#4410 = CARTESIAN_POINT('',(4.95,-2.45,0.15));
#4411 = DIRECTION('',(-1.,-0.,-0.));
#4412 = DIRECTION('',(0.,-2.960594732334E-15,-1.));
#4413 = ADVANCED_FACE('',(#4414),#4439,.T.);
#4414 = FACE_BOUND('',#4415,.T.);
#4415 = EDGE_LOOP('',(#4416,#4424,#4425,#4433));
#4416 = ORIENTED_EDGE('',*,*,#4417,.F.);
#4417 = EDGE_CURVE('',#3835,#4418,#4420,.T.);
#4418 = VERTEX_POINT('',#4419);
#4419 = CARTESIAN_POINT('',(-3.029150262213,-2.6,0.45));
#4420 = LINE('',#4421,#4422);
#4421 = CARTESIAN_POINT('',(-3.029150262213,-2.6,0.));
#4422 = VECTOR('',#4423,1.);
#4423 = DIRECTION('',(0.,0.,1.));
#4424 = ORIENTED_EDGE('',*,*,#3834,.F.);
#4425 = ORIENTED_EDGE('',*,*,#4426,.T.);
#4426 = EDGE_CURVE('',#3826,#4427,#4429,.T.);
#4427 = VERTEX_POINT('',#4428);
#4428 = CARTESIAN_POINT('',(4.95,-2.6,0.45));
#4429 = LINE('',#4430,#4431);
#4430 = CARTESIAN_POINT('',(4.95,-2.6,0.));
#4431 = VECTOR('',#4432,1.);
#4432 = DIRECTION('',(0.,0.,1.));
#4433 = ORIENTED_EDGE('',*,*,#4434,.T.);
#4434 = EDGE_CURVE('',#4427,#4418,#4435,.T.);
#4435 = LINE('',#4436,#4437);
#4436 = CARTESIAN_POINT('',(5.1,-2.6,0.45));
#4437 = VECTOR('',#4438,1.);
#4438 = DIRECTION('',(-1.,0.,0.));
#4439 = PLANE('',#4440);
#4440 = AXIS2_PLACEMENT_3D('',#4441,#4442,#4443);
#4441 = CARTESIAN_POINT('',(5.1,-2.6,0.));
#4442 = DIRECTION('',(0.,-1.,0.));
#4443 = DIRECTION('',(-1.,0.,0.));
#4444 = ADVANCED_FACE('',(#4445),#4456,.T.);
#4445 = FACE_BOUND('',#4446,.T.);
#4446 = EDGE_LOOP('',(#4447,#4448,#4455));
#4447 = ORIENTED_EDGE('',*,*,#3933,.T.);
#4448 = ORIENTED_EDGE('',*,*,#4449,.F.);
#4449 = EDGE_CURVE('',#3858,#3926,#4450,.T.);
#4450 = CIRCLE('',#4451,0.15);
#4451 = AXIS2_PLACEMENT_3D('',#4452,#4453,#4454);
#4452 = CARTESIAN_POINT('',(4.95,2.45,0.15));
#4453 = DIRECTION('',(0.,2.947812203983E-15,1.));
#4454 = DIRECTION('',(0.,1.,-2.947812203983E-15));
#4455 = ORIENTED_EDGE('',*,*,#3857,.T.);
#4456 = SPHERICAL_SURFACE('',#4457,0.15);
#4457 = AXIS2_PLACEMENT_3D('',#4458,#4459,#4460);
#4458 = CARTESIAN_POINT('',(4.95,2.45,0.15));
#4459 = DIRECTION('',(-1.,-0.,-0.));
#4460 = DIRECTION('',(0.,0.,-1.));
#4461 = ADVANCED_FACE('',(#4462),#4487,.T.);
#4462 = FACE_BOUND('',#4463,.T.);
#4463 = EDGE_LOOP('',(#4464,#4465,#4473,#4481));
#4464 = ORIENTED_EDGE('',*,*,#3866,.F.);
#4465 = ORIENTED_EDGE('',*,*,#4466,.T.);
#4466 = EDGE_CURVE('',#3858,#4467,#4469,.T.);
#4467 = VERTEX_POINT('',#4468);
#4468 = CARTESIAN_POINT('',(5.1,2.45,0.45));
#4469 = LINE('',#4470,#4471);
#4470 = CARTESIAN_POINT('',(5.1,2.45,0.));
#4471 = VECTOR('',#4472,1.);
#4472 = DIRECTION('',(0.,0.,1.));
#4473 = ORIENTED_EDGE('',*,*,#4474,.T.);
#4474 = EDGE_CURVE('',#4467,#4475,#4477,.T.);
#4475 = VERTEX_POINT('',#4476);
#4476 = CARTESIAN_POINT('',(5.1,-2.45,0.45));
#4477 = LINE('',#4478,#4479);
#4478 = CARTESIAN_POINT('',(5.1,2.6,0.45));
#4479 = VECTOR('',#4480,1.);
#4480 = DIRECTION('',(0.,-1.,0.));
#4481 = ORIENTED_EDGE('',*,*,#4482,.F.);
#4482 = EDGE_CURVE('',#3867,#4475,#4483,.T.);
#4483 = LINE('',#4484,#4485);
#4484 = CARTESIAN_POINT('',(5.1,-2.45,0.));
#4485 = VECTOR('',#4486,1.);
#4486 = DIRECTION('',(0.,0.,1.));
#4487 = PLANE('',#4488);
#4488 = AXIS2_PLACEMENT_3D('',#4489,#4490,#4491);
#4489 = CARTESIAN_POINT('',(5.1,2.6,0.));
#4490 = DIRECTION('',(1.,0.,0.));
#4491 = DIRECTION('',(0.,-1.,0.));
#4492 = ADVANCED_FACE('',(#4493),#4512,.T.);
#4493 = FACE_BOUND('',#4494,.T.);
#4494 = EDGE_LOOP('',(#4495,#4504,#4510,#4511));
#4495 = ORIENTED_EDGE('',*,*,#4496,.T.);
#4496 = EDGE_CURVE('',#4418,#4497,#4499,.T.);
#4497 = VERTEX_POINT('',#4498);
#4498 = CARTESIAN_POINT('',(-4.352025917746,-2.099999999999,0.45));
#4499 = CIRCLE('',#4500,2.);
#4500 = AXIS2_PLACEMENT_3D('',#4501,#4502,#4503);
#4501 = CARTESIAN_POINT('',(-3.029150262213,-0.6,0.45));
#4502 = DIRECTION('',(-0.,-0.,-1.));
#4503 = DIRECTION('',(0.,-1.,0.));
#4504 = ORIENTED_EDGE('',*,*,#4505,.F.);
#4505 = EDGE_CURVE('',#3891,#4497,#4506,.T.);
#4506 = LINE('',#4507,#4508);
#4507 = CARTESIAN_POINT('',(-4.352025917746,-2.099999999999,0.));
#4508 = VECTOR('',#4509,1.);
#4509 = DIRECTION('',(0.,0.,1.));
#4510 = ORIENTED_EDGE('',*,*,#3890,.F.);
#4511 = ORIENTED_EDGE('',*,*,#4417,.T.);
#4512 = CYLINDRICAL_SURFACE('',#4513,2.);
#4513 = AXIS2_PLACEMENT_3D('',#4514,#4515,#4516);
#4514 = CARTESIAN_POINT('',(-3.029150262213,-0.6,0.));
#4515 = DIRECTION('',(0.,0.,1.));
#4516 = DIRECTION('',(0.,-1.,0.));
#4517 = ADVANCED_FACE('',(#4518),#4543,.T.);
#4518 = FACE_BOUND('',#4519,.T.);
#4519 = EDGE_LOOP('',(#4520,#4528,#4536,#4542));
#4520 = ORIENTED_EDGE('',*,*,#4521,.T.);
#4521 = EDGE_CURVE('',#3917,#4522,#4524,.T.);
#4522 = VERTEX_POINT('',#4523);
#4523 = CARTESIAN_POINT('',(-3.029150262213,2.6,0.45));
#4524 = LINE('',#4525,#4526);
#4525 = CARTESIAN_POINT('',(-3.029150262213,2.6,0.));
#4526 = VECTOR('',#4527,1.);
#4527 = DIRECTION('',(0.,0.,1.));
#4528 = ORIENTED_EDGE('',*,*,#4529,.T.);
#4529 = EDGE_CURVE('',#4522,#4530,#4532,.T.);
#4530 = VERTEX_POINT('',#4531);
#4531 = CARTESIAN_POINT('',(4.95,2.6,0.45));
#4532 = LINE('',#4533,#4534);
#4533 = CARTESIAN_POINT('',(-3.029150262213,2.6,0.45));
#4534 = VECTOR('',#4535,1.);
#4535 = DIRECTION('',(1.,0.,0.));
#4536 = ORIENTED_EDGE('',*,*,#4537,.F.);
#4537 = EDGE_CURVE('',#3926,#4530,#4538,.T.);
#4538 = LINE('',#4539,#4540);
#4539 = CARTESIAN_POINT('',(4.95,2.6,0.));
#4540 = VECTOR('',#4541,1.);
#4541 = DIRECTION('',(0.,0.,1.));
#4542 = ORIENTED_EDGE('',*,*,#3925,.F.);
#4543 = PLANE('',#4544);
#4544 = AXIS2_PLACEMENT_3D('',#4545,#4546,#4547);
#4545 = CARTESIAN_POINT('',(-3.539230484542,2.6,0.));
#4546 = DIRECTION('',(0.,1.,0.));
#4547 = DIRECTION('',(1.,0.,0.));
#4548 = ADVANCED_FACE('',(#4549),#4568,.T.);
#4549 = FACE_BOUND('',#4550,.T.);
#4550 = EDGE_LOOP('',(#4551,#4560,#4566,#4567));
#4551 = ORIENTED_EDGE('',*,*,#4552,.T.);
#4552 = EDGE_CURVE('',#4497,#4553,#4555,.T.);
#4553 = VERTEX_POINT('',#4554);
#4554 = CARTESIAN_POINT('',(-4.6,-1.852025917745,0.45));
#4555 = CIRCLE('',#4556,2.8);
#4556 = AXIS2_PLACEMENT_3D('',#4557,#4558,#4559);
#4557 = CARTESIAN_POINT('',(-2.5,0.,0.45));
#4558 = DIRECTION('',(-0.,0.,-1.));
#4559 = DIRECTION('',(-0.661437827766,-0.75,0.));
#4560 = ORIENTED_EDGE('',*,*,#4561,.F.);
#4561 = EDGE_CURVE('',#3950,#4553,#4562,.T.);
#4562 = LINE('',#4563,#4564);
#4563 = CARTESIAN_POINT('',(-4.6,-1.852025917745,0.));
#4564 = VECTOR('',#4565,1.);
#4565 = DIRECTION('',(0.,0.,1.));
#4566 = ORIENTED_EDGE('',*,*,#3949,.F.);
#4567 = ORIENTED_EDGE('',*,*,#4505,.T.);
#4568 = CYLINDRICAL_SURFACE('',#4569,2.8);
#4569 = AXIS2_PLACEMENT_3D('',#4570,#4571,#4572);
#4570 = CARTESIAN_POINT('',(-2.5,-1.907199800948E-23,0.));
#4571 = DIRECTION('',(-0.,-0.,-1.));
#4572 = DIRECTION('',(1.,0.,0.));
#4573 = ADVANCED_FACE('',(#4574),#4593,.T.);
#4574 = FACE_BOUND('',#4575,.T.);
#4575 = EDGE_LOOP('',(#4576,#4585,#4586,#4587));
#4576 = ORIENTED_EDGE('',*,*,#4577,.T.);
#4577 = EDGE_CURVE('',#4578,#4522,#4580,.T.);
#4578 = VERTEX_POINT('',#4579);
#4579 = CARTESIAN_POINT('',(-4.352025917746,2.1,0.45));
#4580 = CIRCLE('',#4581,2.);
#4581 = AXIS2_PLACEMENT_3D('',#4582,#4583,#4584);
#4582 = CARTESIAN_POINT('',(-3.029150262213,0.6,0.45));
#4583 = DIRECTION('',(0.,0.,-1.));
#4584 = DIRECTION('',(-0.661437827766,0.75,0.));
#4585 = ORIENTED_EDGE('',*,*,#4521,.F.);
#4586 = ORIENTED_EDGE('',*,*,#3975,.F.);
#4587 = ORIENTED_EDGE('',*,*,#4588,.T.);
#4588 = EDGE_CURVE('',#3976,#4578,#4589,.T.);
#4589 = LINE('',#4590,#4591);
#4590 = CARTESIAN_POINT('',(-4.352025917745,2.1,0.));
#4591 = VECTOR('',#4592,1.);
#4592 = DIRECTION('',(0.,0.,1.));
#4593 = CYLINDRICAL_SURFACE('',#4594,2.);
#4594 = AXIS2_PLACEMENT_3D('',#4595,#4596,#4597);
#4595 = CARTESIAN_POINT('',(-3.029150262213,0.6,0.));
#4596 = DIRECTION('',(0.,0.,1.));
#4597 = DIRECTION('',(-0.661437827766,0.75,0.));
#4598 = ADVANCED_FACE('',(#4599),#4618,.T.);
#4599 = FACE_BOUND('',#4600,.T.);
#4600 = EDGE_LOOP('',(#4601,#4609,#4610,#4611));
#4601 = ORIENTED_EDGE('',*,*,#4602,.F.);
#4602 = EDGE_CURVE('',#4002,#4603,#4605,.T.);
#4603 = VERTEX_POINT('',#4604);
#4604 = CARTESIAN_POINT('',(-5.1,-0.529150262213,0.45));
#4605 = LINE('',#4606,#4607);
#4606 = CARTESIAN_POINT('',(-5.1,-0.529150262213,0.));
#4607 = VECTOR('',#4608,1.);
#4608 = DIRECTION('',(0.,0.,1.));
#4609 = ORIENTED_EDGE('',*,*,#4001,.F.);
#4610 = ORIENTED_EDGE('',*,*,#4561,.T.);
#4611 = ORIENTED_EDGE('',*,*,#4612,.T.);
#4612 = EDGE_CURVE('',#4553,#4603,#4613,.T.);
#4613 = CIRCLE('',#4614,2.);
#4614 = AXIS2_PLACEMENT_3D('',#4615,#4616,#4617);
#4615 = CARTESIAN_POINT('',(-3.1,-0.529150262213,0.45));
#4616 = DIRECTION('',(-0.,0.,-1.));
#4617 = DIRECTION('',(-0.75,-0.661437827766,0.));
#4618 = CYLINDRICAL_SURFACE('',#4619,2.);
#4619 = AXIS2_PLACEMENT_3D('',#4620,#4621,#4622);
#4620 = CARTESIAN_POINT('',(-3.1,-0.529150262213,0.));
#4621 = DIRECTION('',(0.,0.,1.));
#4622 = DIRECTION('',(-1.,0.,0.));
#4623 = ADVANCED_FACE('',(#4624),#4643,.T.);
#4624 = FACE_BOUND('',#4625,.T.);
#4625 = EDGE_LOOP('',(#4626,#4635,#4636,#4637));
#4626 = ORIENTED_EDGE('',*,*,#4627,.T.);
#4627 = EDGE_CURVE('',#4628,#4578,#4630,.T.);
#4628 = VERTEX_POINT('',#4629);
#4629 = CARTESIAN_POINT('',(-4.6,1.852025917745,0.45));
#4630 = CIRCLE('',#4631,2.8);
#4631 = AXIS2_PLACEMENT_3D('',#4632,#4633,#4634);
#4632 = CARTESIAN_POINT('',(-2.5,0.,0.45));
#4633 = DIRECTION('',(0.,0.,-1.));
#4634 = DIRECTION('',(-0.75,0.661437827766,0.));
#4635 = ORIENTED_EDGE('',*,*,#4588,.F.);
#4636 = ORIENTED_EDGE('',*,*,#4027,.F.);
#4637 = ORIENTED_EDGE('',*,*,#4638,.T.);
#4638 = EDGE_CURVE('',#4028,#4628,#4639,.T.);
#4639 = LINE('',#4640,#4641);
#4640 = CARTESIAN_POINT('',(-4.6,1.852025917745,0.));
#4641 = VECTOR('',#4642,1.);
#4642 = DIRECTION('',(0.,0.,1.));
#4643 = CYLINDRICAL_SURFACE('',#4644,2.8);
#4644 = AXIS2_PLACEMENT_3D('',#4645,#4646,#4647);
#4645 = CARTESIAN_POINT('',(-2.5,-1.907199800948E-23,0.));
#4646 = DIRECTION('',(-0.,-0.,-1.));
#4647 = DIRECTION('',(1.,0.,0.));
#4648 = ADVANCED_FACE('',(#4649),#4667,.T.);
#4649 = FACE_BOUND('',#4650,.T.);
#4650 = EDGE_LOOP('',(#4651,#4659,#4660,#4661));
#4651 = ORIENTED_EDGE('',*,*,#4652,.F.);
#4652 = EDGE_CURVE('',#4055,#4653,#4655,.T.);
#4653 = VERTEX_POINT('',#4654);
#4654 = CARTESIAN_POINT('',(-5.1,0.529150262213,0.45));
#4655 = LINE('',#4656,#4657);
#4656 = CARTESIAN_POINT('',(-5.1,0.529150262213,0.));
#4657 = VECTOR('',#4658,1.);
#4658 = DIRECTION('',(0.,0.,1.));
#4659 = ORIENTED_EDGE('',*,*,#4054,.F.);
#4660 = ORIENTED_EDGE('',*,*,#4602,.T.);
#4661 = ORIENTED_EDGE('',*,*,#4662,.T.);
#4662 = EDGE_CURVE('',#4603,#4653,#4663,.T.);
#4663 = LINE('',#4664,#4665);
#4664 = CARTESIAN_POINT('',(-5.1,-0.529150262213,0.45));
#4665 = VECTOR('',#4666,1.);
#4666 = DIRECTION('',(0.,1.,0.));
#4667 = PLANE('',#4668);
#4668 = AXIS2_PLACEMENT_3D('',#4669,#4670,#4671);
#4669 = CARTESIAN_POINT('',(-5.1,-1.039230484541,0.));
#4670 = DIRECTION('',(-1.,0.,0.));
#4671 = DIRECTION('',(0.,1.,0.));
#4672 = ADVANCED_FACE('',(#4673),#4685,.T.);
#4673 = FACE_BOUND('',#4674,.T.);
#4674 = EDGE_LOOP('',(#4675,#4682,#4683,#4684));
#4675 = ORIENTED_EDGE('',*,*,#4676,.T.);
#4676 = EDGE_CURVE('',#4653,#4628,#4677,.T.);
#4677 = CIRCLE('',#4678,2.);
#4678 = AXIS2_PLACEMENT_3D('',#4679,#4680,#4681);
#4679 = CARTESIAN_POINT('',(-3.1,0.529150262213,0.45));
#4680 = DIRECTION('',(-0.,0.,-1.));
#4681 = DIRECTION('',(-1.,-1.110223024625E-16,0.));
#4682 = ORIENTED_EDGE('',*,*,#4638,.F.);
#4683 = ORIENTED_EDGE('',*,*,#4078,.F.);
#4684 = ORIENTED_EDGE('',*,*,#4652,.T.);
#4685 = CYLINDRICAL_SURFACE('',#4686,2.);
#4686 = AXIS2_PLACEMENT_3D('',#4687,#4688,#4689);
#4687 = CARTESIAN_POINT('',(-3.1,0.529150262213,0.));
#4688 = DIRECTION('',(0.,0.,1.));
#4689 = DIRECTION('',(-1.,0.,0.));
#4690 = ADVANCED_FACE('',(#4691),#4696,.T.);
#4691 = FACE_BOUND('',#4692,.T.);
#4692 = EDGE_LOOP('',(#4693,#4694,#4695));
#4693 = ORIENTED_EDGE('',*,*,#4175,.F.);
#4694 = ORIENTED_EDGE('',*,*,#4099,.T.);
#4695 = ORIENTED_EDGE('',*,*,#4124,.F.);
#4696 = SPHERICAL_SURFACE('',#4697,0.15);
#4697 = AXIS2_PLACEMENT_3D('',#4698,#4699,#4700);
#4698 = CARTESIAN_POINT('',(4.95,-2.45,2.95));
#4699 = DIRECTION('',(-1.,-0.,-0.));
#4700 = DIRECTION('',(0.,-2.960594732334E-15,-1.));
#4701 = ADVANCED_FACE('',(#4702,#4808),#4820,.F.);
#4702 = FACE_BOUND('',#4703,.F.);
#4703 = EDGE_LOOP('',(#4704,#4714,#4723,#4731,#4740,#4748,#4757,#4766,
    #4775,#4783,#4792,#4801));
#4704 = ORIENTED_EDGE('',*,*,#4705,.F.);
#4705 = EDGE_CURVE('',#4706,#4708,#4710,.T.);
#4706 = VERTEX_POINT('',#4707);
#4707 = CARTESIAN_POINT('',(4.55,2.2,2.8));
#4708 = VERTEX_POINT('',#4709);
#4709 = CARTESIAN_POINT('',(-3.029150262213,2.2,2.8));
#4710 = LINE('',#4711,#4712);
#4711 = CARTESIAN_POINT('',(-4.319615242271,2.2,2.8));
#4712 = VECTOR('',#4713,1.);
#4713 = DIRECTION('',(-1.,0.,0.));
#4714 = ORIENTED_EDGE('',*,*,#4715,.T.);
#4715 = EDGE_CURVE('',#4706,#4716,#4718,.T.);
#4716 = VERTEX_POINT('',#4717);
#4717 = CARTESIAN_POINT('',(4.7,2.05,2.8));
#4718 = CIRCLE('',#4719,0.15);
#4719 = AXIS2_PLACEMENT_3D('',#4720,#4721,#4722);
#4720 = CARTESIAN_POINT('',(4.55,2.05,2.8));
#4721 = DIRECTION('',(0.,0.,-1.));
#4722 = DIRECTION('',(0.,1.,0.));
#4723 = ORIENTED_EDGE('',*,*,#4724,.F.);
#4724 = EDGE_CURVE('',#4725,#4716,#4727,.T.);
#4725 = VERTEX_POINT('',#4726);
#4726 = CARTESIAN_POINT('',(4.7,-2.05,2.8));
#4727 = LINE('',#4728,#4729);
#4728 = CARTESIAN_POINT('',(4.7,0.780384757729,2.8));
#4729 = VECTOR('',#4730,1.);
#4730 = DIRECTION('',(0.,1.,0.));
#4731 = ORIENTED_EDGE('',*,*,#4732,.T.);
#4732 = EDGE_CURVE('',#4725,#4733,#4735,.T.);
#4733 = VERTEX_POINT('',#4734);
#4734 = CARTESIAN_POINT('',(4.55,-2.2,2.8));
#4735 = CIRCLE('',#4736,0.15);
#4736 = AXIS2_PLACEMENT_3D('',#4737,#4738,#4739);
#4737 = CARTESIAN_POINT('',(4.55,-2.05,2.8));
#4738 = DIRECTION('',(-0.,-0.,-1.));
#4739 = DIRECTION('',(0.,-1.,0.));
#4740 = ORIENTED_EDGE('',*,*,#4741,.F.);
#4741 = EDGE_CURVE('',#4742,#4733,#4744,.T.);
#4742 = VERTEX_POINT('',#4743);
#4743 = CARTESIAN_POINT('',(-3.029150262213,-2.2,2.8));
#4744 = LINE('',#4745,#4746);
#4745 = CARTESIAN_POINT('',(0.,-2.2,2.8));
#4746 = VECTOR('',#4747,1.);
#4747 = DIRECTION('',(1.,0.,0.));
#4748 = ORIENTED_EDGE('',*,*,#4749,.F.);
#4749 = EDGE_CURVE('',#4750,#4742,#4752,.T.);
#4750 = VERTEX_POINT('',#4751);
#4751 = CARTESIAN_POINT('',(-4.087450786639,-1.8,2.8));
#4752 = CIRCLE('',#4753,1.6);
#4753 = AXIS2_PLACEMENT_3D('',#4754,#4755,#4756);
#4754 = CARTESIAN_POINT('',(-3.029150262213,-0.6,2.8));
#4755 = DIRECTION('',(-0.,0.,1.));
#4756 = DIRECTION('',(0.,-1.,0.));
#4757 = ORIENTED_EDGE('',*,*,#4758,.T.);
#4758 = EDGE_CURVE('',#4750,#4759,#4761,.T.);
#4759 = VERTEX_POINT('',#4760);
#4760 = CARTESIAN_POINT('',(-4.3,-1.587450786639,2.8));
#4761 = CIRCLE('',#4762,2.4);
#4762 = AXIS2_PLACEMENT_3D('',#4763,#4764,#4765);
#4763 = CARTESIAN_POINT('',(-2.5,-1.907199800948E-23,2.8));
#4764 = DIRECTION('',(0.,0.,-1.));
#4765 = DIRECTION('',(1.,0.,0.));
#4766 = ORIENTED_EDGE('',*,*,#4767,.F.);
#4767 = EDGE_CURVE('',#4768,#4759,#4770,.T.);
#4768 = VERTEX_POINT('',#4769);
#4769 = CARTESIAN_POINT('',(-4.7,-0.529150262213,2.8));
#4770 = CIRCLE('',#4771,1.6);
#4771 = AXIS2_PLACEMENT_3D('',#4772,#4773,#4774);
#4772 = CARTESIAN_POINT('',(-3.1,-0.529150262213,2.8));
#4773 = DIRECTION('',(0.,0.,1.));
#4774 = DIRECTION('',(-1.,0.,0.));
#4775 = ORIENTED_EDGE('',*,*,#4776,.F.);
#4776 = EDGE_CURVE('',#4777,#4768,#4779,.T.);
#4777 = VERTEX_POINT('',#4778);
#4778 = CARTESIAN_POINT('',(-4.7,0.529150262213,2.8));
#4779 = LINE('',#4780,#4781);
#4780 = CARTESIAN_POINT('',(-4.7,-1.039230484541,2.8));
#4781 = VECTOR('',#4782,1.);
#4782 = DIRECTION('',(0.,-1.,0.));
#4783 = ORIENTED_EDGE('',*,*,#4784,.F.);
#4784 = EDGE_CURVE('',#4785,#4777,#4787,.T.);
#4785 = VERTEX_POINT('',#4786);
#4786 = CARTESIAN_POINT('',(-4.3,1.587450786639,2.8));
#4787 = CIRCLE('',#4788,1.6);
#4788 = AXIS2_PLACEMENT_3D('',#4789,#4790,#4791);
#4789 = CARTESIAN_POINT('',(-3.1,0.529150262213,2.8));
#4790 = DIRECTION('',(0.,0.,1.));
#4791 = DIRECTION('',(-1.,0.,0.));
#4792 = ORIENTED_EDGE('',*,*,#4793,.T.);
#4793 = EDGE_CURVE('',#4785,#4794,#4796,.T.);
#4794 = VERTEX_POINT('',#4795);
#4795 = CARTESIAN_POINT('',(-4.087450786639,1.8,2.8));
#4796 = CIRCLE('',#4797,2.4);
#4797 = AXIS2_PLACEMENT_3D('',#4798,#4799,#4800);
#4798 = CARTESIAN_POINT('',(-2.5,-1.907199800948E-23,2.8));
#4799 = DIRECTION('',(0.,0.,-1.));
#4800 = DIRECTION('',(1.,0.,0.));
#4801 = ORIENTED_EDGE('',*,*,#4802,.F.);
#4802 = EDGE_CURVE('',#4708,#4794,#4803,.T.);
#4803 = CIRCLE('',#4804,1.6);
#4804 = AXIS2_PLACEMENT_3D('',#4805,#4806,#4807);
#4805 = CARTESIAN_POINT('',(-3.029150262213,0.6,2.8));
#4806 = DIRECTION('',(0.,0.,1.));
#4807 = DIRECTION('',(-0.661437827766,0.75,0.));
#4808 = FACE_BOUND('',#4809,.F.);
#4809 = EDGE_LOOP('',(#4810,#4811,#4812,#4813,#4814,#4815,#4816,#4817,
    #4818,#4819));
#4810 = ORIENTED_EDGE('',*,*,#4114,.F.);
#4811 = ORIENTED_EDGE('',*,*,#4182,.F.);
#4812 = ORIENTED_EDGE('',*,*,#4239,.F.);
#4813 = ORIENTED_EDGE('',*,*,#4281,.F.);
#4814 = ORIENTED_EDGE('',*,*,#4333,.F.);
#4815 = ORIENTED_EDGE('',*,*,#4384,.F.);
#4816 = ORIENTED_EDGE('',*,*,#4368,.F.);
#4817 = ORIENTED_EDGE('',*,*,#4315,.F.);
#4818 = ORIENTED_EDGE('',*,*,#4263,.F.);
#4819 = ORIENTED_EDGE('',*,*,#4206,.F.);
#4820 = PLANE('',#4821);
#4821 = AXIS2_PLACEMENT_3D('',#4822,#4823,#4824);
#4822 = CARTESIAN_POINT('',(-5.1,-1.039230484541,2.8));
#4823 = DIRECTION('',(0.,0.,1.));
#4824 = DIRECTION('',(1.,0.,0.));
#4825 = ADVANCED_FACE('',(#4826),#4831,.T.);
#4826 = FACE_BOUND('',#4827,.T.);
#4827 = EDGE_LOOP('',(#4828,#4829,#4830));
#4828 = ORIENTED_EDGE('',*,*,#4232,.T.);
#4829 = ORIENTED_EDGE('',*,*,#4147,.F.);
#4830 = ORIENTED_EDGE('',*,*,#4165,.T.);
#4831 = SPHERICAL_SURFACE('',#4832,0.15);
#4832 = AXIS2_PLACEMENT_3D('',#4833,#4834,#4835);
#4833 = CARTESIAN_POINT('',(4.95,2.45,2.95));
#4834 = DIRECTION('',(-1.,-0.,-0.));
#4835 = DIRECTION('',(0.,0.,-1.));
#4836 = ADVANCED_FACE('',(#4837),#4849,.T.);
#4837 = FACE_BOUND('',#4838,.T.);
#4838 = EDGE_LOOP('',(#4839,#4840,#4841,#4848));
#4839 = ORIENTED_EDGE('',*,*,#4401,.F.);
#4840 = ORIENTED_EDGE('',*,*,#4482,.T.);
#4841 = ORIENTED_EDGE('',*,*,#4842,.T.);
#4842 = EDGE_CURVE('',#4475,#4427,#4843,.T.);
#4843 = CIRCLE('',#4844,0.15);
#4844 = AXIS2_PLACEMENT_3D('',#4845,#4846,#4847);
#4845 = CARTESIAN_POINT('',(4.95,-2.45,0.45));
#4846 = DIRECTION('',(0.,5.563897651477E-15,-1.));
#4847 = DIRECTION('',(0.,-1.,-5.563897651477E-15));
#4848 = ORIENTED_EDGE('',*,*,#4426,.F.);
#4849 = CYLINDRICAL_SURFACE('',#4850,0.15);
#4850 = AXIS2_PLACEMENT_3D('',#4851,#4852,#4853);
#4851 = CARTESIAN_POINT('',(4.95,-2.45,0.));
#4852 = DIRECTION('',(0.,0.,1.));
#4853 = DIRECTION('',(0.,-1.,0.));
#4854 = ADVANCED_FACE('',(#4855),#4882,.T.);
#4855 = FACE_BOUND('',#4856,.T.);
#4856 = EDGE_LOOP('',(#4857,#4866,#4867,#4876));
#4857 = ORIENTED_EDGE('',*,*,#4858,.T.);
#4858 = EDGE_CURVE('',#4859,#4418,#4861,.T.);
#4859 = VERTEX_POINT('',#4860);
#4860 = CARTESIAN_POINT('',(-3.029150262213,-2.45,0.6));
#4861 = CIRCLE('',#4862,0.15);
#4862 = AXIS2_PLACEMENT_3D('',#4863,#4864,#4865);
#4863 = CARTESIAN_POINT('',(-3.029150262213,-2.45,0.45));
#4864 = DIRECTION('',(1.,0.,-0.));
#4865 = DIRECTION('',(0.,0.,1.));
#4866 = ORIENTED_EDGE('',*,*,#4434,.F.);
#4867 = ORIENTED_EDGE('',*,*,#4868,.F.);
#4868 = EDGE_CURVE('',#4869,#4427,#4871,.T.);
#4869 = VERTEX_POINT('',#4870);
#4870 = CARTESIAN_POINT('',(4.95,-2.45,0.6));
#4871 = CIRCLE('',#4872,0.15);
#4872 = AXIS2_PLACEMENT_3D('',#4873,#4874,#4875);
#4873 = CARTESIAN_POINT('',(4.95,-2.45,0.45));
#4874 = DIRECTION('',(1.,0.,0.));
#4875 = DIRECTION('',(0.,-2.960594732334E-15,1.));
#4876 = ORIENTED_EDGE('',*,*,#4877,.T.);
#4877 = EDGE_CURVE('',#4869,#4859,#4878,.T.);
#4878 = LINE('',#4879,#4880);
#4879 = CARTESIAN_POINT('',(5.1,-2.45,0.6));
#4880 = VECTOR('',#4881,1.);
#4881 = DIRECTION('',(-1.,0.,0.));
#4882 = CYLINDRICAL_SURFACE('',#4883,0.15);
#4883 = AXIS2_PLACEMENT_3D('',#4884,#4885,#4886);
#4884 = CARTESIAN_POINT('',(5.1,-2.45,0.45));
#4885 = DIRECTION('',(-1.,0.,0.));
#4886 = DIRECTION('',(0.,0.,1.));
#4887 = ADVANCED_FACE('',(#4888),#4900,.T.);
#4888 = FACE_BOUND('',#4889,.T.);
#4889 = EDGE_LOOP('',(#4890,#4891,#4898,#4899));
#4890 = ORIENTED_EDGE('',*,*,#4537,.T.);
#4891 = ORIENTED_EDGE('',*,*,#4892,.F.);
#4892 = EDGE_CURVE('',#4467,#4530,#4893,.T.);
#4893 = CIRCLE('',#4894,0.15);
#4894 = AXIS2_PLACEMENT_3D('',#4895,#4896,#4897);
#4895 = CARTESIAN_POINT('',(4.95,2.45,0.45));
#4896 = DIRECTION('',(0.,-3.391901413833E-15,1.));
#4897 = DIRECTION('',(0.,1.,3.391901413833E-15));
#4898 = ORIENTED_EDGE('',*,*,#4466,.F.);
#4899 = ORIENTED_EDGE('',*,*,#4449,.T.);
#4900 = CYLINDRICAL_SURFACE('',#4901,0.15);
#4901 = AXIS2_PLACEMENT_3D('',#4902,#4903,#4904);
#4902 = CARTESIAN_POINT('',(4.95,2.45,0.));
#4903 = DIRECTION('',(0.,0.,1.));
#4904 = DIRECTION('',(0.,1.,0.));
#4905 = ADVANCED_FACE('',(#4906),#4931,.T.);
#4906 = FACE_BOUND('',#4907,.T.);
#4907 = EDGE_LOOP('',(#4908,#4916,#4923,#4924));
#4908 = ORIENTED_EDGE('',*,*,#4909,.T.);
#4909 = EDGE_CURVE('',#4910,#4869,#4912,.T.);
#4910 = VERTEX_POINT('',#4911);
#4911 = CARTESIAN_POINT('',(4.95,2.45,0.6));
#4912 = LINE('',#4913,#4914);
#4913 = CARTESIAN_POINT('',(4.95,2.6,0.6));
#4914 = VECTOR('',#4915,1.);
#4915 = DIRECTION('',(0.,-1.,0.));
#4916 = ORIENTED_EDGE('',*,*,#4917,.F.);
#4917 = EDGE_CURVE('',#4475,#4869,#4918,.T.);
#4918 = CIRCLE('',#4919,0.15);
#4919 = AXIS2_PLACEMENT_3D('',#4920,#4921,#4922);
#4920 = CARTESIAN_POINT('',(4.95,-2.45,0.45));
#4921 = DIRECTION('',(-0.,-1.,-2.960594732334E-15));
#4922 = DIRECTION('',(0.,-2.960594732334E-15,1.));
#4923 = ORIENTED_EDGE('',*,*,#4474,.F.);
#4924 = ORIENTED_EDGE('',*,*,#4925,.T.);
#4925 = EDGE_CURVE('',#4467,#4910,#4926,.T.);
#4926 = CIRCLE('',#4927,0.15);
#4927 = AXIS2_PLACEMENT_3D('',#4928,#4929,#4930);
#4928 = CARTESIAN_POINT('',(4.95,2.45,0.45));
#4929 = DIRECTION('',(0.,-1.,0.));
#4930 = DIRECTION('',(0.,0.,1.));
#4931 = CYLINDRICAL_SURFACE('',#4932,0.15);
#4932 = AXIS2_PLACEMENT_3D('',#4933,#4934,#4935);
#4933 = CARTESIAN_POINT('',(4.95,2.6,0.45));
#4934 = DIRECTION('',(0.,-1.,0.));
#4935 = DIRECTION('',(0.,0.,1.));
#4936 = ADVANCED_FACE('',(#4937),#4957,.T.);
#4937 = FACE_BOUND('',#4938,.T.);
#4938 = EDGE_LOOP('',(#4939,#4940,#4949,#4956));
#4939 = ORIENTED_EDGE('',*,*,#4858,.F.);
#4940 = ORIENTED_EDGE('',*,*,#4941,.T.);
#4941 = EDGE_CURVE('',#4859,#4942,#4944,.T.);
#4942 = VERTEX_POINT('',#4943);
#4943 = CARTESIAN_POINT('',(-4.252810243581,-1.9875,0.6));
#4944 = CIRCLE('',#4945,1.85);
#4945 = AXIS2_PLACEMENT_3D('',#4946,#4947,#4948);
#4946 = CARTESIAN_POINT('',(-3.029150262213,-0.6,0.6));
#4947 = DIRECTION('',(-0.,-0.,-1.));
#4948 = DIRECTION('',(0.,-1.,0.));
#4949 = ORIENTED_EDGE('',*,*,#4950,.T.);
#4950 = EDGE_CURVE('',#4942,#4497,#4951,.T.);
#4951 = CIRCLE('',#4952,0.15);
#4952 = AXIS2_PLACEMENT_3D('',#4953,#4954,#4955);
#4953 = CARTESIAN_POINT('',(-4.252810243581,-1.987499999999,0.45));
#4954 = DIRECTION('',(0.75,-0.661437827766,0.));
#4955 = DIRECTION('',(-0.661437827766,-0.75,0.));
#4956 = ORIENTED_EDGE('',*,*,#4496,.F.);
#4957 = TOROIDAL_SURFACE('',#4958,1.85,0.15);
#4958 = AXIS2_PLACEMENT_3D('',#4959,#4960,#4961);
#4959 = CARTESIAN_POINT('',(-3.029150262213,-0.6,0.45));
#4960 = DIRECTION('',(-0.,-0.,-1.));
#4961 = DIRECTION('',(0.,-1.,0.));
#4962 = ADVANCED_FACE('',(#4963),#4988,.T.);
#4963 = FACE_BOUND('',#4964,.T.);
#4964 = EDGE_LOOP('',(#4965,#4973,#4980,#4981));
#4965 = ORIENTED_EDGE('',*,*,#4966,.T.);
#4966 = EDGE_CURVE('',#4967,#4910,#4969,.T.);
#4967 = VERTEX_POINT('',#4968);
#4968 = CARTESIAN_POINT('',(-3.029150262213,2.45,0.6));
#4969 = LINE('',#4970,#4971);
#4970 = CARTESIAN_POINT('',(-3.029150262213,2.45,0.6));
#4971 = VECTOR('',#4972,1.);
#4972 = DIRECTION('',(1.,0.,0.));
#4973 = ORIENTED_EDGE('',*,*,#4974,.T.);
#4974 = EDGE_CURVE('',#4910,#4530,#4975,.T.);
#4975 = CIRCLE('',#4976,0.15);
#4976 = AXIS2_PLACEMENT_3D('',#4977,#4978,#4979);
#4977 = CARTESIAN_POINT('',(4.95,2.45,0.45));
#4978 = DIRECTION('',(-1.,0.,0.));
#4979 = DIRECTION('',(0.,0.,1.));
#4980 = ORIENTED_EDGE('',*,*,#4529,.F.);
#4981 = ORIENTED_EDGE('',*,*,#4982,.F.);
#4982 = EDGE_CURVE('',#4967,#4522,#4983,.T.);
#4983 = CIRCLE('',#4984,0.15);
#4984 = AXIS2_PLACEMENT_3D('',#4985,#4986,#4987);
#4985 = CARTESIAN_POINT('',(-3.029150262213,2.45,0.45));
#4986 = DIRECTION('',(-1.,0.,0.));
#4987 = DIRECTION('',(0.,1.,0.));
#4988 = CYLINDRICAL_SURFACE('',#4989,0.15);
#4989 = AXIS2_PLACEMENT_3D('',#4990,#4991,#4992);
#4990 = CARTESIAN_POINT('',(-3.029150262213,2.45,0.45));
#4991 = DIRECTION('',(1.,0.,0.));
#4992 = DIRECTION('',(0.,0.,1.));
#4993 = ADVANCED_FACE('',(#4994),#5014,.T.);
#4994 = FACE_BOUND('',#4995,.T.);
#4995 = EDGE_LOOP('',(#4996,#4997,#5006,#5013));
#4996 = ORIENTED_EDGE('',*,*,#4950,.F.);
#4997 = ORIENTED_EDGE('',*,*,#4998,.T.);
#4998 = EDGE_CURVE('',#4942,#4999,#5001,.T.);
#4999 = VERTEX_POINT('',#5000);
#5000 = CARTESIAN_POINT('',(-4.4875,-1.75281024358,0.6));
#5001 = CIRCLE('',#5002,2.65);
#5002 = AXIS2_PLACEMENT_3D('',#5003,#5004,#5005);
#5003 = CARTESIAN_POINT('',(-2.5,0.,0.6));
#5004 = DIRECTION('',(-0.,0.,-1.));
#5005 = DIRECTION('',(-0.661437827766,-0.75,0.));
#5006 = ORIENTED_EDGE('',*,*,#5007,.T.);
#5007 = EDGE_CURVE('',#4999,#4553,#5008,.T.);
#5008 = CIRCLE('',#5009,0.15);
#5009 = AXIS2_PLACEMENT_3D('',#5010,#5011,#5012);
#5010 = CARTESIAN_POINT('',(-4.4875,-1.75281024358,0.45));
#5011 = DIRECTION('',(0.661437827766,-0.75,0.));
#5012 = DIRECTION('',(-0.75,-0.661437827766,0.));
#5013 = ORIENTED_EDGE('',*,*,#4552,.F.);
#5014 = TOROIDAL_SURFACE('',#5015,2.65,0.15);
#5015 = AXIS2_PLACEMENT_3D('',#5016,#5017,#5018);
#5016 = CARTESIAN_POINT('',(-2.5,0.,0.45));
#5017 = DIRECTION('',(-0.,-0.,-1.));
#5018 = DIRECTION('',(-0.661437827766,-0.75,0.));
#5019 = ADVANCED_FACE('',(#5020),#5040,.T.);
#5020 = FACE_BOUND('',#5021,.T.);
#5021 = EDGE_LOOP('',(#5022,#5031,#5038,#5039));
#5022 = ORIENTED_EDGE('',*,*,#5023,.F.);
#5023 = EDGE_CURVE('',#5024,#4578,#5026,.T.);
#5024 = VERTEX_POINT('',#5025);
#5025 = CARTESIAN_POINT('',(-4.252810243581,1.9875,0.6));
#5026 = CIRCLE('',#5027,0.15);
#5027 = AXIS2_PLACEMENT_3D('',#5028,#5029,#5030);
#5028 = CARTESIAN_POINT('',(-4.252810243581,1.9875,0.45));
#5029 = DIRECTION('',(-0.75,-0.661437827766,-0.));
#5030 = DIRECTION('',(-0.661437827766,0.75,0.));
#5031 = ORIENTED_EDGE('',*,*,#5032,.T.);
#5032 = EDGE_CURVE('',#5024,#4967,#5033,.T.);
#5033 = CIRCLE('',#5034,1.85);
#5034 = AXIS2_PLACEMENT_3D('',#5035,#5036,#5037);
#5035 = CARTESIAN_POINT('',(-3.029150262213,0.6,0.6));
#5036 = DIRECTION('',(0.,0.,-1.));
#5037 = DIRECTION('',(-0.661437827766,0.75,0.));
#5038 = ORIENTED_EDGE('',*,*,#4982,.T.);
#5039 = ORIENTED_EDGE('',*,*,#4577,.F.);
#5040 = TOROIDAL_SURFACE('',#5041,1.85,0.15);
#5041 = AXIS2_PLACEMENT_3D('',#5042,#5043,#5044);
#5042 = CARTESIAN_POINT('',(-3.029150262213,0.6,0.45));
#5043 = DIRECTION('',(-0.,-0.,-1.));
#5044 = DIRECTION('',(-0.661437827766,0.75,0.));
#5045 = ADVANCED_FACE('',(#5046),#5066,.T.);
#5046 = FACE_BOUND('',#5047,.T.);
#5047 = EDGE_LOOP('',(#5048,#5049,#5058,#5065));
#5048 = ORIENTED_EDGE('',*,*,#5007,.F.);
#5049 = ORIENTED_EDGE('',*,*,#5050,.T.);
#5050 = EDGE_CURVE('',#4999,#5051,#5053,.T.);
#5051 = VERTEX_POINT('',#5052);
#5052 = CARTESIAN_POINT('',(-4.95,-0.529150262213,0.6));
#5053 = CIRCLE('',#5054,1.85);
#5054 = AXIS2_PLACEMENT_3D('',#5055,#5056,#5057);
#5055 = CARTESIAN_POINT('',(-3.1,-0.529150262213,0.6));
#5056 = DIRECTION('',(-0.,0.,-1.));
#5057 = DIRECTION('',(-0.75,-0.661437827766,0.));
#5058 = ORIENTED_EDGE('',*,*,#5059,.T.);
#5059 = EDGE_CURVE('',#5051,#4603,#5060,.T.);
#5060 = CIRCLE('',#5061,0.15);
#5061 = AXIS2_PLACEMENT_3D('',#5062,#5063,#5064);
#5062 = CARTESIAN_POINT('',(-4.95,-0.529150262213,0.45));
#5063 = DIRECTION('',(0.,-1.,0.));
#5064 = DIRECTION('',(-1.,0.,0.));
#5065 = ORIENTED_EDGE('',*,*,#4612,.F.);
#5066 = TOROIDAL_SURFACE('',#5067,1.85,0.15);
#5067 = AXIS2_PLACEMENT_3D('',#5068,#5069,#5070);
#5068 = CARTESIAN_POINT('',(-3.1,-0.529150262213,0.45));
#5069 = DIRECTION('',(-0.,-0.,-1.));
#5070 = DIRECTION('',(-0.75,-0.661437827766,0.));
#5071 = ADVANCED_FACE('',(#5072),#5092,.T.);
#5072 = FACE_BOUND('',#5073,.T.);
#5073 = EDGE_LOOP('',(#5074,#5083,#5090,#5091));
#5074 = ORIENTED_EDGE('',*,*,#5075,.F.);
#5075 = EDGE_CURVE('',#5076,#4628,#5078,.T.);
#5076 = VERTEX_POINT('',#5077);
#5077 = CARTESIAN_POINT('',(-4.4875,1.75281024358,0.6));
#5078 = CIRCLE('',#5079,0.15);
#5079 = AXIS2_PLACEMENT_3D('',#5080,#5081,#5082);
#5080 = CARTESIAN_POINT('',(-4.4875,1.75281024358,0.45));
#5081 = DIRECTION('',(-0.661437827766,-0.75,-0.));
#5082 = DIRECTION('',(-0.75,0.661437827766,0.));
#5083 = ORIENTED_EDGE('',*,*,#5084,.T.);
#5084 = EDGE_CURVE('',#5076,#5024,#5085,.T.);
#5085 = CIRCLE('',#5086,2.65);
#5086 = AXIS2_PLACEMENT_3D('',#5087,#5088,#5089);
#5087 = CARTESIAN_POINT('',(-2.5,0.,0.6));
#5088 = DIRECTION('',(0.,0.,-1.));
#5089 = DIRECTION('',(-0.75,0.661437827766,0.));
#5090 = ORIENTED_EDGE('',*,*,#5023,.T.);
#5091 = ORIENTED_EDGE('',*,*,#4627,.F.);
#5092 = TOROIDAL_SURFACE('',#5093,2.65,0.15);
#5093 = AXIS2_PLACEMENT_3D('',#5094,#5095,#5096);
#5094 = CARTESIAN_POINT('',(-2.5,0.,0.45));
#5095 = DIRECTION('',(-0.,-0.,-1.));
#5096 = DIRECTION('',(-0.75,0.661437827766,0.));
#5097 = ADVANCED_FACE('',(#5098),#5117,.T.);
#5098 = FACE_BOUND('',#5099,.T.);
#5099 = EDGE_LOOP('',(#5100,#5108,#5115,#5116));
#5100 = ORIENTED_EDGE('',*,*,#5101,.T.);
#5101 = EDGE_CURVE('',#5051,#5102,#5104,.T.);
#5102 = VERTEX_POINT('',#5103);
#5103 = CARTESIAN_POINT('',(-4.95,0.529150262213,0.6));
#5104 = LINE('',#5105,#5106);
#5105 = CARTESIAN_POINT('',(-4.95,-0.529150262213,0.6));
#5106 = VECTOR('',#5107,1.);
#5107 = DIRECTION('',(0.,1.,0.));
#5108 = ORIENTED_EDGE('',*,*,#5109,.T.);
#5109 = EDGE_CURVE('',#5102,#4653,#5110,.T.);
#5110 = CIRCLE('',#5111,0.15);
#5111 = AXIS2_PLACEMENT_3D('',#5112,#5113,#5114);
#5112 = CARTESIAN_POINT('',(-4.95,0.529150262213,0.45));
#5113 = DIRECTION('',(0.,-1.,0.));
#5114 = DIRECTION('',(0.,0.,1.));
#5115 = ORIENTED_EDGE('',*,*,#4662,.F.);
#5116 = ORIENTED_EDGE('',*,*,#5059,.F.);
#5117 = CYLINDRICAL_SURFACE('',#5118,0.15);
#5118 = AXIS2_PLACEMENT_3D('',#5119,#5120,#5121);
#5119 = CARTESIAN_POINT('',(-4.95,-0.529150262213,0.45));
#5120 = DIRECTION('',(0.,1.,0.));
#5121 = DIRECTION('',(0.,0.,1.));
#5122 = ADVANCED_FACE('',(#5123),#5135,.T.);
#5123 = FACE_BOUND('',#5124,.T.);
#5124 = EDGE_LOOP('',(#5125,#5126,#5133,#5134));
#5125 = ORIENTED_EDGE('',*,*,#5109,.F.);
#5126 = ORIENTED_EDGE('',*,*,#5127,.T.);
#5127 = EDGE_CURVE('',#5102,#5076,#5128,.T.);
#5128 = CIRCLE('',#5129,1.85);
#5129 = AXIS2_PLACEMENT_3D('',#5130,#5131,#5132);
#5130 = CARTESIAN_POINT('',(-3.1,0.529150262213,0.6));
#5131 = DIRECTION('',(-0.,0.,-1.));
#5132 = DIRECTION('',(-1.,-1.110223024625E-16,0.));
#5133 = ORIENTED_EDGE('',*,*,#5075,.T.);
#5134 = ORIENTED_EDGE('',*,*,#4676,.F.);
#5135 = TOROIDAL_SURFACE('',#5136,1.85,0.15);
#5136 = AXIS2_PLACEMENT_3D('',#5137,#5138,#5139);
#5137 = CARTESIAN_POINT('',(-3.1,0.529150262213,0.45));
#5138 = DIRECTION('',(-0.,-0.,-1.));
#5139 = DIRECTION('',(-1.,-1.110223024625E-16,0.));
#5140 = ADVANCED_FACE('',(#5141),#5166,.T.);
#5141 = FACE_BOUND('',#5142,.T.);
#5142 = EDGE_LOOP('',(#5143,#5144,#5152,#5160));
#5143 = ORIENTED_EDGE('',*,*,#4705,.F.);
#5144 = ORIENTED_EDGE('',*,*,#5145,.T.);
#5145 = EDGE_CURVE('',#4706,#5146,#5148,.T.);
#5146 = VERTEX_POINT('',#5147);
#5147 = CARTESIAN_POINT('',(4.55,2.2,0.6));
#5148 = LINE('',#5149,#5150);
#5149 = CARTESIAN_POINT('',(4.55,2.2,2.8));
#5150 = VECTOR('',#5151,1.);
#5151 = DIRECTION('',(0.,0.,-1.));
#5152 = ORIENTED_EDGE('',*,*,#5153,.T.);
#5153 = EDGE_CURVE('',#5146,#5154,#5156,.T.);
#5154 = VERTEX_POINT('',#5155);
#5155 = CARTESIAN_POINT('',(-3.029150262213,2.2,0.6));
#5156 = LINE('',#5157,#5158);
#5157 = CARTESIAN_POINT('',(-4.319615242271,2.2,0.6));
#5158 = VECTOR('',#5159,1.);
#5159 = DIRECTION('',(-1.,0.,0.));
#5160 = ORIENTED_EDGE('',*,*,#5161,.T.);
#5161 = EDGE_CURVE('',#5154,#4708,#5162,.T.);
#5162 = LINE('',#5163,#5164);
#5163 = CARTESIAN_POINT('',(-3.029150262213,2.2,0.));
#5164 = VECTOR('',#5165,1.);
#5165 = DIRECTION('',(0.,0.,1.));
#5166 = PLANE('',#5167);
#5167 = AXIS2_PLACEMENT_3D('',#5168,#5169,#5170);
#5168 = CARTESIAN_POINT('',(-3.539230484542,2.2,0.));
#5169 = DIRECTION('',(0.,1.,0.));
#5170 = DIRECTION('',(1.,0.,0.));
#5171 = ADVANCED_FACE('',(#5172),#5191,.T.);
#5172 = FACE_BOUND('',#5173,.T.);
#5173 = EDGE_LOOP('',(#5174,#5175,#5183,#5190));
#5174 = ORIENTED_EDGE('',*,*,#4715,.T.);
#5175 = ORIENTED_EDGE('',*,*,#5176,.T.);
#5176 = EDGE_CURVE('',#4716,#5177,#5179,.T.);
#5177 = VERTEX_POINT('',#5178);
#5178 = CARTESIAN_POINT('',(4.7,2.05,0.6));
#5179 = LINE('',#5180,#5181);
#5180 = CARTESIAN_POINT('',(4.7,2.05,2.8));
#5181 = VECTOR('',#5182,1.);
#5182 = DIRECTION('',(0.,0.,-1.));
#5183 = ORIENTED_EDGE('',*,*,#5184,.F.);
#5184 = EDGE_CURVE('',#5146,#5177,#5185,.T.);
#5185 = CIRCLE('',#5186,0.15);
#5186 = AXIS2_PLACEMENT_3D('',#5187,#5188,#5189);
#5187 = CARTESIAN_POINT('',(4.55,2.05,0.6));
#5188 = DIRECTION('',(0.,0.,-1.));
#5189 = DIRECTION('',(0.,1.,0.));
#5190 = ORIENTED_EDGE('',*,*,#5145,.F.);
#5191 = CYLINDRICAL_SURFACE('',#5192,0.15);
#5192 = AXIS2_PLACEMENT_3D('',#5193,#5194,#5195);
#5193 = CARTESIAN_POINT('',(4.55,2.05,2.8));
#5194 = DIRECTION('',(0.,0.,-1.));
#5195 = DIRECTION('',(0.,1.,0.));
#5196 = ADVANCED_FACE('',(#5197),#5216,.T.);
#5197 = FACE_BOUND('',#5198,.T.);
#5198 = EDGE_LOOP('',(#5199,#5208,#5214,#5215));
#5199 = ORIENTED_EDGE('',*,*,#5200,.T.);
#5200 = EDGE_CURVE('',#5154,#5201,#5203,.T.);
#5201 = VERTEX_POINT('',#5202);
#5202 = CARTESIAN_POINT('',(-4.087450786639,1.8,0.6));
#5203 = CIRCLE('',#5204,1.6);
#5204 = AXIS2_PLACEMENT_3D('',#5205,#5206,#5207);
#5205 = CARTESIAN_POINT('',(-3.029150262213,0.6,0.6));
#5206 = DIRECTION('',(0.,0.,1.));
#5207 = DIRECTION('',(-0.661437827766,0.75,0.));
#5208 = ORIENTED_EDGE('',*,*,#5209,.T.);
#5209 = EDGE_CURVE('',#5201,#4794,#5210,.T.);
#5210 = LINE('',#5211,#5212);
#5211 = CARTESIAN_POINT('',(-4.087450786639,1.8,0.));
#5212 = VECTOR('',#5213,1.);
#5213 = DIRECTION('',(0.,0.,1.));
#5214 = ORIENTED_EDGE('',*,*,#4802,.F.);
#5215 = ORIENTED_EDGE('',*,*,#5161,.F.);
#5216 = CYLINDRICAL_SURFACE('',#5217,1.6);
#5217 = AXIS2_PLACEMENT_3D('',#5218,#5219,#5220);
#5218 = CARTESIAN_POINT('',(-3.029150262213,0.6,0.));
#5219 = DIRECTION('',(0.,0.,1.));
#5220 = DIRECTION('',(-0.661437827766,0.75,0.));
#5221 = ADVANCED_FACE('',(#5222),#5240,.T.);
#5222 = FACE_BOUND('',#5223,.T.);
#5223 = EDGE_LOOP('',(#5224,#5225,#5233,#5239));
#5224 = ORIENTED_EDGE('',*,*,#4724,.F.);
#5225 = ORIENTED_EDGE('',*,*,#5226,.F.);
#5226 = EDGE_CURVE('',#5227,#4725,#5229,.T.);
#5227 = VERTEX_POINT('',#5228);
#5228 = CARTESIAN_POINT('',(4.7,-2.05,0.6));
#5229 = LINE('',#5230,#5231);
#5230 = CARTESIAN_POINT('',(4.7,-2.05,0.6));
#5231 = VECTOR('',#5232,1.);
#5232 = DIRECTION('',(0.,0.,1.));
#5233 = ORIENTED_EDGE('',*,*,#5234,.T.);
#5234 = EDGE_CURVE('',#5227,#5177,#5235,.T.);
#5235 = LINE('',#5236,#5237);
#5236 = CARTESIAN_POINT('',(4.7,0.780384757729,0.6));
#5237 = VECTOR('',#5238,1.);
#5238 = DIRECTION('',(0.,1.,0.));
#5239 = ORIENTED_EDGE('',*,*,#5176,.F.);
#5240 = PLANE('',#5241);
#5241 = AXIS2_PLACEMENT_3D('',#5242,#5243,#5244);
#5242 = CARTESIAN_POINT('',(4.7,2.6,0.));
#5243 = DIRECTION('',(1.,0.,0.));
#5244 = DIRECTION('',(0.,-1.,0.));
#5245 = ADVANCED_FACE('',(#5246),#5265,.T.);
#5246 = FACE_BOUND('',#5247,.T.);
#5247 = EDGE_LOOP('',(#5248,#5249,#5258,#5264));
#5248 = ORIENTED_EDGE('',*,*,#5209,.F.);
#5249 = ORIENTED_EDGE('',*,*,#5250,.F.);
#5250 = EDGE_CURVE('',#5251,#5201,#5253,.T.);
#5251 = VERTEX_POINT('',#5252);
#5252 = CARTESIAN_POINT('',(-4.3,1.587450786639,0.6));
#5253 = CIRCLE('',#5254,2.4);
#5254 = AXIS2_PLACEMENT_3D('',#5255,#5256,#5257);
#5255 = CARTESIAN_POINT('',(-2.5,-1.907199800948E-23,0.6));
#5256 = DIRECTION('',(0.,0.,-1.));
#5257 = DIRECTION('',(1.,0.,0.));
#5258 = ORIENTED_EDGE('',*,*,#5259,.T.);
#5259 = EDGE_CURVE('',#5251,#4785,#5260,.T.);
#5260 = LINE('',#5261,#5262);
#5261 = CARTESIAN_POINT('',(-4.3,1.587450786639,0.));
#5262 = VECTOR('',#5263,1.);
#5263 = DIRECTION('',(0.,0.,1.));
#5264 = ORIENTED_EDGE('',*,*,#4793,.T.);
#5265 = CYLINDRICAL_SURFACE('',#5266,2.4);
#5266 = AXIS2_PLACEMENT_3D('',#5267,#5268,#5269);
#5267 = CARTESIAN_POINT('',(-2.5,-1.907199800948E-23,0.));
#5268 = DIRECTION('',(-0.,-0.,-1.));
#5269 = DIRECTION('',(1.,0.,0.));
#5270 = ADVANCED_FACE('',(#5271),#5290,.T.);
#5271 = FACE_BOUND('',#5272,.T.);
#5272 = EDGE_LOOP('',(#5273,#5274,#5275,#5283));
#5273 = ORIENTED_EDGE('',*,*,#5226,.T.);
#5274 = ORIENTED_EDGE('',*,*,#4732,.T.);
#5275 = ORIENTED_EDGE('',*,*,#5276,.F.);
#5276 = EDGE_CURVE('',#5277,#4733,#5279,.T.);
#5277 = VERTEX_POINT('',#5278);
#5278 = CARTESIAN_POINT('',(4.55,-2.2,0.6));
#5279 = LINE('',#5280,#5281);
#5280 = CARTESIAN_POINT('',(4.55,-2.2,0.6));
#5281 = VECTOR('',#5282,1.);
#5282 = DIRECTION('',(0.,0.,1.));
#5283 = ORIENTED_EDGE('',*,*,#5284,.F.);
#5284 = EDGE_CURVE('',#5227,#5277,#5285,.T.);
#5285 = CIRCLE('',#5286,0.15);
#5286 = AXIS2_PLACEMENT_3D('',#5287,#5288,#5289);
#5287 = CARTESIAN_POINT('',(4.55,-2.05,0.6));
#5288 = DIRECTION('',(-0.,-0.,-1.));
#5289 = DIRECTION('',(0.,-1.,0.));
#5290 = CYLINDRICAL_SURFACE('',#5291,0.15);
#5291 = AXIS2_PLACEMENT_3D('',#5292,#5293,#5294);
#5292 = CARTESIAN_POINT('',(4.55,-2.05,0.6));
#5293 = DIRECTION('',(0.,0.,1.));
#5294 = DIRECTION('',(1.,0.,0.));
#5295 = ADVANCED_FACE('',(#5296),#5315,.T.);
#5296 = FACE_BOUND('',#5297,.T.);
#5297 = EDGE_LOOP('',(#5298,#5306,#5307,#5308));
#5298 = ORIENTED_EDGE('',*,*,#5299,.T.);
#5299 = EDGE_CURVE('',#5300,#4777,#5302,.T.);
#5300 = VERTEX_POINT('',#5301);
#5301 = CARTESIAN_POINT('',(-4.7,0.529150262213,0.6));
#5302 = LINE('',#5303,#5304);
#5303 = CARTESIAN_POINT('',(-4.7,0.529150262213,0.));
#5304 = VECTOR('',#5305,1.);
#5305 = DIRECTION('',(0.,0.,1.));
#5306 = ORIENTED_EDGE('',*,*,#4784,.F.);
#5307 = ORIENTED_EDGE('',*,*,#5259,.F.);
#5308 = ORIENTED_EDGE('',*,*,#5309,.T.);
#5309 = EDGE_CURVE('',#5251,#5300,#5310,.T.);
#5310 = CIRCLE('',#5311,1.6);
#5311 = AXIS2_PLACEMENT_3D('',#5312,#5313,#5314);
#5312 = CARTESIAN_POINT('',(-3.1,0.529150262213,0.6));
#5313 = DIRECTION('',(0.,0.,1.));
#5314 = DIRECTION('',(-1.,0.,0.));
#5315 = CYLINDRICAL_SURFACE('',#5316,1.6);
#5316 = AXIS2_PLACEMENT_3D('',#5317,#5318,#5319);
#5317 = CARTESIAN_POINT('',(-3.1,0.529150262213,0.));
#5318 = DIRECTION('',(0.,0.,1.));
#5319 = DIRECTION('',(-1.,0.,0.));
#5320 = ADVANCED_FACE('',(#5321),#5339,.T.);
#5321 = FACE_BOUND('',#5322,.T.);
#5322 = EDGE_LOOP('',(#5323,#5331,#5332,#5333));
#5323 = ORIENTED_EDGE('',*,*,#5324,.T.);
#5324 = EDGE_CURVE('',#5325,#5277,#5327,.T.);
#5325 = VERTEX_POINT('',#5326);
#5326 = CARTESIAN_POINT('',(-3.029150262213,-2.2,0.6));
#5327 = LINE('',#5328,#5329);
#5328 = CARTESIAN_POINT('',(0.,-2.2,0.6));
#5329 = VECTOR('',#5330,1.);
#5330 = DIRECTION('',(1.,0.,0.));
#5331 = ORIENTED_EDGE('',*,*,#5276,.T.);
#5332 = ORIENTED_EDGE('',*,*,#4741,.F.);
#5333 = ORIENTED_EDGE('',*,*,#5334,.F.);
#5334 = EDGE_CURVE('',#5325,#4742,#5335,.T.);
#5335 = LINE('',#5336,#5337);
#5336 = CARTESIAN_POINT('',(-3.029150262213,-2.2,0.));
#5337 = VECTOR('',#5338,1.);
#5338 = DIRECTION('',(0.,0.,1.));
#5339 = PLANE('',#5340);
#5340 = AXIS2_PLACEMENT_3D('',#5341,#5342,#5343);
#5341 = CARTESIAN_POINT('',(5.1,-2.2,0.));
#5342 = DIRECTION('',(0.,-1.,0.));
#5343 = DIRECTION('',(-1.,0.,0.));
#5344 = ADVANCED_FACE('',(#5345),#5363,.T.);
#5345 = FACE_BOUND('',#5346,.T.);
#5346 = EDGE_LOOP('',(#5347,#5355,#5361,#5362));
#5347 = ORIENTED_EDGE('',*,*,#5348,.T.);
#5348 = EDGE_CURVE('',#5300,#5349,#5351,.T.);
#5349 = VERTEX_POINT('',#5350);
#5350 = CARTESIAN_POINT('',(-4.7,-0.529150262213,0.6));
#5351 = LINE('',#5352,#5353);
#5352 = CARTESIAN_POINT('',(-4.7,-1.039230484541,0.6));
#5353 = VECTOR('',#5354,1.);
#5354 = DIRECTION('',(0.,-1.,0.));
#5355 = ORIENTED_EDGE('',*,*,#5356,.T.);
#5356 = EDGE_CURVE('',#5349,#4768,#5357,.T.);
#5357 = LINE('',#5358,#5359);
#5358 = CARTESIAN_POINT('',(-4.7,-0.529150262213,0.));
#5359 = VECTOR('',#5360,1.);
#5360 = DIRECTION('',(0.,0.,1.));
#5361 = ORIENTED_EDGE('',*,*,#4776,.F.);
#5362 = ORIENTED_EDGE('',*,*,#5299,.F.);
#5363 = PLANE('',#5364);
#5364 = AXIS2_PLACEMENT_3D('',#5365,#5366,#5367);
#5365 = CARTESIAN_POINT('',(-4.7,-1.039230484541,0.));
#5366 = DIRECTION('',(-1.,0.,0.));
#5367 = DIRECTION('',(0.,1.,0.));
#5368 = ADVANCED_FACE('',(#5369),#5388,.T.);
#5369 = FACE_BOUND('',#5370,.T.);
#5370 = EDGE_LOOP('',(#5371,#5372,#5373,#5381));
#5371 = ORIENTED_EDGE('',*,*,#5334,.T.);
#5372 = ORIENTED_EDGE('',*,*,#4749,.F.);
#5373 = ORIENTED_EDGE('',*,*,#5374,.F.);
#5374 = EDGE_CURVE('',#5375,#4750,#5377,.T.);
#5375 = VERTEX_POINT('',#5376);
#5376 = CARTESIAN_POINT('',(-4.087450786639,-1.8,0.6));
#5377 = LINE('',#5378,#5379);
#5378 = CARTESIAN_POINT('',(-4.087450786639,-1.8,0.));
#5379 = VECTOR('',#5380,1.);
#5380 = DIRECTION('',(0.,0.,1.));
#5381 = ORIENTED_EDGE('',*,*,#5382,.T.);
#5382 = EDGE_CURVE('',#5375,#5325,#5383,.T.);
#5383 = CIRCLE('',#5384,1.6);
#5384 = AXIS2_PLACEMENT_3D('',#5385,#5386,#5387);
#5385 = CARTESIAN_POINT('',(-3.029150262213,-0.6,0.6));
#5386 = DIRECTION('',(-0.,0.,1.));
#5387 = DIRECTION('',(0.,-1.,0.));
#5388 = CYLINDRICAL_SURFACE('',#5389,1.6);
#5389 = AXIS2_PLACEMENT_3D('',#5390,#5391,#5392);
#5390 = CARTESIAN_POINT('',(-3.029150262213,-0.6,0.));
#5391 = DIRECTION('',(0.,0.,1.));
#5392 = DIRECTION('',(0.,-1.,0.));
#5393 = ADVANCED_FACE('',(#5394),#5413,.T.);
#5394 = FACE_BOUND('',#5395,.T.);
#5395 = EDGE_LOOP('',(#5396,#5397,#5406,#5412));
#5396 = ORIENTED_EDGE('',*,*,#5356,.F.);
#5397 = ORIENTED_EDGE('',*,*,#5398,.T.);
#5398 = EDGE_CURVE('',#5349,#5399,#5401,.T.);
#5399 = VERTEX_POINT('',#5400);
#5400 = CARTESIAN_POINT('',(-4.3,-1.587450786639,0.6));
#5401 = CIRCLE('',#5402,1.6);
#5402 = AXIS2_PLACEMENT_3D('',#5403,#5404,#5405);
#5403 = CARTESIAN_POINT('',(-3.1,-0.529150262213,0.6));
#5404 = DIRECTION('',(0.,0.,1.));
#5405 = DIRECTION('',(-1.,0.,0.));
#5406 = ORIENTED_EDGE('',*,*,#5407,.T.);
#5407 = EDGE_CURVE('',#5399,#4759,#5408,.T.);
#5408 = LINE('',#5409,#5410);
#5409 = CARTESIAN_POINT('',(-4.3,-1.587450786639,0.));
#5410 = VECTOR('',#5411,1.);
#5411 = DIRECTION('',(0.,0.,1.));
#5412 = ORIENTED_EDGE('',*,*,#4767,.F.);
#5413 = CYLINDRICAL_SURFACE('',#5414,1.6);
#5414 = AXIS2_PLACEMENT_3D('',#5415,#5416,#5417);
#5415 = CARTESIAN_POINT('',(-3.1,-0.529150262213,0.));
#5416 = DIRECTION('',(0.,0.,1.));
#5417 = DIRECTION('',(-1.,0.,0.));
#5418 = ADVANCED_FACE('',(#5419),#5431,.T.);
#5419 = FACE_BOUND('',#5420,.T.);
#5420 = EDGE_LOOP('',(#5421,#5422,#5423,#5430));
#5421 = ORIENTED_EDGE('',*,*,#4758,.T.);
#5422 = ORIENTED_EDGE('',*,*,#5407,.F.);
#5423 = ORIENTED_EDGE('',*,*,#5424,.F.);
#5424 = EDGE_CURVE('',#5375,#5399,#5425,.T.);
#5425 = CIRCLE('',#5426,2.4);
#5426 = AXIS2_PLACEMENT_3D('',#5427,#5428,#5429);
#5427 = CARTESIAN_POINT('',(-2.5,-1.907199800948E-23,0.6));
#5428 = DIRECTION('',(0.,0.,-1.));
#5429 = DIRECTION('',(1.,0.,0.));
#5430 = ORIENTED_EDGE('',*,*,#5374,.T.);
#5431 = CYLINDRICAL_SURFACE('',#5432,2.4);
#5432 = AXIS2_PLACEMENT_3D('',#5433,#5434,#5435);
#5433 = CARTESIAN_POINT('',(-2.5,-1.907199800948E-23,0.));
#5434 = DIRECTION('',(-0.,-0.,-1.));
#5435 = DIRECTION('',(1.,0.,0.));
#5436 = ADVANCED_FACE('',(#5437),#5442,.T.);
#5437 = FACE_BOUND('',#5438,.T.);
#5438 = EDGE_LOOP('',(#5439,#5440,#5441));
#5439 = ORIENTED_EDGE('',*,*,#4868,.T.);
#5440 = ORIENTED_EDGE('',*,*,#4842,.F.);
#5441 = ORIENTED_EDGE('',*,*,#4917,.T.);
#5442 = SPHERICAL_SURFACE('',#5443,0.15);
#5443 = AXIS2_PLACEMENT_3D('',#5444,#5445,#5446);
#5444 = CARTESIAN_POINT('',(4.95,-2.45,0.45));
#5445 = DIRECTION('',(-1.,-0.,-0.));
#5446 = DIRECTION('',(0.,-2.960594732334E-15,1.));
#5447 = ADVANCED_FACE('',(#5448,#5462),#5474,.T.);
#5448 = FACE_BOUND('',#5449,.T.);
#5449 = EDGE_LOOP('',(#5450,#5451,#5452,#5453,#5454,#5455,#5456,#5457,
    #5458,#5459,#5460,#5461));
#5450 = ORIENTED_EDGE('',*,*,#5153,.F.);
#5451 = ORIENTED_EDGE('',*,*,#5184,.T.);
#5452 = ORIENTED_EDGE('',*,*,#5234,.F.);
#5453 = ORIENTED_EDGE('',*,*,#5284,.T.);
#5454 = ORIENTED_EDGE('',*,*,#5324,.F.);
#5455 = ORIENTED_EDGE('',*,*,#5382,.F.);
#5456 = ORIENTED_EDGE('',*,*,#5424,.T.);
#5457 = ORIENTED_EDGE('',*,*,#5398,.F.);
#5458 = ORIENTED_EDGE('',*,*,#5348,.F.);
#5459 = ORIENTED_EDGE('',*,*,#5309,.F.);
#5460 = ORIENTED_EDGE('',*,*,#5250,.T.);
#5461 = ORIENTED_EDGE('',*,*,#5200,.F.);
#5462 = FACE_BOUND('',#5463,.T.);
#5463 = EDGE_LOOP('',(#5464,#5465,#5466,#5467,#5468,#5469,#5470,#5471,
    #5472,#5473));
#5464 = ORIENTED_EDGE('',*,*,#4877,.F.);
#5465 = ORIENTED_EDGE('',*,*,#4909,.F.);
#5466 = ORIENTED_EDGE('',*,*,#4966,.F.);
#5467 = ORIENTED_EDGE('',*,*,#5032,.F.);
#5468 = ORIENTED_EDGE('',*,*,#5084,.F.);
#5469 = ORIENTED_EDGE('',*,*,#5127,.F.);
#5470 = ORIENTED_EDGE('',*,*,#5101,.F.);
#5471 = ORIENTED_EDGE('',*,*,#5050,.F.);
#5472 = ORIENTED_EDGE('',*,*,#4998,.F.);
#5473 = ORIENTED_EDGE('',*,*,#4941,.F.);
#5474 = PLANE('',#5475);
#5475 = AXIS2_PLACEMENT_3D('',#5476,#5477,#5478);
#5476 = CARTESIAN_POINT('',(-5.1,-1.039230484541,0.6));
#5477 = DIRECTION('',(0.,0.,1.));
#5478 = DIRECTION('',(1.,0.,0.));
#5479 = ADVANCED_FACE('',(#5480),#5485,.T.);
#5480 = FACE_BOUND('',#5481,.T.);
#5481 = EDGE_LOOP('',(#5482,#5483,#5484));
#5482 = ORIENTED_EDGE('',*,*,#4925,.F.);
#5483 = ORIENTED_EDGE('',*,*,#4892,.T.);
#5484 = ORIENTED_EDGE('',*,*,#4974,.F.);
#5485 = SPHERICAL_SURFACE('',#5486,0.15);
#5486 = AXIS2_PLACEMENT_3D('',#5487,#5488,#5489);
#5487 = CARTESIAN_POINT('',(4.95,2.45,0.45));
#5488 = DIRECTION('',(-1.,-0.,-0.));
#5489 = DIRECTION('',(0.,0.,1.));
#5490 = ( GEOMETRIC_REPRESENTATION_CONTEXT(3) 
GLOBAL_UNCERTAINTY_ASSIGNED_CONTEXT((#5494)) 
GLOBAL_UNIT_ASSIGNED_CONTEXT((#5491,#5492,#5493)) REPRESENTATION_CONTEXT
('Context #1','3D Context with UNIT and UNCERTAINTY') );
#5491 = ( LENGTH_UNIT() NAMED_UNIT(*) SI_UNIT(.MILLI.,.METRE.) );
#5492 = ( NAMED_UNIT(*) PLANE_ANGLE_UNIT() SI_UNIT($,.RADIAN.) );
#5493 = ( NAMED_UNIT(*) SI_UNIT($,.STERADIAN.) SOLID_ANGLE_UNIT() );
#5494 = UNCERTAINTY_MEASURE_WITH_UNIT(LENGTH_MEASURE(1.E-07),#5491,
  'distance_accuracy_value','confusion accuracy');
#5495 = CONTEXT_DEPENDENT_SHAPE_REPRESENTATION(#5496,#5498);
#5496 = ( REPRESENTATION_RELATIONSHIP('','',#91,#68) 
REPRESENTATION_RELATIONSHIP_WITH_TRANSFORMATION(#5497) 
SHAPE_REPRESENTATION_RELATIONSHIP() );
#5497 = ITEM_DEFINED_TRANSFORMATION('','',#11,#69);
#5498 = PRODUCT_DEFINITION_SHAPE('Placement','Placement of an item',
  #5499);
#5499 = NEXT_ASSEMBLY_USAGE_OCCURRENCE('1','=>[0:1:1:3]','',#63,#86,$);
#5500 = PRODUCT_RELATED_PRODUCT_CATEGORY('part',$,(#88));
#5501 = CONTEXT_DEPENDENT_SHAPE_REPRESENTATION(#5502,#5504);
#5502 = ( REPRESENTATION_RELATIONSHIP('','',#68,#10) 
REPRESENTATION_RELATIONSHIP_WITH_TRANSFORMATION(#5503) 
SHAPE_REPRESENTATION_RELATIONSHIP() );
#5503 = ITEM_DEFINED_TRANSFORMATION('','',#11,#19);
#5504 = PRODUCT_DEFINITION_SHAPE('Placement','Placement of an item',
  #5505);
#5505 = NEXT_ASSEMBLY_USAGE_OCCURRENCE('3','J101','',#5,#63,$);
#5506 = CONTEXT_DEPENDENT_SHAPE_REPRESENTATION(#5507,#5509);
#5507 = ( REPRESENTATION_RELATIONSHIP('','',#68,#10) 
REPRESENTATION_RELATIONSHIP_WITH_TRANSFORMATION(#5508) 
SHAPE_REPRESENTATION_RELATIONSHIP() );
#5508 = ITEM_DEFINED_TRANSFORMATION('','',#11,#23);
#5509 = PRODUCT_DEFINITION_SHAPE('Placement','Placement of an item',
  #5510);
#5510 = NEXT_ASSEMBLY_USAGE_OCCURRENCE('4','J106','',#5,#63,$);
#5511 = CONTEXT_DEPENDENT_SHAPE_REPRESENTATION(#5512,#5514);
#5512 = ( REPRESENTATION_RELATIONSHIP('','',#68,#10) 
REPRESENTATION_RELATIONSHIP_WITH_TRANSFORMATION(#5513) 
SHAPE_REPRESENTATION_RELATIONSHIP() );
#5513 = ITEM_DEFINED_TRANSFORMATION('','',#11,#27);
#5514 = PRODUCT_DEFINITION_SHAPE('Placement','Placement of an item',
  #5515);
#5515 = NEXT_ASSEMBLY_USAGE_OCCURRENCE('5','J102','',#5,#63,$);
#5516 = CONTEXT_DEPENDENT_SHAPE_REPRESENTATION(#5517,#5519);
#5517 = ( REPRESENTATION_RELATIONSHIP('','',#68,#10) 
REPRESENTATION_RELATIONSHIP_WITH_TRANSFORMATION(#5518) 
SHAPE_REPRESENTATION_RELATIONSHIP() );
#5518 = ITEM_DEFINED_TRANSFORMATION('','',#11,#31);
#5519 = PRODUCT_DEFINITION_SHAPE('Placement','Placement of an item',
  #5520);
#5520 = NEXT_ASSEMBLY_USAGE_OCCURRENCE('6','J103','',#5,#63,$);
#5521 = CONTEXT_DEPENDENT_SHAPE_REPRESENTATION(#5522,#5524);
#5522 = ( REPRESENTATION_RELATIONSHIP('','',#68,#10) 
REPRESENTATION_RELATIONSHIP_WITH_TRANSFORMATION(#5523) 
SHAPE_REPRESENTATION_RELATIONSHIP() );
#5523 = ITEM_DEFINED_TRANSFORMATION('','',#11,#35);
#5524 = PRODUCT_DEFINITION_SHAPE('Placement','Placement of an item',
  #5525);
#5525 = NEXT_ASSEMBLY_USAGE_OCCURRENCE('7','J108','',#5,#63,$);
#5526 = CONTEXT_DEPENDENT_SHAPE_REPRESENTATION(#5527,#5529);
#5527 = ( REPRESENTATION_RELATIONSHIP('','',#68,#10) 
REPRESENTATION_RELATIONSHIP_WITH_TRANSFORMATION(#5528) 
SHAPE_REPRESENTATION_RELATIONSHIP() );
#5528 = ITEM_DEFINED_TRANSFORMATION('','',#11,#39);
#5529 = PRODUCT_DEFINITION_SHAPE('Placement','Placement of an item',
  #5530);
#5530 = NEXT_ASSEMBLY_USAGE_OCCURRENCE('8','J105','',#5,#63,$);
#5531 = CONTEXT_DEPENDENT_SHAPE_REPRESENTATION(#5532,#5534);
#5532 = ( REPRESENTATION_RELATIONSHIP('','',#68,#10) 
REPRESENTATION_RELATIONSHIP_WITH_TRANSFORMATION(#5533) 
SHAPE_REPRESENTATION_RELATIONSHIP() );
#5533 = ITEM_DEFINED_TRANSFORMATION('','',#11,#43);
#5534 = PRODUCT_DEFINITION_SHAPE('Placement','Placement of an item',
  #5535);
#5535 = NEXT_ASSEMBLY_USAGE_OCCURRENCE('9','J107','',#5,#63,$);
#5536 = SHAPE_DEFINITION_REPRESENTATION(#5537,#5543);
#5537 = PRODUCT_DEFINITION_SHAPE('','',#5538);
#5538 = PRODUCT_DEFINITION('design','',#5539,#5542);
#5539 = PRODUCT_DEFINITION_FORMATION('','',#5540);
#5540 = PRODUCT('AMASS_XT60-M_1x02_P7.2mm_Vertical',
  'AMASS_XT60-M_1x02_P7.2mm_Vertical','',(#5541));
#5541 = PRODUCT_CONTEXT('',#2,'mechanical');
#5542 = PRODUCT_DEFINITION_CONTEXT('part definition',#2,'design');
#5543 = SHAPE_REPRESENTATION('',(#11,#5544),#5548);
#5544 = AXIS2_PLACEMENT_3D('',#5545,#5546,#5547);
#5545 = CARTESIAN_POINT('',(0.,0.,0.));
#5546 = DIRECTION('',(0.,0.,1.));
#5547 = DIRECTION('',(1.,0.,-0.));
#5548 = ( GEOMETRIC_REPRESENTATION_CONTEXT(3) 
GLOBAL_UNCERTAINTY_ASSIGNED_CONTEXT((#5552)) 
GLOBAL_UNIT_ASSIGNED_CONTEXT((#5549,#5550,#5551)) REPRESENTATION_CONTEXT
('Context #1','3D Context with UNIT and UNCERTAINTY') );
#5549 = ( LENGTH_UNIT() NAMED_UNIT(*) SI_UNIT(.MILLI.,.METRE.) );
#5550 = ( NAMED_UNIT(*) PLANE_ANGLE_UNIT() SI_UNIT($,.RADIAN.) );
#5551 = ( NAMED_UNIT(*) SI_UNIT($,.STERADIAN.) SOLID_ANGLE_UNIT() );
#5552 = UNCERTAINTY_MEASURE_WITH_UNIT(LENGTH_MEASURE(1.E-04),#5549,
  'distance_accuracy_value','confusion accuracy');
#5553 = CONTEXT_DEPENDENT_SHAPE_REPRESENTATION(#5554,#5556);
#5554 = ( REPRESENTATION_RELATIONSHIP('','',#5543,#10) 
REPRESENTATION_RELATIONSHIP_WITH_TRANSFORMATION(#5555) 
SHAPE_REPRESENTATION_RELATIONSHIP() );
#5555 = ITEM_DEFINED_TRANSFORMATION('','',#11,#47);
#5556 = PRODUCT_DEFINITION_SHAPE('Placement','Placement of an item',
  #5557);
#5557 = NEXT_ASSEMBLY_USAGE_OCCURRENCE('11','P101','',#5,#5538,$);
#5558 = PRODUCT_RELATED_PRODUCT_CATEGORY('part',$,(#5540));
#5559 = SHAPE_DEFINITION_REPRESENTATION(#5560,#5566);
#5560 = PRODUCT_DEFINITION_SHAPE('','',#5561);
#5561 = PRODUCT_DEFINITION('design','',#5562,#5565);
#5562 = PRODUCT_DEFINITION_FORMATION('','',#5563);
#5563 = PRODUCT('XT60 male v9','XT60 male v9','',(#5564));
#5564 = PRODUCT_CONTEXT('',#2,'mechanical');
#5565 = PRODUCT_DEFINITION_CONTEXT('part definition',#2,'design');
#5566 = SHAPE_REPRESENTATION('',(#11,#5567,#6669,#7771),#9479);
#5567 = MANIFOLD_SOLID_BREP('',#5568);
#5568 = CLOSED_SHELL('',(#5569,#5611,#5653,#5741,#5792,#5853,#5914,#5975
    ,#6007,#6039,#6071,#6156,#6178,#6210,#6242,#6274,#6296,#6318,#6340,
    #6353,#6366,#6379,#6392,#6405,#6418,#6431,#6444,#6486,#6536,#6571,
    #6621,#6638,#6657));
#5569 = ADVANCED_FACE('',(#5570),#5606,.T.);
#5570 = FACE_BOUND('',#5571,.T.);
#5571 = EDGE_LOOP('',(#5572,#5582,#5591,#5599));
#5572 = ORIENTED_EDGE('',*,*,#5573,.T.);
#5573 = EDGE_CURVE('',#5574,#5576,#5578,.T.);
#5574 = VERTEX_POINT('',#5575);
#5575 = CARTESIAN_POINT('',(5.266092039419,0.25,7.05));
#5576 = VERTEX_POINT('',#5577);
#5577 = CARTESIAN_POINT('',(5.266092039419,0.25,13.6));
#5578 = LINE('',#5579,#5580);
#5579 = CARTESIAN_POINT('',(5.266092039419,0.25,7.05));
#5580 = VECTOR('',#5581,1.);
#5581 = DIRECTION('',(0.,0.,1.));
#5582 = ORIENTED_EDGE('',*,*,#5583,.F.);
#5583 = EDGE_CURVE('',#5584,#5576,#5586,.T.);
#5584 = VERTEX_POINT('',#5585);
#5585 = CARTESIAN_POINT('',(6.95,1.933907960581,13.6));
#5586 = CIRCLE('',#5587,1.95);
#5587 = AXIS2_PLACEMENT_3D('',#5588,#5589,#5590);
#5588 = CARTESIAN_POINT('',(7.2,0.,13.6));
#5589 = DIRECTION('',(0.,0.,1.));
#5590 = DIRECTION('',(1.,0.,-0.));
#5591 = ORIENTED_EDGE('',*,*,#5592,.T.);
#5592 = EDGE_CURVE('',#5584,#5593,#5595,.T.);
#5593 = VERTEX_POINT('',#5594);
#5594 = CARTESIAN_POINT('',(6.95,1.933907960581,7.05));
#5595 = LINE('',#5596,#5597);
#5596 = CARTESIAN_POINT('',(6.95,1.933907960581,7.05));
#5597 = VECTOR('',#5598,1.);
#5598 = DIRECTION('',(0.,0.,-1.));
#5599 = ORIENTED_EDGE('',*,*,#5600,.F.);
#5600 = EDGE_CURVE('',#5574,#5593,#5601,.T.);
#5601 = CIRCLE('',#5602,1.95);
#5602 = AXIS2_PLACEMENT_3D('',#5603,#5604,#5605);
#5603 = CARTESIAN_POINT('',(7.2,0.,7.05));
#5604 = DIRECTION('',(0.,0.,-1.));
#5605 = DIRECTION('',(1.,0.,0.));
#5606 = CYLINDRICAL_SURFACE('',#5607,1.95);
#5607 = AXIS2_PLACEMENT_3D('',#5608,#5609,#5610);
#5608 = CARTESIAN_POINT('',(7.2,0.,7.05));
#5609 = DIRECTION('',(0.,0.,1.));
#5610 = DIRECTION('',(1.,0.,-0.));
#5611 = ADVANCED_FACE('',(#5612),#5648,.F.);
#5612 = FACE_BOUND('',#5613,.F.);
#5613 = EDGE_LOOP('',(#5614,#5625,#5633,#5642));
#5614 = ORIENTED_EDGE('',*,*,#5615,.T.);
#5615 = EDGE_CURVE('',#5616,#5618,#5620,.T.);
#5616 = VERTEX_POINT('',#5617);
#5617 = CARTESIAN_POINT('',(6.492893218813,0.25,14.6));
#5618 = VERTEX_POINT('',#5619);
#5619 = CARTESIAN_POINT('',(6.95,0.707106781187,14.6));
#5620 = CIRCLE('',#5621,0.75);
#5621 = AXIS2_PLACEMENT_3D('',#5622,#5623,#5624);
#5622 = CARTESIAN_POINT('',(7.2,0.,14.6));
#5623 = DIRECTION('',(0.,0.,-1.));
#5624 = DIRECTION('',(1.,0.,0.));
#5625 = ORIENTED_EDGE('',*,*,#5626,.F.);
#5626 = EDGE_CURVE('',#5627,#5618,#5629,.T.);
#5627 = VERTEX_POINT('',#5628);
#5628 = CARTESIAN_POINT('',(6.95,0.707106781187,7.05));
#5629 = LINE('',#5630,#5631);
#5630 = CARTESIAN_POINT('',(6.95,0.707106781187,10.825));
#5631 = VECTOR('',#5632,1.);
#5632 = DIRECTION('',(0.,0.,1.));
#5633 = ORIENTED_EDGE('',*,*,#5634,.F.);
#5634 = EDGE_CURVE('',#5635,#5627,#5637,.T.);
#5635 = VERTEX_POINT('',#5636);
#5636 = CARTESIAN_POINT('',(6.492893218813,0.25,7.05));
#5637 = CIRCLE('',#5638,0.75);
#5638 = AXIS2_PLACEMENT_3D('',#5639,#5640,#5641);
#5639 = CARTESIAN_POINT('',(7.2,0.,7.05));
#5640 = DIRECTION('',(0.,0.,-1.));
#5641 = DIRECTION('',(1.,0.,0.));
#5642 = ORIENTED_EDGE('',*,*,#5643,.F.);
#5643 = EDGE_CURVE('',#5616,#5635,#5644,.T.);
#5644 = LINE('',#5645,#5646);
#5645 = CARTESIAN_POINT('',(6.492893218813,0.25,10.825));
#5646 = VECTOR('',#5647,1.);
#5647 = DIRECTION('',(0.,0.,-1.));
#5648 = CYLINDRICAL_SURFACE('',#5649,0.75);
#5649 = AXIS2_PLACEMENT_3D('',#5650,#5651,#5652);
#5650 = CARTESIAN_POINT('',(7.2,0.,10.825));
#5651 = DIRECTION('',(0.,0.,-1.));
#5652 = DIRECTION('',(1.,0.,0.));
#5653 = ADVANCED_FACE('',(#5654),#5736,.F.);
#5654 = FACE_BOUND('',#5655,.F.);
#5655 = EDGE_LOOP('',(#5656,#5667,#5676,#5685,#5694,#5702,#5703,#5710,
    #5711,#5720,#5729));
#5656 = ORIENTED_EDGE('',*,*,#5657,.T.);
#5657 = EDGE_CURVE('',#5658,#5660,#5662,.T.);
#5658 = VERTEX_POINT('',#5659);
#5659 = CARTESIAN_POINT('',(7.907106781187,-0.25,7.05));
#5660 = VERTEX_POINT('',#5661);
#5661 = CARTESIAN_POINT('',(7.45,-0.707106781187,7.05));
#5662 = CIRCLE('',#5663,0.75);
#5663 = AXIS2_PLACEMENT_3D('',#5664,#5665,#5666);
#5664 = CARTESIAN_POINT('',(7.2,0.,7.05));
#5665 = DIRECTION('',(0.,0.,-1.));
#5666 = DIRECTION('',(1.,0.,0.));
#5667 = ORIENTED_EDGE('',*,*,#5668,.T.);
#5668 = EDGE_CURVE('',#5660,#5669,#5671,.T.);
#5669 = VERTEX_POINT('',#5670);
#5670 = CARTESIAN_POINT('',(6.95,-0.707106781187,7.05));
#5671 = CIRCLE('',#5672,0.75);
#5672 = AXIS2_PLACEMENT_3D('',#5673,#5674,#5675);
#5673 = CARTESIAN_POINT('',(7.2,0.,7.05));
#5674 = DIRECTION('',(0.,0.,-1.));
#5675 = DIRECTION('',(1.,0.,0.));
#5676 = ORIENTED_EDGE('',*,*,#5677,.T.);
#5677 = EDGE_CURVE('',#5669,#5678,#5680,.T.);
#5678 = VERTEX_POINT('',#5679);
#5679 = CARTESIAN_POINT('',(6.492893218813,-0.25,7.05));
#5680 = CIRCLE('',#5681,0.75);
#5681 = AXIS2_PLACEMENT_3D('',#5682,#5683,#5684);
#5682 = CARTESIAN_POINT('',(7.2,0.,7.05));
#5683 = DIRECTION('',(0.,0.,-1.));
#5684 = DIRECTION('',(1.,0.,0.));
#5685 = ORIENTED_EDGE('',*,*,#5686,.T.);
#5686 = EDGE_CURVE('',#5678,#5687,#5689,.T.);
#5687 = VERTEX_POINT('',#5688);
#5688 = CARTESIAN_POINT('',(6.45,9.184850993605E-17,7.05));
#5689 = CIRCLE('',#5690,0.75);
#5690 = AXIS2_PLACEMENT_3D('',#5691,#5692,#5693);
#5691 = CARTESIAN_POINT('',(7.2,0.,7.05));
#5692 = DIRECTION('',(0.,0.,-1.));
#5693 = DIRECTION('',(1.,0.,0.));
#5694 = ORIENTED_EDGE('',*,*,#5695,.T.);
#5695 = EDGE_CURVE('',#5687,#5696,#5698,.T.);
#5696 = VERTEX_POINT('',#5697);
#5697 = CARTESIAN_POINT('',(7.2,0.,6.599354535729));
#5698 = LINE('',#5699,#5700);
#5699 = CARTESIAN_POINT('',(6.825,4.592425496803E-17,6.824677267865));
#5700 = VECTOR('',#5701,1.);
#5701 = DIRECTION('',(0.857167300702,-1.049727191139E-16,-0.51503807491)
  );
#5702 = ORIENTED_EDGE('',*,*,#5695,.F.);
#5703 = ORIENTED_EDGE('',*,*,#5704,.T.);
#5704 = EDGE_CURVE('',#5687,#5635,#5705,.T.);
#5705 = CIRCLE('',#5706,0.75);
#5706 = AXIS2_PLACEMENT_3D('',#5707,#5708,#5709);
#5707 = CARTESIAN_POINT('',(7.2,0.,7.05));
#5708 = DIRECTION('',(0.,0.,-1.));
#5709 = DIRECTION('',(1.,0.,0.));
#5710 = ORIENTED_EDGE('',*,*,#5634,.T.);
#5711 = ORIENTED_EDGE('',*,*,#5712,.T.);
#5712 = EDGE_CURVE('',#5627,#5713,#5715,.T.);
#5713 = VERTEX_POINT('',#5714);
#5714 = CARTESIAN_POINT('',(7.45,0.707106781187,7.05));
#5715 = CIRCLE('',#5716,0.75);
#5716 = AXIS2_PLACEMENT_3D('',#5717,#5718,#5719);
#5717 = CARTESIAN_POINT('',(7.2,0.,7.05));
#5718 = DIRECTION('',(0.,0.,-1.));
#5719 = DIRECTION('',(1.,0.,0.));
#5720 = ORIENTED_EDGE('',*,*,#5721,.T.);
#5721 = EDGE_CURVE('',#5713,#5722,#5724,.T.);
#5722 = VERTEX_POINT('',#5723);
#5723 = CARTESIAN_POINT('',(7.907106781187,0.25,7.05));
#5724 = CIRCLE('',#5725,0.75);
#5725 = AXIS2_PLACEMENT_3D('',#5726,#5727,#5728);
#5726 = CARTESIAN_POINT('',(7.2,0.,7.05));
#5727 = DIRECTION('',(0.,0.,-1.));
#5728 = DIRECTION('',(1.,0.,0.));
#5729 = ORIENTED_EDGE('',*,*,#5730,.T.);
#5730 = EDGE_CURVE('',#5722,#5658,#5731,.T.);
#5731 = CIRCLE('',#5732,0.75);
#5732 = AXIS2_PLACEMENT_3D('',#5733,#5734,#5735);
#5733 = CARTESIAN_POINT('',(7.2,0.,7.05));
#5734 = DIRECTION('',(0.,0.,-1.));
#5735 = DIRECTION('',(1.,0.,0.));
#5736 = CONICAL_SURFACE('',#5737,0.375,1.029744258677);
#5737 = AXIS2_PLACEMENT_3D('',#5738,#5739,#5740);
#5738 = CARTESIAN_POINT('',(7.2,0.,6.824677267865));
#5739 = DIRECTION('',(0.,0.,1.));
#5740 = DIRECTION('',(1.,0.,-0.));
#5741 = ADVANCED_FACE('',(#5742),#5782,.F.);
#5742 = FACE_BOUND('',#5743,.F.);
#5743 = EDGE_LOOP('',(#5744,#5745,#5760,#5769));
#5744 = ORIENTED_EDGE('',*,*,#5583,.F.);
#5745 = ORIENTED_EDGE('',*,*,#5746,.F.);
#5746 = EDGE_CURVE('',#5747,#5584,#5749,.T.);
#5747 = VERTEX_POINT('',#5748);
#5748 = CARTESIAN_POINT('',(6.95,0.916515138991,14.6));
#5749 = B_SPLINE_CURVE_WITH_KNOTS('',3,(#5750,#5751,#5752,#5753,#5754,
    #5755,#5756,#5757,#5758,#5759),.UNSPECIFIED.,.F.,.F.,(4,2,2,2,4),(
    0.57480034267,0.613086463033,0.650445810202,0.687455912231,
    0.724311894366),.UNSPECIFIED.);
#5750 = CARTESIAN_POINT('',(6.95,0.916515138991,14.6));
#5751 = CARTESIAN_POINT('',(6.95,1.044135540204,14.6));
#5752 = CARTESIAN_POINT('',(6.95,1.194504974893,14.57097819248));
#5753 = CARTESIAN_POINT('',(6.95,1.427709908204,14.475083106557));
#5754 = CARTESIAN_POINT('',(6.95,1.552293827446,14.392558078833));
#5755 = CARTESIAN_POINT('',(6.95,1.727996346526,14.217680623171));
#5756 = CARTESIAN_POINT('',(6.95,1.810537221274,14.094786496255));
#5757 = CARTESIAN_POINT('',(6.95,1.905035623814,13.867422298393));
#5758 = CARTESIAN_POINT('',(6.95,1.933907960581,13.722853273784));
#5759 = CARTESIAN_POINT('',(6.95,1.933907960581,13.6));
#5760 = ORIENTED_EDGE('',*,*,#5761,.F.);
#5761 = EDGE_CURVE('',#5762,#5747,#5764,.T.);
#5762 = VERTEX_POINT('',#5763);
#5763 = CARTESIAN_POINT('',(6.283484861009,0.25,14.6));
#5764 = CIRCLE('',#5765,0.95);
#5765 = AXIS2_PLACEMENT_3D('',#5766,#5767,#5768);
#5766 = CARTESIAN_POINT('',(7.2,0.,14.6));
#5767 = DIRECTION('',(0.,0.,-1.));
#5768 = DIRECTION('',(1.,0.,0.));
#5769 = ORIENTED_EDGE('',*,*,#5770,.F.);
#5770 = EDGE_CURVE('',#5576,#5762,#5771,.T.);
#5771 = B_SPLINE_CURVE_WITH_KNOTS('',3,(#5772,#5773,#5774,#5775,#5776,
    #5777,#5778,#5779,#5780,#5781),.UNSPECIFIED.,.F.,.F.,(4,2,2,2,4),(
    0.241437298122,0.278293280257,0.315303382286,0.352662729455,
    0.390948849819),.UNSPECIFIED.);
#5772 = CARTESIAN_POINT('',(5.266092039419,0.25,13.6));
#5773 = CARTESIAN_POINT('',(5.266092039419,0.25,13.722853273784));
#5774 = CARTESIAN_POINT('',(5.294964376186,0.25,13.867422298393));
#5775 = CARTESIAN_POINT('',(5.389462778726,0.25,14.094786496255));
#5776 = CARTESIAN_POINT('',(5.472003653474,0.25,14.217680623171));
#5777 = CARTESIAN_POINT('',(5.647706172554,0.25,14.392558078833));
#5778 = CARTESIAN_POINT('',(5.772290091796,0.25,14.475083106557));
#5779 = CARTESIAN_POINT('',(6.005495025107,0.25,14.57097819248));
#5780 = CARTESIAN_POINT('',(6.155864459796,0.25,14.6));
#5781 = CARTESIAN_POINT('',(6.283484861009,0.25,14.6));
#5782 = ( BOUNDED_SURFACE() B_SPLINE_SURFACE(2,2,(
    (#5783,#5784,#5785)
    ,(#5786,#5787,#5788)
    ,(#5789,#5790,#5791
)),.UNSPECIFIED.,.F.,.F.,.F.) B_SPLINE_SURFACE_WITH_KNOTS((3,3),(3,3),(
    0.,1.570796326795),(1.699355286836,3.013033693548),
.PIECEWISE_BEZIER_KNOTS.) GEOMETRIC_REPRESENTATION_ITEM() 
RATIONAL_B_SPLINE_SURFACE((
    (1.,0.7919262197,1.)
    ,(0.707106781187,0.559976400149,0.707106781187)
,(1.,0.7919262197,1.))) REPRESENTATION_ITEM('') SURFACE() );
#5783 = CARTESIAN_POINT('',(6.95,1.933907960581,13.6));
#5784 = CARTESIAN_POINT('',(5.458855195075,1.741144804925,13.6));
#5785 = CARTESIAN_POINT('',(5.266092039419,0.25,13.6));
#5786 = CARTESIAN_POINT('',(6.95,1.933907960581,14.6));
#5787 = CARTESIAN_POINT('',(5.458855195075,1.741144804925,14.6));
#5788 = CARTESIAN_POINT('',(5.266092039419,0.25,14.6));
#5789 = CARTESIAN_POINT('',(7.078205128205,0.942160288488,14.6));
#5790 = CARTESIAN_POINT('',(6.351749966832,0.848250033168,14.6));
#5791 = CARTESIAN_POINT('',(6.257839711512,0.121794871795,14.6));
#5792 = ADVANCED_FACE('',(#5793),#5843,.F.);
#5793 = FACE_BOUND('',#5794,.F.);
#5794 = EDGE_LOOP('',(#5795,#5806,#5821,#5830));
#5795 = ORIENTED_EDGE('',*,*,#5796,.F.);
#5796 = EDGE_CURVE('',#5797,#5799,#5801,.T.);
#5797 = VERTEX_POINT('',#5798);
#5798 = CARTESIAN_POINT('',(6.95,-0.916515138991,14.6));
#5799 = VERTEX_POINT('',#5800);
#5800 = CARTESIAN_POINT('',(6.283484861009,-0.25,14.6));
#5801 = CIRCLE('',#5802,0.95);
#5802 = AXIS2_PLACEMENT_3D('',#5803,#5804,#5805);
#5803 = CARTESIAN_POINT('',(7.2,0.,14.6));
#5804 = DIRECTION('',(0.,0.,-1.));
#5805 = DIRECTION('',(1.,0.,0.));
#5806 = ORIENTED_EDGE('',*,*,#5807,.F.);
#5807 = EDGE_CURVE('',#5808,#5797,#5810,.T.);
#5808 = VERTEX_POINT('',#5809);
#5809 = CARTESIAN_POINT('',(6.95,-1.933907960581,13.6));
#5810 = B_SPLINE_CURVE_WITH_KNOTS('',3,(#5811,#5812,#5813,#5814,#5815,
    #5816,#5817,#5818,#5819,#5820),.UNSPECIFIED.,.F.,.F.,(4,2,2,2,4),(
    0.241437298122,0.278293280257,0.315303382286,0.352662729455,
    0.390948849819),.UNSPECIFIED.);
#5811 = CARTESIAN_POINT('',(6.95,-1.933907960581,13.6));
#5812 = CARTESIAN_POINT('',(6.95,-1.933907960581,13.722853273784));
#5813 = CARTESIAN_POINT('',(6.95,-1.905035623814,13.867422298393));
#5814 = CARTESIAN_POINT('',(6.95,-1.810537221274,14.094786496255));
#5815 = CARTESIAN_POINT('',(6.95,-1.727996346526,14.217680623171));
#5816 = CARTESIAN_POINT('',(6.95,-1.552293827446,14.392558078833));
#5817 = CARTESIAN_POINT('',(6.95,-1.427709908204,14.475083106557));
#5818 = CARTESIAN_POINT('',(6.95,-1.194504974893,14.57097819248));
#5819 = CARTESIAN_POINT('',(6.95,-1.044135540204,14.6));
#5820 = CARTESIAN_POINT('',(6.95,-0.916515138991,14.6));
#5821 = ORIENTED_EDGE('',*,*,#5822,.F.);
#5822 = EDGE_CURVE('',#5823,#5808,#5825,.T.);
#5823 = VERTEX_POINT('',#5824);
#5824 = CARTESIAN_POINT('',(5.266092039419,-0.25,13.6));
#5825 = CIRCLE('',#5826,1.95);
#5826 = AXIS2_PLACEMENT_3D('',#5827,#5828,#5829);
#5827 = CARTESIAN_POINT('',(7.2,0.,13.6));
#5828 = DIRECTION('',(0.,0.,1.));
#5829 = DIRECTION('',(1.,0.,-0.));
#5830 = ORIENTED_EDGE('',*,*,#5831,.F.);
#5831 = EDGE_CURVE('',#5799,#5823,#5832,.T.);
#5832 = B_SPLINE_CURVE_WITH_KNOTS('',3,(#5833,#5834,#5835,#5836,#5837,
    #5838,#5839,#5840,#5841,#5842),.UNSPECIFIED.,.F.,.F.,(4,2,2,2,4),(
    0.57480034267,0.613086463033,0.650445810202,0.687455912231,
    0.724311894366),.UNSPECIFIED.);
#5833 = CARTESIAN_POINT('',(6.283484861009,-0.25,14.6));
#5834 = CARTESIAN_POINT('',(6.155864459796,-0.25,14.6));
#5835 = CARTESIAN_POINT('',(6.005495025107,-0.25,14.57097819248));
#5836 = CARTESIAN_POINT('',(5.772290091796,-0.25,14.475083106557));
#5837 = CARTESIAN_POINT('',(5.647706172554,-0.25,14.392558078833));
#5838 = CARTESIAN_POINT('',(5.472003653474,-0.25,14.217680623171));
#5839 = CARTESIAN_POINT('',(5.389462778726,-0.25,14.094786496255));
#5840 = CARTESIAN_POINT('',(5.294964376186,-0.25,13.867422298393));
#5841 = CARTESIAN_POINT('',(5.266092039419,-0.25,13.722853273784));
#5842 = CARTESIAN_POINT('',(5.266092039419,-0.25,13.6));
#5843 = ( BOUNDED_SURFACE() B_SPLINE_SURFACE(2,2,(
    (#5844,#5845,#5846)
    ,(#5847,#5848,#5849)
    ,(#5850,#5851,#5852
)),.UNSPECIFIED.,.F.,.F.,.F.) B_SPLINE_SURFACE_WITH_KNOTS((3,3),(3,3),(
    0.,1.570796326795),(-3.013033693548,-1.699355286836),
.PIECEWISE_BEZIER_KNOTS.) GEOMETRIC_REPRESENTATION_ITEM() 
RATIONAL_B_SPLINE_SURFACE((
    (1.,0.7919262197,1.)
    ,(0.707106781187,0.559976400149,0.707106781187)
,(1.,0.7919262197,1.))) REPRESENTATION_ITEM('') SURFACE() );
#5844 = CARTESIAN_POINT('',(5.266092039419,-0.25,13.6));
#5845 = CARTESIAN_POINT('',(5.458855195075,-1.741144804925,13.6));
#5846 = CARTESIAN_POINT('',(6.95,-1.933907960581,13.6));
#5847 = CARTESIAN_POINT('',(5.266092039419,-0.25,14.6));
#5848 = CARTESIAN_POINT('',(5.458855195075,-1.741144804925,14.6));
#5849 = CARTESIAN_POINT('',(6.95,-1.933907960581,14.6));
#5850 = CARTESIAN_POINT('',(6.257839711512,-0.121794871795,14.6));
#5851 = CARTESIAN_POINT('',(6.351749966832,-0.848250033168,14.6));
#5852 = CARTESIAN_POINT('',(7.078205128205,-0.942160288488,14.6));
#5853 = ADVANCED_FACE('',(#5854),#5904,.F.);
#5854 = FACE_BOUND('',#5855,.F.);
#5855 = EDGE_LOOP('',(#5856,#5867,#5882,#5891));
#5856 = ORIENTED_EDGE('',*,*,#5857,.F.);
#5857 = EDGE_CURVE('',#5858,#5860,#5862,.T.);
#5858 = VERTEX_POINT('',#5859);
#5859 = CARTESIAN_POINT('',(8.116515138991,-0.25,14.6));
#5860 = VERTEX_POINT('',#5861);
#5861 = CARTESIAN_POINT('',(7.45,-0.916515138991,14.6));
#5862 = CIRCLE('',#5863,0.95);
#5863 = AXIS2_PLACEMENT_3D('',#5864,#5865,#5866);
#5864 = CARTESIAN_POINT('',(7.2,0.,14.6));
#5865 = DIRECTION('',(0.,0.,-1.));
#5866 = DIRECTION('',(1.,0.,0.));
#5867 = ORIENTED_EDGE('',*,*,#5868,.F.);
#5868 = EDGE_CURVE('',#5869,#5858,#5871,.T.);
#5869 = VERTEX_POINT('',#5870);
#5870 = CARTESIAN_POINT('',(9.133907960581,-0.25,13.6));
#5871 = B_SPLINE_CURVE_WITH_KNOTS('',3,(#5872,#5873,#5874,#5875,#5876,
    #5877,#5878,#5879,#5880,#5881),.UNSPECIFIED.,.F.,.F.,(4,2,2,2,4),(
    0.241437298122,0.278293280257,0.315303382286,0.352662729455,
    0.390948849819),.UNSPECIFIED.);
#5872 = CARTESIAN_POINT('',(9.133907960581,-0.25,13.6));
#5873 = CARTESIAN_POINT('',(9.133907960581,-0.25,13.722853273784));
#5874 = CARTESIAN_POINT('',(9.105035623814,-0.25,13.867422298393));
#5875 = CARTESIAN_POINT('',(9.010537221274,-0.25,14.094786496255));
#5876 = CARTESIAN_POINT('',(8.927996346526,-0.25,14.217680623171));
#5877 = CARTESIAN_POINT('',(8.752293827446,-0.25,14.392558078833));
#5878 = CARTESIAN_POINT('',(8.627709908204,-0.25,14.475083106557));
#5879 = CARTESIAN_POINT('',(8.394504974893,-0.25,14.57097819248));
#5880 = CARTESIAN_POINT('',(8.244135540204,-0.25,14.6));
#5881 = CARTESIAN_POINT('',(8.116515138991,-0.25,14.6));
#5882 = ORIENTED_EDGE('',*,*,#5883,.F.);
#5883 = EDGE_CURVE('',#5884,#5869,#5886,.T.);
#5884 = VERTEX_POINT('',#5885);
#5885 = CARTESIAN_POINT('',(7.45,-1.933907960581,13.6));
#5886 = CIRCLE('',#5887,1.95);
#5887 = AXIS2_PLACEMENT_3D('',#5888,#5889,#5890);
#5888 = CARTESIAN_POINT('',(7.2,0.,13.6));
#5889 = DIRECTION('',(0.,0.,1.));
#5890 = DIRECTION('',(1.,0.,-0.));
#5891 = ORIENTED_EDGE('',*,*,#5892,.F.);
#5892 = EDGE_CURVE('',#5860,#5884,#5893,.T.);
#5893 = B_SPLINE_CURVE_WITH_KNOTS('',3,(#5894,#5895,#5896,#5897,#5898,
    #5899,#5900,#5901,#5902,#5903),.UNSPECIFIED.,.F.,.F.,(4,2,2,2,4),(
    0.57480034267,0.613086463033,0.650445810202,0.687455912231,
    0.724311894366),.UNSPECIFIED.);
#5894 = CARTESIAN_POINT('',(7.45,-0.916515138991,14.6));
#5895 = CARTESIAN_POINT('',(7.45,-1.044135540204,14.6));
#5896 = CARTESIAN_POINT('',(7.45,-1.194504974893,14.57097819248));
#5897 = CARTESIAN_POINT('',(7.45,-1.427709908204,14.475083106557));
#5898 = CARTESIAN_POINT('',(7.45,-1.552293827446,14.392558078833));
#5899 = CARTESIAN_POINT('',(7.45,-1.727996346526,14.217680623171));
#5900 = CARTESIAN_POINT('',(7.45,-1.810537221274,14.094786496255));
#5901 = CARTESIAN_POINT('',(7.45,-1.905035623814,13.867422298393));
#5902 = CARTESIAN_POINT('',(7.45,-1.933907960581,13.722853273784));
#5903 = CARTESIAN_POINT('',(7.45,-1.933907960581,13.6));
#5904 = ( BOUNDED_SURFACE() B_SPLINE_SURFACE(2,2,(
    (#5905,#5906,#5907)
    ,(#5908,#5909,#5910)
    ,(#5911,#5912,#5913
)),.UNSPECIFIED.,.F.,.F.,.F.) B_SPLINE_SURFACE_WITH_KNOTS((3,3),(3,3),(
    0.,1.570796326795),(-1.442237366753,-0.128558960041),
.PIECEWISE_BEZIER_KNOTS.) GEOMETRIC_REPRESENTATION_ITEM() 
RATIONAL_B_SPLINE_SURFACE((
    (1.,0.7919262197,1.)
    ,(0.707106781187,0.559976400149,0.707106781187)
,(1.,0.7919262197,1.))) REPRESENTATION_ITEM('') SURFACE() );
#5905 = CARTESIAN_POINT('',(7.45,-1.933907960581,13.6));
#5906 = CARTESIAN_POINT('',(8.941144804925,-1.741144804925,13.6));
#5907 = CARTESIAN_POINT('',(9.133907960581,-0.25,13.6));
#5908 = CARTESIAN_POINT('',(7.45,-1.933907960581,14.6));
#5909 = CARTESIAN_POINT('',(8.941144804925,-1.741144804925,14.6));
#5910 = CARTESIAN_POINT('',(9.133907960581,-0.25,14.6));
#5911 = CARTESIAN_POINT('',(7.321794871795,-0.942160288488,14.6));
#5912 = CARTESIAN_POINT('',(8.048250033168,-0.848250033168,14.6));
#5913 = CARTESIAN_POINT('',(8.142160288488,-0.121794871795,14.6));
#5914 = ADVANCED_FACE('',(#5915),#5965,.F.);
#5915 = FACE_BOUND('',#5916,.F.);
#5916 = EDGE_LOOP('',(#5917,#5928,#5943,#5952));
#5917 = ORIENTED_EDGE('',*,*,#5918,.F.);
#5918 = EDGE_CURVE('',#5919,#5921,#5923,.T.);
#5919 = VERTEX_POINT('',#5920);
#5920 = CARTESIAN_POINT('',(7.45,0.916515138991,14.6));
#5921 = VERTEX_POINT('',#5922);
#5922 = CARTESIAN_POINT('',(8.116515138991,0.25,14.6));
#5923 = CIRCLE('',#5924,0.95);
#5924 = AXIS2_PLACEMENT_3D('',#5925,#5926,#5927);
#5925 = CARTESIAN_POINT('',(7.2,0.,14.6));
#5926 = DIRECTION('',(0.,0.,-1.));
#5927 = DIRECTION('',(1.,0.,0.));
#5928 = ORIENTED_EDGE('',*,*,#5929,.F.);
#5929 = EDGE_CURVE('',#5930,#5919,#5932,.T.);
#5930 = VERTEX_POINT('',#5931);
#5931 = CARTESIAN_POINT('',(7.45,1.933907960581,13.6));
#5932 = B_SPLINE_CURVE_WITH_KNOTS('',3,(#5933,#5934,#5935,#5936,#5937,
    #5938,#5939,#5940,#5941,#5942),.UNSPECIFIED.,.F.,.F.,(4,2,2,2,4),(
    0.241437298122,0.278293280257,0.315303382286,0.352662729455,
    0.390948849819),.UNSPECIFIED.);
#5933 = CARTESIAN_POINT('',(7.45,1.933907960581,13.6));
#5934 = CARTESIAN_POINT('',(7.45,1.933907960581,13.722853273784));
#5935 = CARTESIAN_POINT('',(7.45,1.905035623814,13.867422298393));
#5936 = CARTESIAN_POINT('',(7.45,1.810537221274,14.094786496255));
#5937 = CARTESIAN_POINT('',(7.45,1.727996346526,14.217680623171));
#5938 = CARTESIAN_POINT('',(7.45,1.552293827446,14.392558078833));
#5939 = CARTESIAN_POINT('',(7.45,1.427709908204,14.475083106557));
#5940 = CARTESIAN_POINT('',(7.45,1.194504974893,14.57097819248));
#5941 = CARTESIAN_POINT('',(7.45,1.044135540204,14.6));
#5942 = CARTESIAN_POINT('',(7.45,0.916515138991,14.6));
#5943 = ORIENTED_EDGE('',*,*,#5944,.F.);
#5944 = EDGE_CURVE('',#5945,#5930,#5947,.T.);
#5945 = VERTEX_POINT('',#5946);
#5946 = CARTESIAN_POINT('',(9.133907960581,0.25,13.6));
#5947 = CIRCLE('',#5948,1.95);
#5948 = AXIS2_PLACEMENT_3D('',#5949,#5950,#5951);
#5949 = CARTESIAN_POINT('',(7.2,0.,13.6));
#5950 = DIRECTION('',(0.,0.,1.));
#5951 = DIRECTION('',(1.,0.,-0.));
#5952 = ORIENTED_EDGE('',*,*,#5953,.F.);
#5953 = EDGE_CURVE('',#5921,#5945,#5954,.T.);
#5954 = B_SPLINE_CURVE_WITH_KNOTS('',3,(#5955,#5956,#5957,#5958,#5959,
    #5960,#5961,#5962,#5963,#5964),.UNSPECIFIED.,.F.,.F.,(4,2,2,2,4),(
    0.57480034267,0.613086463033,0.650445810202,0.687455912231,
    0.724311894366),.UNSPECIFIED.);
#5955 = CARTESIAN_POINT('',(8.116515138991,0.25,14.6));
#5956 = CARTESIAN_POINT('',(8.244135540204,0.25,14.6));
#5957 = CARTESIAN_POINT('',(8.394504974893,0.25,14.57097819248));
#5958 = CARTESIAN_POINT('',(8.627709908204,0.25,14.475083106557));
#5959 = CARTESIAN_POINT('',(8.752293827446,0.25,14.392558078833));
#5960 = CARTESIAN_POINT('',(8.927996346526,0.25,14.217680623171));
#5961 = CARTESIAN_POINT('',(9.010537221274,0.25,14.094786496255));
#5962 = CARTESIAN_POINT('',(9.105035623814,0.25,13.867422298393));
#5963 = CARTESIAN_POINT('',(9.133907960581,0.25,13.722853273784));
#5964 = CARTESIAN_POINT('',(9.133907960581,0.25,13.6));
#5965 = ( BOUNDED_SURFACE() B_SPLINE_SURFACE(2,2,(
    (#5966,#5967,#5968)
    ,(#5969,#5970,#5971)
    ,(#5972,#5973,#5974
)),.UNSPECIFIED.,.F.,.F.,.F.) B_SPLINE_SURFACE_WITH_KNOTS((3,3),(3,3),(
    0.,1.570796326795),(0.128558960041,1.442237366753),
.PIECEWISE_BEZIER_KNOTS.) GEOMETRIC_REPRESENTATION_ITEM() 
RATIONAL_B_SPLINE_SURFACE((
    (1.,0.7919262197,1.)
    ,(0.707106781187,0.559976400149,0.707106781187)
,(1.,0.7919262197,1.))) REPRESENTATION_ITEM('') SURFACE() );
#5966 = CARTESIAN_POINT('',(9.133907960581,0.25,13.6));
#5967 = CARTESIAN_POINT('',(8.941144804925,1.741144804925,13.6));
#5968 = CARTESIAN_POINT('',(7.45,1.933907960581,13.6));
#5969 = CARTESIAN_POINT('',(9.133907960581,0.25,14.6));
#5970 = CARTESIAN_POINT('',(8.941144804925,1.741144804925,14.6));
#5971 = CARTESIAN_POINT('',(7.45,1.933907960581,14.6));
#5972 = CARTESIAN_POINT('',(8.142160288488,0.121794871795,14.6));
#5973 = CARTESIAN_POINT('',(8.048250033168,0.848250033168,14.6));
#5974 = CARTESIAN_POINT('',(7.321794871795,0.942160288488,14.6));
#5975 = ADVANCED_FACE('',(#5976),#6002,.T.);
#5976 = FACE_BOUND('',#5977,.T.);
#5977 = EDGE_LOOP('',(#5978,#5986,#5995,#6001));
#5978 = ORIENTED_EDGE('',*,*,#5979,.T.);
#5979 = EDGE_CURVE('',#5823,#5980,#5982,.T.);
#5980 = VERTEX_POINT('',#5981);
#5981 = CARTESIAN_POINT('',(5.266092039419,-0.25,7.05));
#5982 = LINE('',#5983,#5984);
#5983 = CARTESIAN_POINT('',(5.266092039419,-0.25,7.05));
#5984 = VECTOR('',#5985,1.);
#5985 = DIRECTION('',(0.,0.,-1.));
#5986 = ORIENTED_EDGE('',*,*,#5987,.F.);
#5987 = EDGE_CURVE('',#5988,#5980,#5990,.T.);
#5988 = VERTEX_POINT('',#5989);
#5989 = CARTESIAN_POINT('',(6.95,-1.933907960581,7.05));
#5990 = CIRCLE('',#5991,1.95);
#5991 = AXIS2_PLACEMENT_3D('',#5992,#5993,#5994);
#5992 = CARTESIAN_POINT('',(7.2,0.,7.05));
#5993 = DIRECTION('',(0.,0.,-1.));
#5994 = DIRECTION('',(1.,0.,0.));
#5995 = ORIENTED_EDGE('',*,*,#5996,.T.);
#5996 = EDGE_CURVE('',#5988,#5808,#5997,.T.);
#5997 = LINE('',#5998,#5999);
#5998 = CARTESIAN_POINT('',(6.95,-1.933907960581,7.05));
#5999 = VECTOR('',#6000,1.);
#6000 = DIRECTION('',(0.,0.,1.));
#6001 = ORIENTED_EDGE('',*,*,#5822,.F.);
#6002 = CYLINDRICAL_SURFACE('',#6003,1.95);
#6003 = AXIS2_PLACEMENT_3D('',#6004,#6005,#6006);
#6004 = CARTESIAN_POINT('',(7.2,0.,7.05));
#6005 = DIRECTION('',(0.,0.,1.));
#6006 = DIRECTION('',(1.,0.,-0.));
#6007 = ADVANCED_FACE('',(#6008),#6034,.T.);
#6008 = FACE_BOUND('',#6009,.T.);
#6009 = EDGE_LOOP('',(#6010,#6018,#6027,#6033));
#6010 = ORIENTED_EDGE('',*,*,#6011,.T.);
#6011 = EDGE_CURVE('',#5884,#6012,#6014,.T.);
#6012 = VERTEX_POINT('',#6013);
#6013 = CARTESIAN_POINT('',(7.45,-1.933907960581,7.05));
#6014 = LINE('',#6015,#6016);
#6015 = CARTESIAN_POINT('',(7.45,-1.933907960581,7.05));
#6016 = VECTOR('',#6017,1.);
#6017 = DIRECTION('',(0.,0.,-1.));
#6018 = ORIENTED_EDGE('',*,*,#6019,.F.);
#6019 = EDGE_CURVE('',#6020,#6012,#6022,.T.);
#6020 = VERTEX_POINT('',#6021);
#6021 = CARTESIAN_POINT('',(9.133907960581,-0.25,7.05));
#6022 = CIRCLE('',#6023,1.95);
#6023 = AXIS2_PLACEMENT_3D('',#6024,#6025,#6026);
#6024 = CARTESIAN_POINT('',(7.2,0.,7.05));
#6025 = DIRECTION('',(0.,0.,-1.));
#6026 = DIRECTION('',(1.,0.,0.));
#6027 = ORIENTED_EDGE('',*,*,#6028,.T.);
#6028 = EDGE_CURVE('',#6020,#5869,#6029,.T.);
#6029 = LINE('',#6030,#6031);
#6030 = CARTESIAN_POINT('',(9.133907960581,-0.25,7.05));
#6031 = VECTOR('',#6032,1.);
#6032 = DIRECTION('',(0.,0.,1.));
#6033 = ORIENTED_EDGE('',*,*,#5883,.F.);
#6034 = CYLINDRICAL_SURFACE('',#6035,1.95);
#6035 = AXIS2_PLACEMENT_3D('',#6036,#6037,#6038);
#6036 = CARTESIAN_POINT('',(7.2,0.,7.05));
#6037 = DIRECTION('',(0.,0.,1.));
#6038 = DIRECTION('',(1.,0.,-0.));
#6039 = ADVANCED_FACE('',(#6040),#6066,.T.);
#6040 = FACE_BOUND('',#6041,.T.);
#6041 = EDGE_LOOP('',(#6042,#6050,#6059,#6065));
#6042 = ORIENTED_EDGE('',*,*,#6043,.T.);
#6043 = EDGE_CURVE('',#5945,#6044,#6046,.T.);
#6044 = VERTEX_POINT('',#6045);
#6045 = CARTESIAN_POINT('',(9.133907960581,0.25,7.05));
#6046 = LINE('',#6047,#6048);
#6047 = CARTESIAN_POINT('',(9.133907960581,0.25,7.05));
#6048 = VECTOR('',#6049,1.);
#6049 = DIRECTION('',(0.,0.,-1.));
#6050 = ORIENTED_EDGE('',*,*,#6051,.F.);
#6051 = EDGE_CURVE('',#6052,#6044,#6054,.T.);
#6052 = VERTEX_POINT('',#6053);
#6053 = CARTESIAN_POINT('',(7.45,1.933907960581,7.05));
#6054 = CIRCLE('',#6055,1.95);
#6055 = AXIS2_PLACEMENT_3D('',#6056,#6057,#6058);
#6056 = CARTESIAN_POINT('',(7.2,0.,7.05));
#6057 = DIRECTION('',(0.,0.,-1.));
#6058 = DIRECTION('',(1.,0.,0.));
#6059 = ORIENTED_EDGE('',*,*,#6060,.T.);
#6060 = EDGE_CURVE('',#6052,#5930,#6061,.T.);
#6061 = LINE('',#6062,#6063);
#6062 = CARTESIAN_POINT('',(7.45,1.933907960581,7.05));
#6063 = VECTOR('',#6064,1.);
#6064 = DIRECTION('',(0.,0.,1.));
#6065 = ORIENTED_EDGE('',*,*,#5944,.F.);
#6066 = CYLINDRICAL_SURFACE('',#6067,1.95);
#6067 = AXIS2_PLACEMENT_3D('',#6068,#6069,#6070);
#6068 = CARTESIAN_POINT('',(7.2,0.,7.05));
#6069 = DIRECTION('',(0.,0.,1.));
#6070 = DIRECTION('',(1.,0.,-0.));
#6071 = ADVANCED_FACE('',(#6072,#6092),#6151,.T.);
#6072 = FACE_BOUND('',#6073,.T.);
#6073 = EDGE_LOOP('',(#6074,#6085));
#6074 = ORIENTED_EDGE('',*,*,#6075,.T.);
#6075 = EDGE_CURVE('',#6076,#6078,#6080,.T.);
#6076 = VERTEX_POINT('',#6077);
#6077 = CARTESIAN_POINT('',(5.05,-2.632990618167E-16,7.05));
#6078 = VERTEX_POINT('',#6079);
#6079 = CARTESIAN_POINT('',(9.35,-2.632990618167E-16,7.05));
#6080 = CIRCLE('',#6081,2.15);
#6081 = AXIS2_PLACEMENT_3D('',#6082,#6083,#6084);
#6082 = CARTESIAN_POINT('',(7.2,0.,7.05));
#6083 = DIRECTION('',(0.,0.,1.));
#6084 = DIRECTION('',(1.,0.,-0.));
#6085 = ORIENTED_EDGE('',*,*,#6086,.T.);
#6086 = EDGE_CURVE('',#6078,#6076,#6087,.T.);
#6087 = CIRCLE('',#6088,2.15);
#6088 = AXIS2_PLACEMENT_3D('',#6089,#6090,#6091);
#6089 = CARTESIAN_POINT('',(7.2,0.,7.05));
#6090 = DIRECTION('',(0.,0.,1.));
#6091 = DIRECTION('',(1.,0.,-0.));
#6092 = FACE_BOUND('',#6093,.T.);
#6093 = EDGE_LOOP('',(#6094,#6095,#6101,#6102,#6108,#6109,#6115,#6116,
    #6122,#6123,#6129,#6130,#6136,#6137,#6143,#6144,#6145));
#6094 = ORIENTED_EDGE('',*,*,#5600,.T.);
#6095 = ORIENTED_EDGE('',*,*,#6096,.F.);
#6096 = EDGE_CURVE('',#5627,#5593,#6097,.T.);
#6097 = LINE('',#6098,#6099);
#6098 = CARTESIAN_POINT('',(6.95,2.147196634859,7.05));
#6099 = VECTOR('',#6100,1.);
#6100 = DIRECTION('',(0.,1.,0.));
#6101 = ORIENTED_EDGE('',*,*,#5712,.T.);
#6102 = ORIENTED_EDGE('',*,*,#6103,.F.);
#6103 = EDGE_CURVE('',#6052,#5713,#6104,.T.);
#6104 = LINE('',#6105,#6106);
#6105 = CARTESIAN_POINT('',(7.45,-2.147196634859,7.05));
#6106 = VECTOR('',#6107,1.);
#6107 = DIRECTION('',(0.,-1.,0.));
#6108 = ORIENTED_EDGE('',*,*,#6051,.T.);
#6109 = ORIENTED_EDGE('',*,*,#6110,.F.);
#6110 = EDGE_CURVE('',#5722,#6044,#6111,.T.);
#6111 = LINE('',#6112,#6113);
#6112 = CARTESIAN_POINT('',(4.900000212342,0.25,7.05));
#6113 = VECTOR('',#6114,1.);
#6114 = DIRECTION('',(1.,0.,0.));
#6115 = ORIENTED_EDGE('',*,*,#5730,.T.);
#6116 = ORIENTED_EDGE('',*,*,#6117,.F.);
#6117 = EDGE_CURVE('',#6020,#5658,#6118,.T.);
#6118 = LINE('',#6119,#6120);
#6119 = CARTESIAN_POINT('',(9.499999787658,-0.25,7.05));
#6120 = VECTOR('',#6121,1.);
#6121 = DIRECTION('',(-1.,0.,0.));
#6122 = ORIENTED_EDGE('',*,*,#6019,.T.);
#6123 = ORIENTED_EDGE('',*,*,#6124,.F.);
#6124 = EDGE_CURVE('',#5660,#6012,#6125,.T.);
#6125 = LINE('',#6126,#6127);
#6126 = CARTESIAN_POINT('',(7.45,-2.147196634859,7.05));
#6127 = VECTOR('',#6128,1.);
#6128 = DIRECTION('',(0.,-1.,0.));
#6129 = ORIENTED_EDGE('',*,*,#5668,.T.);
#6130 = ORIENTED_EDGE('',*,*,#6131,.F.);
#6131 = EDGE_CURVE('',#5988,#5669,#6132,.T.);
#6132 = LINE('',#6133,#6134);
#6133 = CARTESIAN_POINT('',(6.95,2.147196634859,7.05));
#6134 = VECTOR('',#6135,1.);
#6135 = DIRECTION('',(0.,1.,0.));
#6136 = ORIENTED_EDGE('',*,*,#5987,.T.);
#6137 = ORIENTED_EDGE('',*,*,#6138,.F.);
#6138 = EDGE_CURVE('',#5678,#5980,#6139,.T.);
#6139 = LINE('',#6140,#6141);
#6140 = CARTESIAN_POINT('',(9.499999787658,-0.25,7.05));
#6141 = VECTOR('',#6142,1.);
#6142 = DIRECTION('',(-1.,0.,0.));
#6143 = ORIENTED_EDGE('',*,*,#5686,.T.);
#6144 = ORIENTED_EDGE('',*,*,#5704,.T.);
#6145 = ORIENTED_EDGE('',*,*,#6146,.F.);
#6146 = EDGE_CURVE('',#5574,#5635,#6147,.T.);
#6147 = LINE('',#6148,#6149);
#6148 = CARTESIAN_POINT('',(4.900000212342,0.25,7.05));
#6149 = VECTOR('',#6150,1.);
#6150 = DIRECTION('',(1.,0.,0.));
#6151 = PLANE('',#6152);
#6152 = AXIS2_PLACEMENT_3D('',#6153,#6154,#6155);
#6153 = CARTESIAN_POINT('',(7.2,0.,7.05));
#6154 = DIRECTION('',(0.,0.,1.));
#6155 = DIRECTION('',(1.,0.,-0.));
#6156 = ADVANCED_FACE('',(#6157),#6173,.T.);
#6157 = FACE_BOUND('',#6158,.T.);
#6158 = EDGE_LOOP('',(#6159,#6165,#6166,#6172));
#6159 = ORIENTED_EDGE('',*,*,#6160,.T.);
#6160 = EDGE_CURVE('',#5762,#5616,#6161,.T.);
#6161 = LINE('',#6162,#6163);
#6162 = CARTESIAN_POINT('',(6.050000106171,0.25,14.6));
#6163 = VECTOR('',#6164,1.);
#6164 = DIRECTION('',(1.,0.,0.));
#6165 = ORIENTED_EDGE('',*,*,#5615,.T.);
#6166 = ORIENTED_EDGE('',*,*,#6167,.T.);
#6167 = EDGE_CURVE('',#5618,#5747,#6168,.T.);
#6168 = LINE('',#6169,#6170);
#6169 = CARTESIAN_POINT('',(6.95,0.125,14.6));
#6170 = VECTOR('',#6171,1.);
#6171 = DIRECTION('',(0.,1.,0.));
#6172 = ORIENTED_EDGE('',*,*,#5761,.F.);
#6173 = PLANE('',#6174);
#6174 = AXIS2_PLACEMENT_3D('',#6175,#6176,#6177);
#6175 = CARTESIAN_POINT('',(7.2,0.,14.6));
#6176 = DIRECTION('',(0.,0.,1.));
#6177 = DIRECTION('',(1.,0.,-0.));
#6178 = ADVANCED_FACE('',(#6179),#6205,.T.);
#6179 = FACE_BOUND('',#6180,.T.);
#6180 = EDGE_LOOP('',(#6181,#6189,#6190,#6198));
#6181 = ORIENTED_EDGE('',*,*,#6182,.T.);
#6182 = EDGE_CURVE('',#6183,#5799,#6185,.T.);
#6183 = VERTEX_POINT('',#6184);
#6184 = CARTESIAN_POINT('',(6.492893218813,-0.25,14.6));
#6185 = LINE('',#6186,#6187);
#6186 = CARTESIAN_POINT('',(7.075,-0.25,14.6));
#6187 = VECTOR('',#6188,1.);
#6188 = DIRECTION('',(-1.,0.,0.));
#6189 = ORIENTED_EDGE('',*,*,#5796,.F.);
#6190 = ORIENTED_EDGE('',*,*,#6191,.T.);
#6191 = EDGE_CURVE('',#5797,#6192,#6194,.T.);
#6192 = VERTEX_POINT('',#6193);
#6193 = CARTESIAN_POINT('',(6.95,-0.707106781187,14.6));
#6194 = LINE('',#6195,#6196);
#6195 = CARTESIAN_POINT('',(6.95,-1.073598317429,14.6));
#6196 = VECTOR('',#6197,1.);
#6197 = DIRECTION('',(0.,1.,0.));
#6198 = ORIENTED_EDGE('',*,*,#6199,.T.);
#6199 = EDGE_CURVE('',#6192,#6183,#6200,.T.);
#6200 = CIRCLE('',#6201,0.75);
#6201 = AXIS2_PLACEMENT_3D('',#6202,#6203,#6204);
#6202 = CARTESIAN_POINT('',(7.2,0.,14.6));
#6203 = DIRECTION('',(0.,0.,-1.));
#6204 = DIRECTION('',(1.,0.,0.));
#6205 = PLANE('',#6206);
#6206 = AXIS2_PLACEMENT_3D('',#6207,#6208,#6209);
#6207 = CARTESIAN_POINT('',(7.2,0.,14.6));
#6208 = DIRECTION('',(0.,0.,1.));
#6209 = DIRECTION('',(1.,0.,-0.));
#6210 = ADVANCED_FACE('',(#6211),#6237,.T.);
#6211 = FACE_BOUND('',#6212,.T.);
#6212 = EDGE_LOOP('',(#6213,#6221,#6222,#6230));
#6213 = ORIENTED_EDGE('',*,*,#6214,.T.);
#6214 = EDGE_CURVE('',#6215,#5860,#6217,.T.);
#6215 = VERTEX_POINT('',#6216);
#6216 = CARTESIAN_POINT('',(7.45,-0.707106781187,14.6));
#6217 = LINE('',#6218,#6219);
#6218 = CARTESIAN_POINT('',(7.45,-0.125,14.6));
#6219 = VECTOR('',#6220,1.);
#6220 = DIRECTION('',(0.,-1.,0.));
#6221 = ORIENTED_EDGE('',*,*,#5857,.F.);
#6222 = ORIENTED_EDGE('',*,*,#6223,.T.);
#6223 = EDGE_CURVE('',#5858,#6224,#6226,.T.);
#6224 = VERTEX_POINT('',#6225);
#6225 = CARTESIAN_POINT('',(7.907106781187,-0.25,14.6));
#6226 = LINE('',#6227,#6228);
#6227 = CARTESIAN_POINT('',(8.349999893829,-0.25,14.6));
#6228 = VECTOR('',#6229,1.);
#6229 = DIRECTION('',(-1.,0.,0.));
#6230 = ORIENTED_EDGE('',*,*,#6231,.T.);
#6231 = EDGE_CURVE('',#6224,#6215,#6232,.T.);
#6232 = CIRCLE('',#6233,0.75);
#6233 = AXIS2_PLACEMENT_3D('',#6234,#6235,#6236);
#6234 = CARTESIAN_POINT('',(7.2,0.,14.6));
#6235 = DIRECTION('',(0.,0.,-1.));
#6236 = DIRECTION('',(1.,0.,0.));
#6237 = PLANE('',#6238);
#6238 = AXIS2_PLACEMENT_3D('',#6239,#6240,#6241);
#6239 = CARTESIAN_POINT('',(7.2,0.,14.6));
#6240 = DIRECTION('',(0.,0.,1.));
#6241 = DIRECTION('',(1.,0.,-0.));
#6242 = ADVANCED_FACE('',(#6243),#6269,.T.);
#6243 = FACE_BOUND('',#6244,.T.);
#6244 = EDGE_LOOP('',(#6245,#6253,#6254,#6262));
#6245 = ORIENTED_EDGE('',*,*,#6246,.T.);
#6246 = EDGE_CURVE('',#6247,#5921,#6249,.T.);
#6247 = VERTEX_POINT('',#6248);
#6248 = CARTESIAN_POINT('',(7.907106781187,0.25,14.6));
#6249 = LINE('',#6250,#6251);
#6250 = CARTESIAN_POINT('',(7.325,0.25,14.6));
#6251 = VECTOR('',#6252,1.);
#6252 = DIRECTION('',(1.,0.,0.));
#6253 = ORIENTED_EDGE('',*,*,#5918,.F.);
#6254 = ORIENTED_EDGE('',*,*,#6255,.T.);
#6255 = EDGE_CURVE('',#5919,#6256,#6258,.T.);
#6256 = VERTEX_POINT('',#6257);
#6257 = CARTESIAN_POINT('',(7.45,0.707106781187,14.6));
#6258 = LINE('',#6259,#6260);
#6259 = CARTESIAN_POINT('',(7.45,1.073598317429,14.6));
#6260 = VECTOR('',#6261,1.);
#6261 = DIRECTION('',(0.,-1.,0.));
#6262 = ORIENTED_EDGE('',*,*,#6263,.T.);
#6263 = EDGE_CURVE('',#6256,#6247,#6264,.T.);
#6264 = CIRCLE('',#6265,0.75);
#6265 = AXIS2_PLACEMENT_3D('',#6266,#6267,#6268);
#6266 = CARTESIAN_POINT('',(7.2,0.,14.6));
#6267 = DIRECTION('',(0.,0.,-1.));
#6268 = DIRECTION('',(1.,0.,0.));
#6269 = PLANE('',#6270);
#6270 = AXIS2_PLACEMENT_3D('',#6271,#6272,#6273);
#6271 = CARTESIAN_POINT('',(7.2,0.,14.6));
#6272 = DIRECTION('',(0.,0.,1.));
#6273 = DIRECTION('',(1.,0.,-0.));
#6274 = ADVANCED_FACE('',(#6275),#6291,.F.);
#6275 = FACE_BOUND('',#6276,.F.);
#6276 = EDGE_LOOP('',(#6277,#6278,#6284,#6285));
#6277 = ORIENTED_EDGE('',*,*,#5677,.F.);
#6278 = ORIENTED_EDGE('',*,*,#6279,.F.);
#6279 = EDGE_CURVE('',#6192,#5669,#6280,.T.);
#6280 = LINE('',#6281,#6282);
#6281 = CARTESIAN_POINT('',(6.95,-0.707106781187,10.825));
#6282 = VECTOR('',#6283,1.);
#6283 = DIRECTION('',(0.,0.,-1.));
#6284 = ORIENTED_EDGE('',*,*,#6199,.T.);
#6285 = ORIENTED_EDGE('',*,*,#6286,.F.);
#6286 = EDGE_CURVE('',#5678,#6183,#6287,.T.);
#6287 = LINE('',#6288,#6289);
#6288 = CARTESIAN_POINT('',(6.492893218813,-0.25,10.825));
#6289 = VECTOR('',#6290,1.);
#6290 = DIRECTION('',(0.,0.,1.));
#6291 = CYLINDRICAL_SURFACE('',#6292,0.75);
#6292 = AXIS2_PLACEMENT_3D('',#6293,#6294,#6295);
#6293 = CARTESIAN_POINT('',(7.2,0.,10.825));
#6294 = DIRECTION('',(0.,0.,-1.));
#6295 = DIRECTION('',(1.,0.,0.));
#6296 = ADVANCED_FACE('',(#6297),#6313,.F.);
#6297 = FACE_BOUND('',#6298,.F.);
#6298 = EDGE_LOOP('',(#6299,#6300,#6306,#6307));
#6299 = ORIENTED_EDGE('',*,*,#5657,.F.);
#6300 = ORIENTED_EDGE('',*,*,#6301,.F.);
#6301 = EDGE_CURVE('',#6224,#5658,#6302,.T.);
#6302 = LINE('',#6303,#6304);
#6303 = CARTESIAN_POINT('',(7.907106781187,-0.25,10.825));
#6304 = VECTOR('',#6305,1.);
#6305 = DIRECTION('',(0.,0.,-1.));
#6306 = ORIENTED_EDGE('',*,*,#6231,.T.);
#6307 = ORIENTED_EDGE('',*,*,#6308,.F.);
#6308 = EDGE_CURVE('',#5660,#6215,#6309,.T.);
#6309 = LINE('',#6310,#6311);
#6310 = CARTESIAN_POINT('',(7.45,-0.707106781187,10.825));
#6311 = VECTOR('',#6312,1.);
#6312 = DIRECTION('',(0.,0.,1.));
#6313 = CYLINDRICAL_SURFACE('',#6314,0.75);
#6314 = AXIS2_PLACEMENT_3D('',#6315,#6316,#6317);
#6315 = CARTESIAN_POINT('',(7.2,0.,10.825));
#6316 = DIRECTION('',(0.,0.,-1.));
#6317 = DIRECTION('',(1.,0.,0.));
#6318 = ADVANCED_FACE('',(#6319),#6335,.F.);
#6319 = FACE_BOUND('',#6320,.F.);
#6320 = EDGE_LOOP('',(#6321,#6322,#6328,#6329));
#6321 = ORIENTED_EDGE('',*,*,#5721,.F.);
#6322 = ORIENTED_EDGE('',*,*,#6323,.F.);
#6323 = EDGE_CURVE('',#6256,#5713,#6324,.T.);
#6324 = LINE('',#6325,#6326);
#6325 = CARTESIAN_POINT('',(7.45,0.707106781187,10.825));
#6326 = VECTOR('',#6327,1.);
#6327 = DIRECTION('',(0.,0.,-1.));
#6328 = ORIENTED_EDGE('',*,*,#6263,.T.);
#6329 = ORIENTED_EDGE('',*,*,#6330,.F.);
#6330 = EDGE_CURVE('',#5722,#6247,#6331,.T.);
#6331 = LINE('',#6332,#6333);
#6332 = CARTESIAN_POINT('',(7.907106781187,0.25,10.825));
#6333 = VECTOR('',#6334,1.);
#6334 = DIRECTION('',(0.,0.,1.));
#6335 = CYLINDRICAL_SURFACE('',#6336,0.75);
#6336 = AXIS2_PLACEMENT_3D('',#6337,#6338,#6339);
#6337 = CARTESIAN_POINT('',(7.2,0.,10.825));
#6338 = DIRECTION('',(0.,0.,-1.));
#6339 = DIRECTION('',(1.,0.,0.));
#6340 = ADVANCED_FACE('',(#6341),#6348,.F.);
#6341 = FACE_BOUND('',#6342,.T.);
#6342 = EDGE_LOOP('',(#6343,#6344,#6345,#6346,#6347));
#6343 = ORIENTED_EDGE('',*,*,#6323,.F.);
#6344 = ORIENTED_EDGE('',*,*,#6255,.F.);
#6345 = ORIENTED_EDGE('',*,*,#5929,.F.);
#6346 = ORIENTED_EDGE('',*,*,#6060,.F.);
#6347 = ORIENTED_EDGE('',*,*,#6103,.T.);
#6348 = PLANE('',#6349);
#6349 = AXIS2_PLACEMENT_3D('',#6350,#6351,#6352);
#6350 = CARTESIAN_POINT('',(7.45,2.147196634859,14.6));
#6351 = DIRECTION('',(1.,0.,0.));
#6352 = DIRECTION('',(0.,-1.,0.));
#6353 = ADVANCED_FACE('',(#6354),#6361,.F.);
#6354 = FACE_BOUND('',#6355,.T.);
#6355 = EDGE_LOOP('',(#6356,#6357,#6358,#6359,#6360));
#6356 = ORIENTED_EDGE('',*,*,#6301,.F.);
#6357 = ORIENTED_EDGE('',*,*,#6223,.F.);
#6358 = ORIENTED_EDGE('',*,*,#5868,.F.);
#6359 = ORIENTED_EDGE('',*,*,#6028,.F.);
#6360 = ORIENTED_EDGE('',*,*,#6117,.T.);
#6361 = PLANE('',#6362);
#6362 = AXIS2_PLACEMENT_3D('',#6363,#6364,#6365);
#6363 = CARTESIAN_POINT('',(9.499999787658,-0.25,14.6));
#6364 = DIRECTION('',(0.,-1.,0.));
#6365 = DIRECTION('',(-1.,0.,0.));
#6366 = ADVANCED_FACE('',(#6367),#6374,.F.);
#6367 = FACE_BOUND('',#6368,.T.);
#6368 = EDGE_LOOP('',(#6369,#6370,#6371,#6372,#6373));
#6369 = ORIENTED_EDGE('',*,*,#6279,.F.);
#6370 = ORIENTED_EDGE('',*,*,#6191,.F.);
#6371 = ORIENTED_EDGE('',*,*,#5807,.F.);
#6372 = ORIENTED_EDGE('',*,*,#5996,.F.);
#6373 = ORIENTED_EDGE('',*,*,#6131,.T.);
#6374 = PLANE('',#6375);
#6375 = AXIS2_PLACEMENT_3D('',#6376,#6377,#6378);
#6376 = CARTESIAN_POINT('',(6.95,-2.147196634859,14.6));
#6377 = DIRECTION('',(-1.,0.,0.));
#6378 = DIRECTION('',(0.,1.,0.));
#6379 = ADVANCED_FACE('',(#6380),#6387,.F.);
#6380 = FACE_BOUND('',#6381,.T.);
#6381 = EDGE_LOOP('',(#6382,#6383,#6384,#6385,#6386));
#6382 = ORIENTED_EDGE('',*,*,#5626,.F.);
#6383 = ORIENTED_EDGE('',*,*,#6096,.T.);
#6384 = ORIENTED_EDGE('',*,*,#5592,.F.);
#6385 = ORIENTED_EDGE('',*,*,#5746,.F.);
#6386 = ORIENTED_EDGE('',*,*,#6167,.F.);
#6387 = PLANE('',#6388);
#6388 = AXIS2_PLACEMENT_3D('',#6389,#6390,#6391);
#6389 = CARTESIAN_POINT('',(6.95,0.25,14.6));
#6390 = DIRECTION('',(-1.,0.,0.));
#6391 = DIRECTION('',(0.,1.,0.));
#6392 = ADVANCED_FACE('',(#6393),#6400,.F.);
#6393 = FACE_BOUND('',#6394,.T.);
#6394 = EDGE_LOOP('',(#6395,#6396,#6397,#6398,#6399));
#6395 = ORIENTED_EDGE('',*,*,#6330,.F.);
#6396 = ORIENTED_EDGE('',*,*,#6110,.T.);
#6397 = ORIENTED_EDGE('',*,*,#6043,.F.);
#6398 = ORIENTED_EDGE('',*,*,#5953,.F.);
#6399 = ORIENTED_EDGE('',*,*,#6246,.F.);
#6400 = PLANE('',#6401);
#6401 = AXIS2_PLACEMENT_3D('',#6402,#6403,#6404);
#6402 = CARTESIAN_POINT('',(7.45,0.25,14.6));
#6403 = DIRECTION('',(0.,1.,0.));
#6404 = DIRECTION('',(1.,0.,0.));
#6405 = ADVANCED_FACE('',(#6406),#6413,.F.);
#6406 = FACE_BOUND('',#6407,.T.);
#6407 = EDGE_LOOP('',(#6408,#6409,#6410,#6411,#6412));
#6408 = ORIENTED_EDGE('',*,*,#6308,.F.);
#6409 = ORIENTED_EDGE('',*,*,#6124,.T.);
#6410 = ORIENTED_EDGE('',*,*,#6011,.F.);
#6411 = ORIENTED_EDGE('',*,*,#5892,.F.);
#6412 = ORIENTED_EDGE('',*,*,#6214,.F.);
#6413 = PLANE('',#6414);
#6414 = AXIS2_PLACEMENT_3D('',#6415,#6416,#6417);
#6415 = CARTESIAN_POINT('',(7.45,-0.25,14.6));
#6416 = DIRECTION('',(1.,0.,0.));
#6417 = DIRECTION('',(0.,-1.,0.));
#6418 = ADVANCED_FACE('',(#6419),#6426,.F.);
#6419 = FACE_BOUND('',#6420,.T.);
#6420 = EDGE_LOOP('',(#6421,#6422,#6423,#6424,#6425));
#6421 = ORIENTED_EDGE('',*,*,#6286,.F.);
#6422 = ORIENTED_EDGE('',*,*,#6138,.T.);
#6423 = ORIENTED_EDGE('',*,*,#5979,.F.);
#6424 = ORIENTED_EDGE('',*,*,#5831,.F.);
#6425 = ORIENTED_EDGE('',*,*,#6182,.F.);
#6426 = PLANE('',#6427);
#6427 = AXIS2_PLACEMENT_3D('',#6428,#6429,#6430);
#6428 = CARTESIAN_POINT('',(6.95,-0.25,14.6));
#6429 = DIRECTION('',(0.,-1.,0.));
#6430 = DIRECTION('',(-1.,0.,0.));
#6431 = ADVANCED_FACE('',(#6432),#6439,.F.);
#6432 = FACE_BOUND('',#6433,.T.);
#6433 = EDGE_LOOP('',(#6434,#6435,#6436,#6437,#6438));
#6434 = ORIENTED_EDGE('',*,*,#5573,.F.);
#6435 = ORIENTED_EDGE('',*,*,#6146,.T.);
#6436 = ORIENTED_EDGE('',*,*,#5643,.F.);
#6437 = ORIENTED_EDGE('',*,*,#6160,.F.);
#6438 = ORIENTED_EDGE('',*,*,#5770,.F.);
#6439 = PLANE('',#6440);
#6440 = AXIS2_PLACEMENT_3D('',#6441,#6442,#6443);
#6441 = CARTESIAN_POINT('',(4.900000212342,0.25,14.6));
#6442 = DIRECTION('',(0.,1.,0.));
#6443 = DIRECTION('',(1.,0.,0.));
#6444 = ADVANCED_FACE('',(#6445),#6481,.T.);
#6445 = FACE_BOUND('',#6446,.T.);
#6446 = EDGE_LOOP('',(#6447,#6457,#6466,#6474));
#6447 = ORIENTED_EDGE('',*,*,#6448,.T.);
#6448 = EDGE_CURVE('',#6449,#6451,#6453,.T.);
#6449 = VERTEX_POINT('',#6450);
#6450 = CARTESIAN_POINT('',(7.2,2.15,-4.5));
#6451 = VERTEX_POINT('',#6452);
#6452 = CARTESIAN_POINT('',(7.2,1.5,-4.5));
#6453 = LINE('',#6454,#6455);
#6454 = CARTESIAN_POINT('',(7.2,-1.075,-4.5));
#6455 = VECTOR('',#6456,1.);
#6456 = DIRECTION('',(0.,-1.,0.));
#6457 = ORIENTED_EDGE('',*,*,#6458,.T.);
#6458 = EDGE_CURVE('',#6451,#6459,#6461,.T.);
#6459 = VERTEX_POINT('',#6460);
#6460 = CARTESIAN_POINT('',(7.2,-1.5,-4.5));
#6461 = CIRCLE('',#6462,1.5);
#6462 = AXIS2_PLACEMENT_3D('',#6463,#6464,#6465);
#6463 = CARTESIAN_POINT('',(7.2,0.,-4.5));
#6464 = DIRECTION('',(0.,0.,1.));
#6465 = DIRECTION('',(-1.,0.,0.));
#6466 = ORIENTED_EDGE('',*,*,#6467,.T.);
#6467 = EDGE_CURVE('',#6459,#6468,#6470,.T.);
#6468 = VERTEX_POINT('',#6469);
#6469 = CARTESIAN_POINT('',(7.2,-2.15,-4.5));
#6470 = LINE('',#6471,#6472);
#6471 = CARTESIAN_POINT('',(7.2,-1.075,-4.5));
#6472 = VECTOR('',#6473,1.);
#6473 = DIRECTION('',(0.,-1.,0.));
#6474 = ORIENTED_EDGE('',*,*,#6475,.T.);
#6475 = EDGE_CURVE('',#6468,#6449,#6476,.T.);
#6476 = CIRCLE('',#6477,2.15);
#6477 = AXIS2_PLACEMENT_3D('',#6478,#6479,#6480);
#6478 = CARTESIAN_POINT('',(7.2,0.,-4.5));
#6479 = DIRECTION('',(0.,0.,-1.));
#6480 = DIRECTION('',(-1.,0.,0.));
#6481 = PLANE('',#6482);
#6482 = AXIS2_PLACEMENT_3D('',#6483,#6484,#6485);
#6483 = CARTESIAN_POINT('',(7.2,0.,-4.5));
#6484 = DIRECTION('',(0.,0.,-1.));
#6485 = DIRECTION('',(-1.,0.,0.));
#6486 = ADVANCED_FACE('',(#6487),#6531,.T.);
#6487 = FACE_BOUND('',#6488,.T.);
#6488 = EDGE_LOOP('',(#6489,#6497,#6498,#6506,#6515,#6521,#6522,#6523,
    #6524));
#6489 = ORIENTED_EDGE('',*,*,#6490,.T.);
#6490 = EDGE_CURVE('',#6491,#6449,#6493,.T.);
#6491 = VERTEX_POINT('',#6492);
#6492 = CARTESIAN_POINT('',(7.2,2.15,-1.5));
#6493 = LINE('',#6494,#6495);
#6494 = CARTESIAN_POINT('',(7.2,2.15,3.));
#6495 = VECTOR('',#6496,1.);
#6496 = DIRECTION('',(0.,0.,-1.));
#6497 = ORIENTED_EDGE('',*,*,#6475,.F.);
#6498 = ORIENTED_EDGE('',*,*,#6499,.T.);
#6499 = EDGE_CURVE('',#6468,#6500,#6502,.T.);
#6500 = VERTEX_POINT('',#6501);
#6501 = CARTESIAN_POINT('',(7.2,-2.15,-1.5));
#6502 = LINE('',#6503,#6504);
#6503 = CARTESIAN_POINT('',(7.2,-2.15,3.));
#6504 = VECTOR('',#6505,1.);
#6505 = DIRECTION('',(0.,0.,1.));
#6506 = ORIENTED_EDGE('',*,*,#6507,.T.);
#6507 = EDGE_CURVE('',#6500,#6508,#6510,.T.);
#6508 = VERTEX_POINT('',#6509);
#6509 = CARTESIAN_POINT('',(9.35,-2.632990618167E-16,-1.5));
#6510 = CIRCLE('',#6511,2.15);
#6511 = AXIS2_PLACEMENT_3D('',#6512,#6513,#6514);
#6512 = CARTESIAN_POINT('',(7.2,0.,-1.5));
#6513 = DIRECTION('',(0.,0.,1.));
#6514 = DIRECTION('',(-1.,0.,0.));
#6515 = ORIENTED_EDGE('',*,*,#6516,.T.);
#6516 = EDGE_CURVE('',#6508,#6078,#6517,.T.);
#6517 = LINE('',#6518,#6519);
#6518 = CARTESIAN_POINT('',(9.35,-2.632990618167E-16,3.));
#6519 = VECTOR('',#6520,1.);
#6520 = DIRECTION('',(0.,0.,1.));
#6521 = ORIENTED_EDGE('',*,*,#6075,.F.);
#6522 = ORIENTED_EDGE('',*,*,#6086,.F.);
#6523 = ORIENTED_EDGE('',*,*,#6516,.F.);
#6524 = ORIENTED_EDGE('',*,*,#6525,.T.);
#6525 = EDGE_CURVE('',#6508,#6491,#6526,.T.);
#6526 = CIRCLE('',#6527,2.15);
#6527 = AXIS2_PLACEMENT_3D('',#6528,#6529,#6530);
#6528 = CARTESIAN_POINT('',(7.2,0.,-1.5));
#6529 = DIRECTION('',(0.,0.,1.));
#6530 = DIRECTION('',(-1.,0.,0.));
#6531 = CYLINDRICAL_SURFACE('',#6532,2.15);
#6532 = AXIS2_PLACEMENT_3D('',#6533,#6534,#6535);
#6533 = CARTESIAN_POINT('',(7.2,0.,3.));
#6534 = DIRECTION('',(0.,0.,-1.));
#6535 = DIRECTION('',(-1.,0.,0.));
#6536 = ADVANCED_FACE('',(#6537),#6566,.F.);
#6537 = FACE_BOUND('',#6538,.F.);
#6538 = EDGE_LOOP('',(#6539,#6549,#6550,#6559));
#6539 = ORIENTED_EDGE('',*,*,#6540,.T.);
#6540 = EDGE_CURVE('',#6541,#6543,#6545,.T.);
#6541 = VERTEX_POINT('',#6542);
#6542 = CARTESIAN_POINT('',(8.7,1.836970198721E-16,1.5));
#6543 = VERTEX_POINT('',#6544);
#6544 = CARTESIAN_POINT('',(7.2,0.,2.401290928541));
#6545 = LINE('',#6546,#6547);
#6546 = CARTESIAN_POINT('',(7.95,9.184850993605E-17,1.950645464271));
#6547 = VECTOR('',#6548,1.);
#6548 = DIRECTION('',(-0.857167300702,-1.049727191139E-16,0.51503807491)
  );
#6549 = ORIENTED_EDGE('',*,*,#6540,.F.);
#6550 = ORIENTED_EDGE('',*,*,#6551,.T.);
#6551 = EDGE_CURVE('',#6541,#6552,#6554,.T.);
#6552 = VERTEX_POINT('',#6553);
#6553 = CARTESIAN_POINT('',(5.7,0.,1.5));
#6554 = CIRCLE('',#6555,1.5);
#6555 = AXIS2_PLACEMENT_3D('',#6556,#6557,#6558);
#6556 = CARTESIAN_POINT('',(7.2,0.,1.5));
#6557 = DIRECTION('',(0.,0.,1.));
#6558 = DIRECTION('',(-1.,0.,0.));
#6559 = ORIENTED_EDGE('',*,*,#6560,.T.);
#6560 = EDGE_CURVE('',#6552,#6541,#6561,.T.);
#6561 = CIRCLE('',#6562,1.5);
#6562 = AXIS2_PLACEMENT_3D('',#6563,#6564,#6565);
#6563 = CARTESIAN_POINT('',(7.2,0.,1.5));
#6564 = DIRECTION('',(0.,0.,1.));
#6565 = DIRECTION('',(-1.,0.,0.));
#6566 = CONICAL_SURFACE('',#6567,0.75,1.029744258677);
#6567 = AXIS2_PLACEMENT_3D('',#6568,#6569,#6570);
#6568 = CARTESIAN_POINT('',(7.2,0.,1.950645464271));
#6569 = DIRECTION('',(0.,0.,-1.));
#6570 = DIRECTION('',(-1.,0.,0.));
#6571 = ADVANCED_FACE('',(#6572),#6616,.F.);
#6572 = FACE_BOUND('',#6573,.F.);
#6573 = EDGE_LOOP('',(#6574,#6575,#6583,#6592,#6598,#6599,#6600,#6601,
    #6610));
#6574 = ORIENTED_EDGE('',*,*,#6458,.T.);
#6575 = ORIENTED_EDGE('',*,*,#6576,.F.);
#6576 = EDGE_CURVE('',#6577,#6459,#6579,.T.);
#6577 = VERTEX_POINT('',#6578);
#6578 = CARTESIAN_POINT('',(7.2,-1.5,-1.5));
#6579 = LINE('',#6580,#6581);
#6580 = CARTESIAN_POINT('',(7.2,-1.5,-1.5));
#6581 = VECTOR('',#6582,1.);
#6582 = DIRECTION('',(0.,0.,-1.));
#6583 = ORIENTED_EDGE('',*,*,#6584,.F.);
#6584 = EDGE_CURVE('',#6585,#6577,#6587,.T.);
#6585 = VERTEX_POINT('',#6586);
#6586 = CARTESIAN_POINT('',(8.7,1.836970198721E-16,-1.5));
#6587 = CIRCLE('',#6588,1.5);
#6588 = AXIS2_PLACEMENT_3D('',#6589,#6590,#6591);
#6589 = CARTESIAN_POINT('',(7.2,0.,-1.5));
#6590 = DIRECTION('',(0.,0.,-1.));
#6591 = DIRECTION('',(-1.,0.,0.));
#6592 = ORIENTED_EDGE('',*,*,#6593,.T.);
#6593 = EDGE_CURVE('',#6585,#6541,#6594,.T.);
#6594 = LINE('',#6595,#6596);
#6595 = CARTESIAN_POINT('',(8.7,1.836970198721E-16,-1.5));
#6596 = VECTOR('',#6597,1.);
#6597 = DIRECTION('',(0.,0.,1.));
#6598 = ORIENTED_EDGE('',*,*,#6560,.F.);
#6599 = ORIENTED_EDGE('',*,*,#6551,.F.);
#6600 = ORIENTED_EDGE('',*,*,#6593,.F.);
#6601 = ORIENTED_EDGE('',*,*,#6602,.F.);
#6602 = EDGE_CURVE('',#6603,#6585,#6605,.T.);
#6603 = VERTEX_POINT('',#6604);
#6604 = CARTESIAN_POINT('',(7.2,1.5,-1.5));
#6605 = CIRCLE('',#6606,1.5);
#6606 = AXIS2_PLACEMENT_3D('',#6607,#6608,#6609);
#6607 = CARTESIAN_POINT('',(7.2,0.,-1.5));
#6608 = DIRECTION('',(0.,0.,-1.));
#6609 = DIRECTION('',(-1.,0.,0.));
#6610 = ORIENTED_EDGE('',*,*,#6611,.F.);
#6611 = EDGE_CURVE('',#6451,#6603,#6612,.T.);
#6612 = LINE('',#6613,#6614);
#6613 = CARTESIAN_POINT('',(7.2,1.5,-1.5));
#6614 = VECTOR('',#6615,1.);
#6615 = DIRECTION('',(0.,0.,1.));
#6616 = CYLINDRICAL_SURFACE('',#6617,1.5);
#6617 = AXIS2_PLACEMENT_3D('',#6618,#6619,#6620);
#6618 = CARTESIAN_POINT('',(7.2,0.,-1.5));
#6619 = DIRECTION('',(0.,0.,1.));
#6620 = DIRECTION('',(-1.,0.,0.));
#6621 = ADVANCED_FACE('',(#6622),#6633,.F.);
#6622 = FACE_BOUND('',#6623,.T.);
#6623 = EDGE_LOOP('',(#6624,#6625,#6626,#6627));
#6624 = ORIENTED_EDGE('',*,*,#6611,.F.);
#6625 = ORIENTED_EDGE('',*,*,#6448,.F.);
#6626 = ORIENTED_EDGE('',*,*,#6490,.F.);
#6627 = ORIENTED_EDGE('',*,*,#6628,.F.);
#6628 = EDGE_CURVE('',#6603,#6491,#6629,.T.);
#6629 = LINE('',#6630,#6631);
#6630 = CARTESIAN_POINT('',(7.2,-2.15,-1.5));
#6631 = VECTOR('',#6632,1.);
#6632 = DIRECTION('',(0.,1.,0.));
#6633 = PLANE('',#6634);
#6634 = AXIS2_PLACEMENT_3D('',#6635,#6636,#6637);
#6635 = CARTESIAN_POINT('',(7.2,-2.15,-4.5));
#6636 = DIRECTION('',(-1.,0.,0.));
#6637 = DIRECTION('',(0.,0.,1.));
#6638 = ADVANCED_FACE('',(#6639),#6652,.F.);
#6639 = FACE_BOUND('',#6640,.T.);
#6640 = EDGE_LOOP('',(#6641,#6642,#6643,#6644,#6645,#6651));
#6641 = ORIENTED_EDGE('',*,*,#6602,.F.);
#6642 = ORIENTED_EDGE('',*,*,#6628,.T.);
#6643 = ORIENTED_EDGE('',*,*,#6525,.F.);
#6644 = ORIENTED_EDGE('',*,*,#6507,.F.);
#6645 = ORIENTED_EDGE('',*,*,#6646,.T.);
#6646 = EDGE_CURVE('',#6500,#6577,#6647,.T.);
#6647 = LINE('',#6648,#6649);
#6648 = CARTESIAN_POINT('',(7.2,-2.15,-1.5));
#6649 = VECTOR('',#6650,1.);
#6650 = DIRECTION('',(0.,1.,0.));
#6651 = ORIENTED_EDGE('',*,*,#6584,.F.);
#6652 = PLANE('',#6653);
#6653 = AXIS2_PLACEMENT_3D('',#6654,#6655,#6656);
#6654 = CARTESIAN_POINT('',(7.2,-2.15,-1.5));
#6655 = DIRECTION('',(0.,0.,1.));
#6656 = DIRECTION('',(1.,0.,-0.));
#6657 = ADVANCED_FACE('',(#6658),#6664,.F.);
#6658 = FACE_BOUND('',#6659,.T.);
#6659 = EDGE_LOOP('',(#6660,#6661,#6662,#6663));
#6660 = ORIENTED_EDGE('',*,*,#6576,.F.);
#6661 = ORIENTED_EDGE('',*,*,#6646,.F.);
#6662 = ORIENTED_EDGE('',*,*,#6499,.F.);
#6663 = ORIENTED_EDGE('',*,*,#6467,.F.);
#6664 = PLANE('',#6665);
#6665 = AXIS2_PLACEMENT_3D('',#6666,#6667,#6668);
#6666 = CARTESIAN_POINT('',(7.2,-2.15,-4.5));
#6667 = DIRECTION('',(-1.,0.,0.));
#6668 = DIRECTION('',(0.,0.,1.));
#6669 = MANIFOLD_SOLID_BREP('',#6670);
#6670 = CLOSED_SHELL('',(#6671,#6844,#6886,#6918,#6946,#6990,#7031,#7092
    ,#7153,#7214,#7236,#7258,#7280,#7312,#7344,#7376,#7398,#7420,#7442,
    #7455,#7468,#7481,#7494,#7507,#7520,#7533,#7546,#7622,#7641,#7701,
    #7725,#7747,#7759));
#6671 = ADVANCED_FACE('',(#6672,#6692),#6839,.T.);
#6672 = FACE_BOUND('',#6673,.T.);
#6673 = EDGE_LOOP('',(#6674,#6685));
#6674 = ORIENTED_EDGE('',*,*,#6675,.T.);
#6675 = EDGE_CURVE('',#6676,#6678,#6680,.T.);
#6676 = VERTEX_POINT('',#6677);
#6677 = CARTESIAN_POINT('',(-2.15,-2.632990618167E-16,7.05));
#6678 = VERTEX_POINT('',#6679);
#6679 = CARTESIAN_POINT('',(2.15,-2.632990618167E-16,7.05));
#6680 = CIRCLE('',#6681,2.15);
#6681 = AXIS2_PLACEMENT_3D('',#6682,#6683,#6684);
#6682 = CARTESIAN_POINT('',(0.,0.,7.05));
#6683 = DIRECTION('',(0.,0.,1.));
#6684 = DIRECTION('',(1.,0.,-0.));
#6685 = ORIENTED_EDGE('',*,*,#6686,.T.);
#6686 = EDGE_CURVE('',#6678,#6676,#6687,.T.);
#6687 = CIRCLE('',#6688,2.15);
#6688 = AXIS2_PLACEMENT_3D('',#6689,#6690,#6691);
#6689 = CARTESIAN_POINT('',(0.,0.,7.05));
#6690 = DIRECTION('',(0.,0.,1.));
#6691 = DIRECTION('',(1.,0.,-0.));
#6692 = FACE_BOUND('',#6693,.T.);
#6693 = EDGE_LOOP('',(#6694,#6705,#6713,#6722,#6730,#6739,#6747,#6756,
    #6764,#6773,#6781,#6790,#6799,#6807,#6816,#6824,#6833));
#6694 = ORIENTED_EDGE('',*,*,#6695,.T.);
#6695 = EDGE_CURVE('',#6696,#6698,#6700,.T.);
#6696 = VERTEX_POINT('',#6697);
#6697 = CARTESIAN_POINT('',(0.25,1.933907960581,7.05));
#6698 = VERTEX_POINT('',#6699);
#6699 = CARTESIAN_POINT('',(1.933907960581,0.25,7.05));
#6700 = CIRCLE('',#6701,1.95);
#6701 = AXIS2_PLACEMENT_3D('',#6702,#6703,#6704);
#6702 = CARTESIAN_POINT('',(0.,0.,7.05));
#6703 = DIRECTION('',(0.,0.,-1.));
#6704 = DIRECTION('',(1.,0.,0.));
#6705 = ORIENTED_EDGE('',*,*,#6706,.F.);
#6706 = EDGE_CURVE('',#6707,#6698,#6709,.T.);
#6707 = VERTEX_POINT('',#6708);
#6708 = CARTESIAN_POINT('',(0.707106781187,0.25,7.05));
#6709 = LINE('',#6710,#6711);
#6710 = CARTESIAN_POINT('',(2.123482971891,0.25,7.05));
#6711 = VECTOR('',#6712,1.);
#6712 = DIRECTION('',(1.,0.,0.));
#6713 = ORIENTED_EDGE('',*,*,#6714,.T.);
#6714 = EDGE_CURVE('',#6707,#6715,#6717,.T.);
#6715 = VERTEX_POINT('',#6716);
#6716 = CARTESIAN_POINT('',(0.707106781187,-0.25,7.05));
#6717 = CIRCLE('',#6718,0.75);
#6718 = AXIS2_PLACEMENT_3D('',#6719,#6720,#6721);
#6719 = CARTESIAN_POINT('',(3.703263240893E-17,0.,7.05));
#6720 = DIRECTION('',(0.,0.,-1.));
#6721 = DIRECTION('',(1.,0.,0.));
#6722 = ORIENTED_EDGE('',*,*,#6723,.F.);
#6723 = EDGE_CURVE('',#6724,#6715,#6726,.T.);
#6724 = VERTEX_POINT('',#6725);
#6725 = CARTESIAN_POINT('',(1.933907960581,-0.25,7.05));
#6726 = LINE('',#6727,#6728);
#6727 = CARTESIAN_POINT('',(-2.123482971891,-0.25,7.05));
#6728 = VECTOR('',#6729,1.);
#6729 = DIRECTION('',(-1.,0.,0.));
#6730 = ORIENTED_EDGE('',*,*,#6731,.T.);
#6731 = EDGE_CURVE('',#6724,#6732,#6734,.T.);
#6732 = VERTEX_POINT('',#6733);
#6733 = CARTESIAN_POINT('',(0.25,-1.933907960581,7.05));
#6734 = CIRCLE('',#6735,1.95);
#6735 = AXIS2_PLACEMENT_3D('',#6736,#6737,#6738);
#6736 = CARTESIAN_POINT('',(0.,0.,7.05));
#6737 = DIRECTION('',(0.,0.,-1.));
#6738 = DIRECTION('',(1.,0.,0.));
#6739 = ORIENTED_EDGE('',*,*,#6740,.F.);
#6740 = EDGE_CURVE('',#6741,#6732,#6743,.T.);
#6741 = VERTEX_POINT('',#6742);
#6742 = CARTESIAN_POINT('',(0.25,-0.707106781187,7.05));
#6743 = LINE('',#6744,#6745);
#6744 = CARTESIAN_POINT('',(0.25,-2.127528048725,7.05));
#6745 = VECTOR('',#6746,1.);
#6746 = DIRECTION('',(0.,-1.,0.));
#6747 = ORIENTED_EDGE('',*,*,#6748,.T.);
#6748 = EDGE_CURVE('',#6741,#6749,#6751,.T.);
#6749 = VERTEX_POINT('',#6750);
#6750 = CARTESIAN_POINT('',(-0.25,-0.707106781187,7.05));
#6751 = CIRCLE('',#6752,0.75);
#6752 = AXIS2_PLACEMENT_3D('',#6753,#6754,#6755);
#6753 = CARTESIAN_POINT('',(3.703263240893E-17,0.,7.05));
#6754 = DIRECTION('',(0.,0.,-1.));
#6755 = DIRECTION('',(1.,0.,0.));
#6756 = ORIENTED_EDGE('',*,*,#6757,.F.);
#6757 = EDGE_CURVE('',#6758,#6749,#6760,.T.);
#6758 = VERTEX_POINT('',#6759);
#6759 = CARTESIAN_POINT('',(-0.25,-1.933907960581,7.05));
#6760 = LINE('',#6761,#6762);
#6761 = CARTESIAN_POINT('',(-0.25,2.127528048725,7.05));
#6762 = VECTOR('',#6763,1.);
#6763 = DIRECTION('',(0.,1.,0.));
#6764 = ORIENTED_EDGE('',*,*,#6765,.T.);
#6765 = EDGE_CURVE('',#6758,#6766,#6768,.T.);
#6766 = VERTEX_POINT('',#6767);
#6767 = CARTESIAN_POINT('',(-1.933907960581,-0.25,7.05));
#6768 = CIRCLE('',#6769,1.95);
#6769 = AXIS2_PLACEMENT_3D('',#6770,#6771,#6772);
#6770 = CARTESIAN_POINT('',(0.,0.,7.05));
#6771 = DIRECTION('',(0.,0.,-1.));
#6772 = DIRECTION('',(1.,0.,0.));
#6773 = ORIENTED_EDGE('',*,*,#6774,.F.);
#6774 = EDGE_CURVE('',#6775,#6766,#6777,.T.);
#6775 = VERTEX_POINT('',#6776);
#6776 = CARTESIAN_POINT('',(-0.707106781187,-0.25,7.05));
#6777 = LINE('',#6778,#6779);
#6778 = CARTESIAN_POINT('',(-2.123482971891,-0.25,7.05));
#6779 = VECTOR('',#6780,1.);
#6780 = DIRECTION('',(-1.,0.,0.));
#6781 = ORIENTED_EDGE('',*,*,#6782,.T.);
#6782 = EDGE_CURVE('',#6775,#6783,#6785,.T.);
#6783 = VERTEX_POINT('',#6784);
#6784 = CARTESIAN_POINT('',(-0.75,9.184850993605E-17,7.05));
#6785 = CIRCLE('',#6786,0.75);
#6786 = AXIS2_PLACEMENT_3D('',#6787,#6788,#6789);
#6787 = CARTESIAN_POINT('',(3.703263240893E-17,0.,7.05));
#6788 = DIRECTION('',(0.,0.,-1.));
#6789 = DIRECTION('',(1.,0.,0.));
#6790 = ORIENTED_EDGE('',*,*,#6791,.T.);
#6791 = EDGE_CURVE('',#6783,#6792,#6794,.T.);
#6792 = VERTEX_POINT('',#6793);
#6793 = CARTESIAN_POINT('',(-0.707106781187,0.25,7.05));
#6794 = CIRCLE('',#6795,0.75);
#6795 = AXIS2_PLACEMENT_3D('',#6796,#6797,#6798);
#6796 = CARTESIAN_POINT('',(3.703263240893E-17,0.,7.05));
#6797 = DIRECTION('',(0.,0.,-1.));
#6798 = DIRECTION('',(1.,0.,0.));
#6799 = ORIENTED_EDGE('',*,*,#6800,.F.);
#6800 = EDGE_CURVE('',#6801,#6792,#6803,.T.);
#6801 = VERTEX_POINT('',#6802);
#6802 = CARTESIAN_POINT('',(-1.933907960581,0.25,7.05));
#6803 = LINE('',#6804,#6805);
#6804 = CARTESIAN_POINT('',(2.123482971891,0.25,7.05));
#6805 = VECTOR('',#6806,1.);
#6806 = DIRECTION('',(1.,0.,0.));
#6807 = ORIENTED_EDGE('',*,*,#6808,.T.);
#6808 = EDGE_CURVE('',#6801,#6809,#6811,.T.);
#6809 = VERTEX_POINT('',#6810);
#6810 = CARTESIAN_POINT('',(-0.25,1.933907960581,7.05));
#6811 = CIRCLE('',#6812,1.95);
#6812 = AXIS2_PLACEMENT_3D('',#6813,#6814,#6815);
#6813 = CARTESIAN_POINT('',(0.,0.,7.05));
#6814 = DIRECTION('',(0.,0.,-1.));
#6815 = DIRECTION('',(1.,0.,0.));
#6816 = ORIENTED_EDGE('',*,*,#6817,.F.);
#6817 = EDGE_CURVE('',#6818,#6809,#6820,.T.);
#6818 = VERTEX_POINT('',#6819);
#6819 = CARTESIAN_POINT('',(-0.25,0.707106781187,7.05));
#6820 = LINE('',#6821,#6822);
#6821 = CARTESIAN_POINT('',(-0.25,2.127528048725,7.05));
#6822 = VECTOR('',#6823,1.);
#6823 = DIRECTION('',(0.,1.,0.));
#6824 = ORIENTED_EDGE('',*,*,#6825,.T.);
#6825 = EDGE_CURVE('',#6818,#6826,#6828,.T.);
#6826 = VERTEX_POINT('',#6827);
#6827 = CARTESIAN_POINT('',(0.25,0.707106781187,7.05));
#6828 = CIRCLE('',#6829,0.75);
#6829 = AXIS2_PLACEMENT_3D('',#6830,#6831,#6832);
#6830 = CARTESIAN_POINT('',(3.703263240893E-17,0.,7.05));
#6831 = DIRECTION('',(0.,0.,-1.));
#6832 = DIRECTION('',(1.,0.,0.));
#6833 = ORIENTED_EDGE('',*,*,#6834,.F.);
#6834 = EDGE_CURVE('',#6696,#6826,#6835,.T.);
#6835 = LINE('',#6836,#6837);
#6836 = CARTESIAN_POINT('',(0.25,-2.127528048725,7.05));
#6837 = VECTOR('',#6838,1.);
#6838 = DIRECTION('',(0.,-1.,0.));
#6839 = PLANE('',#6840);
#6840 = AXIS2_PLACEMENT_3D('',#6841,#6842,#6843);
#6841 = CARTESIAN_POINT('',(0.,0.,7.05));
#6842 = DIRECTION('',(0.,0.,1.));
#6843 = DIRECTION('',(1.,0.,-0.));
#6844 = ADVANCED_FACE('',(#6845),#6881,.T.);
#6845 = FACE_BOUND('',#6846,.T.);
#6846 = EDGE_LOOP('',(#6847,#6857,#6866,#6874));
#6847 = ORIENTED_EDGE('',*,*,#6848,.T.);
#6848 = EDGE_CURVE('',#6849,#6851,#6853,.T.);
#6849 = VERTEX_POINT('',#6850);
#6850 = CARTESIAN_POINT('',(0.25,0.916515138991,14.6));
#6851 = VERTEX_POINT('',#6852);
#6852 = CARTESIAN_POINT('',(0.25,0.707106781187,14.6));
#6853 = LINE('',#6854,#6855);
#6854 = CARTESIAN_POINT('',(0.25,1.063764024363,14.6));
#6855 = VECTOR('',#6856,1.);
#6856 = DIRECTION('',(0.,-1.,0.));
#6857 = ORIENTED_EDGE('',*,*,#6858,.T.);
#6858 = EDGE_CURVE('',#6851,#6859,#6861,.T.);
#6859 = VERTEX_POINT('',#6860);
#6860 = CARTESIAN_POINT('',(0.707106781187,0.25,14.6));
#6861 = CIRCLE('',#6862,0.75);
#6862 = AXIS2_PLACEMENT_3D('',#6863,#6864,#6865);
#6863 = CARTESIAN_POINT('',(3.703263240893E-17,0.,14.6));
#6864 = DIRECTION('',(0.,0.,-1.));
#6865 = DIRECTION('',(1.,0.,0.));
#6866 = ORIENTED_EDGE('',*,*,#6867,.T.);
#6867 = EDGE_CURVE('',#6859,#6868,#6870,.T.);
#6868 = VERTEX_POINT('',#6869);
#6869 = CARTESIAN_POINT('',(0.916515138991,0.25,14.6));
#6870 = LINE('',#6871,#6872);
#6871 = CARTESIAN_POINT('',(0.125,0.25,14.6));
#6872 = VECTOR('',#6873,1.);
#6873 = DIRECTION('',(1.,0.,0.));
#6874 = ORIENTED_EDGE('',*,*,#6875,.F.);
#6875 = EDGE_CURVE('',#6849,#6868,#6876,.T.);
#6876 = CIRCLE('',#6877,0.95);
#6877 = AXIS2_PLACEMENT_3D('',#6878,#6879,#6880);
#6878 = CARTESIAN_POINT('',(0.,0.,14.6));
#6879 = DIRECTION('',(0.,0.,-1.));
#6880 = DIRECTION('',(1.,0.,0.));
#6881 = PLANE('',#6882);
#6882 = AXIS2_PLACEMENT_3D('',#6883,#6884,#6885);
#6883 = CARTESIAN_POINT('',(0.,0.,14.6));
#6884 = DIRECTION('',(0.,0.,1.));
#6885 = DIRECTION('',(1.,0.,-0.));
#6886 = ADVANCED_FACE('',(#6887),#6913,.T.);
#6887 = FACE_BOUND('',#6888,.T.);
#6888 = EDGE_LOOP('',(#6889,#6897,#6906,#6912));
#6889 = ORIENTED_EDGE('',*,*,#6890,.T.);
#6890 = EDGE_CURVE('',#6696,#6891,#6893,.T.);
#6891 = VERTEX_POINT('',#6892);
#6892 = CARTESIAN_POINT('',(0.25,1.933907960581,13.6));
#6893 = LINE('',#6894,#6895);
#6894 = CARTESIAN_POINT('',(0.25,1.933907960581,7.05));
#6895 = VECTOR('',#6896,1.);
#6896 = DIRECTION('',(0.,0.,1.));
#6897 = ORIENTED_EDGE('',*,*,#6898,.F.);
#6898 = EDGE_CURVE('',#6899,#6891,#6901,.T.);
#6899 = VERTEX_POINT('',#6900);
#6900 = CARTESIAN_POINT('',(1.933907960581,0.25,13.6));
#6901 = CIRCLE('',#6902,1.95);
#6902 = AXIS2_PLACEMENT_3D('',#6903,#6904,#6905);
#6903 = CARTESIAN_POINT('',(0.,0.,13.6));
#6904 = DIRECTION('',(0.,0.,1.));
#6905 = DIRECTION('',(1.,0.,-0.));
#6906 = ORIENTED_EDGE('',*,*,#6907,.T.);
#6907 = EDGE_CURVE('',#6899,#6698,#6908,.T.);
#6908 = LINE('',#6909,#6910);
#6909 = CARTESIAN_POINT('',(1.933907960581,0.25,7.05));
#6910 = VECTOR('',#6911,1.);
#6911 = DIRECTION('',(0.,0.,-1.));
#6912 = ORIENTED_EDGE('',*,*,#6695,.F.);
#6913 = CYLINDRICAL_SURFACE('',#6914,1.95);
#6914 = AXIS2_PLACEMENT_3D('',#6915,#6916,#6917);
#6915 = CARTESIAN_POINT('',(0.,0.,7.05));
#6916 = DIRECTION('',(0.,0.,1.));
#6917 = DIRECTION('',(1.,0.,-0.));
#6918 = ADVANCED_FACE('',(#6919),#6941,.F.);
#6919 = FACE_BOUND('',#6920,.F.);
#6920 = EDGE_LOOP('',(#6921,#6922,#6928,#6935));
#6921 = ORIENTED_EDGE('',*,*,#6858,.T.);
#6922 = ORIENTED_EDGE('',*,*,#6923,.F.);
#6923 = EDGE_CURVE('',#6707,#6859,#6924,.T.);
#6924 = LINE('',#6925,#6926);
#6925 = CARTESIAN_POINT('',(0.707106781187,0.25,10.825));
#6926 = VECTOR('',#6927,1.);
#6927 = DIRECTION('',(0.,0.,1.));
#6928 = ORIENTED_EDGE('',*,*,#6929,.F.);
#6929 = EDGE_CURVE('',#6826,#6707,#6930,.T.);
#6930 = CIRCLE('',#6931,0.75);
#6931 = AXIS2_PLACEMENT_3D('',#6932,#6933,#6934);
#6932 = CARTESIAN_POINT('',(3.703263240893E-17,0.,7.05));
#6933 = DIRECTION('',(0.,0.,-1.));
#6934 = DIRECTION('',(1.,0.,0.));
#6935 = ORIENTED_EDGE('',*,*,#6936,.F.);
#6936 = EDGE_CURVE('',#6851,#6826,#6937,.T.);
#6937 = LINE('',#6938,#6939);
#6938 = CARTESIAN_POINT('',(0.25,0.707106781187,10.825));
#6939 = VECTOR('',#6940,1.);
#6940 = DIRECTION('',(0.,0.,-1.));
#6941 = CYLINDRICAL_SURFACE('',#6942,0.75);
#6942 = AXIS2_PLACEMENT_3D('',#6943,#6944,#6945);
#6943 = CARTESIAN_POINT('',(3.703263240893E-17,0.,10.825));
#6944 = DIRECTION('',(0.,0.,-1.));
#6945 = DIRECTION('',(1.,0.,0.));
#6946 = ADVANCED_FACE('',(#6947),#6985,.F.);
#6947 = FACE_BOUND('',#6948,.F.);
#6948 = EDGE_LOOP('',(#6949,#6956,#6957,#6964,#6965,#6973,#6974,#6975,
    #6982,#6983,#6984));
#6949 = ORIENTED_EDGE('',*,*,#6950,.T.);
#6950 = EDGE_CURVE('',#6715,#6741,#6951,.T.);
#6951 = CIRCLE('',#6952,0.75);
#6952 = AXIS2_PLACEMENT_3D('',#6953,#6954,#6955);
#6953 = CARTESIAN_POINT('',(3.703263240893E-17,0.,7.05));
#6954 = DIRECTION('',(0.,0.,-1.));
#6955 = DIRECTION('',(1.,0.,0.));
#6956 = ORIENTED_EDGE('',*,*,#6748,.T.);
#6957 = ORIENTED_EDGE('',*,*,#6958,.T.);
#6958 = EDGE_CURVE('',#6749,#6775,#6959,.T.);
#6959 = CIRCLE('',#6960,0.75);
#6960 = AXIS2_PLACEMENT_3D('',#6961,#6962,#6963);
#6961 = CARTESIAN_POINT('',(3.703263240893E-17,0.,7.05));
#6962 = DIRECTION('',(0.,0.,-1.));
#6963 = DIRECTION('',(1.,0.,0.));
#6964 = ORIENTED_EDGE('',*,*,#6782,.T.);
#6965 = ORIENTED_EDGE('',*,*,#6966,.T.);
#6966 = EDGE_CURVE('',#6783,#6967,#6969,.T.);
#6967 = VERTEX_POINT('',#6968);
#6968 = CARTESIAN_POINT('',(3.703263240893E-17,0.,6.599354535729));
#6969 = LINE('',#6970,#6971);
#6970 = CARTESIAN_POINT('',(-0.375,4.592425496803E-17,6.824677267865));
#6971 = VECTOR('',#6972,1.);
#6972 = DIRECTION('',(0.857167300702,-1.049727191139E-16,-0.51503807491)
  );
#6973 = ORIENTED_EDGE('',*,*,#6966,.F.);
#6974 = ORIENTED_EDGE('',*,*,#6791,.T.);
#6975 = ORIENTED_EDGE('',*,*,#6976,.T.);
#6976 = EDGE_CURVE('',#6792,#6818,#6977,.T.);
#6977 = CIRCLE('',#6978,0.75);
#6978 = AXIS2_PLACEMENT_3D('',#6979,#6980,#6981);
#6979 = CARTESIAN_POINT('',(3.703263240893E-17,0.,7.05));
#6980 = DIRECTION('',(0.,0.,-1.));
#6981 = DIRECTION('',(1.,0.,0.));
#6982 = ORIENTED_EDGE('',*,*,#6825,.T.);
#6983 = ORIENTED_EDGE('',*,*,#6929,.T.);
#6984 = ORIENTED_EDGE('',*,*,#6714,.T.);
#6985 = CONICAL_SURFACE('',#6986,0.375,1.029744258677);
#6986 = AXIS2_PLACEMENT_3D('',#6987,#6988,#6989);
#6987 = CARTESIAN_POINT('',(3.703263240893E-17,0.,6.824677267865));
#6988 = DIRECTION('',(0.,0.,1.));
#6989 = DIRECTION('',(1.,0.,-0.));
#6990 = ADVANCED_FACE('',(#6991),#7021,.F.);
#6991 = FACE_BOUND('',#6992,.F.);
#6992 = EDGE_LOOP('',(#6993,#6994,#7007,#7008));
#6993 = ORIENTED_EDGE('',*,*,#6898,.F.);
#6994 = ORIENTED_EDGE('',*,*,#6995,.F.);
#6995 = EDGE_CURVE('',#6868,#6899,#6996,.T.);
#6996 = B_SPLINE_CURVE_WITH_KNOTS('',3,(#6997,#6998,#6999,#7000,#7001,
    #7002,#7003,#7004,#7005,#7006),.UNSPECIFIED.,.F.,.F.,(4,2,2,2,4),(
    0.57480034267,0.613086463033,0.650445810202,0.687455912231,
    0.724311894366),.UNSPECIFIED.);
#6997 = CARTESIAN_POINT('',(0.916515138991,0.25,14.6));
#6998 = CARTESIAN_POINT('',(1.044135540204,0.25,14.6));
#6999 = CARTESIAN_POINT('',(1.194504974893,0.25,14.57097819248));
#7000 = CARTESIAN_POINT('',(1.427709908204,0.25,14.475083106557));
#7001 = CARTESIAN_POINT('',(1.552293827446,0.25,14.392558078833));
#7002 = CARTESIAN_POINT('',(1.727996346526,0.25,14.217680623171));
#7003 = CARTESIAN_POINT('',(1.810537221274,0.25,14.094786496255));
#7004 = CARTESIAN_POINT('',(1.905035623814,0.25,13.867422298393));
#7005 = CARTESIAN_POINT('',(1.933907960581,0.25,13.722853273784));
#7006 = CARTESIAN_POINT('',(1.933907960581,0.25,13.6));
#7007 = ORIENTED_EDGE('',*,*,#6875,.F.);
#7008 = ORIENTED_EDGE('',*,*,#7009,.F.);
#7009 = EDGE_CURVE('',#6891,#6849,#7010,.T.);
#7010 = B_SPLINE_CURVE_WITH_KNOTS('',3,(#7011,#7012,#7013,#7014,#7015,
    #7016,#7017,#7018,#7019,#7020),.UNSPECIFIED.,.F.,.F.,(4,2,2,2,4),(
    0.241437298122,0.278293280257,0.315303382286,0.352662729455,
    0.390948849819),.UNSPECIFIED.);
#7011 = CARTESIAN_POINT('',(0.25,1.933907960581,13.6));
#7012 = CARTESIAN_POINT('',(0.25,1.933907960581,13.722853273784));
#7013 = CARTESIAN_POINT('',(0.25,1.905035623814,13.867422298393));
#7014 = CARTESIAN_POINT('',(0.25,1.810537221274,14.094786496255));
#7015 = CARTESIAN_POINT('',(0.25,1.727996346526,14.217680623171));
#7016 = CARTESIAN_POINT('',(0.25,1.552293827446,14.392558078833));
#7017 = CARTESIAN_POINT('',(0.25,1.427709908204,14.475083106557));
#7018 = CARTESIAN_POINT('',(0.25,1.194504974893,14.57097819248));
#7019 = CARTESIAN_POINT('',(0.25,1.044135540204,14.6));
#7020 = CARTESIAN_POINT('',(0.25,0.916515138991,14.6));
#7021 = ( BOUNDED_SURFACE() B_SPLINE_SURFACE(2,2,(
    (#7022,#7023,#7024)
    ,(#7025,#7026,#7027)
    ,(#7028,#7029,#7030
)),.UNSPECIFIED.,.F.,.F.,.F.) B_SPLINE_SURFACE_WITH_KNOTS((3,3),(3,3),(
    0.,1.570796326795),(0.128558960041,1.442237366753),
.PIECEWISE_BEZIER_KNOTS.) GEOMETRIC_REPRESENTATION_ITEM() 
RATIONAL_B_SPLINE_SURFACE((
    (1.,0.7919262197,1.)
    ,(0.707106781187,0.559976400149,0.707106781187)
,(1.,0.7919262197,1.))) REPRESENTATION_ITEM('') SURFACE() );
#7022 = CARTESIAN_POINT('',(1.933907960581,0.25,13.6));
#7023 = CARTESIAN_POINT('',(1.741144804925,1.741144804925,13.6));
#7024 = CARTESIAN_POINT('',(0.25,1.933907960581,13.6));
#7025 = CARTESIAN_POINT('',(1.933907960581,0.25,14.6));
#7026 = CARTESIAN_POINT('',(1.741144804925,1.741144804925,14.6));
#7027 = CARTESIAN_POINT('',(0.25,1.933907960581,14.6));
#7028 = CARTESIAN_POINT('',(0.942160288488,0.121794871795,14.6));
#7029 = CARTESIAN_POINT('',(0.848250033168,0.848250033168,14.6));
#7030 = CARTESIAN_POINT('',(0.121794871795,0.942160288488,14.6));
#7031 = ADVANCED_FACE('',(#7032),#7082,.F.);
#7032 = FACE_BOUND('',#7033,.F.);
#7033 = EDGE_LOOP('',(#7034,#7045,#7060,#7069));
#7034 = ORIENTED_EDGE('',*,*,#7035,.F.);
#7035 = EDGE_CURVE('',#7036,#7038,#7040,.T.);
#7036 = VERTEX_POINT('',#7037);
#7037 = CARTESIAN_POINT('',(-0.916515138991,0.25,14.6));
#7038 = VERTEX_POINT('',#7039);
#7039 = CARTESIAN_POINT('',(-0.25,0.916515138991,14.6));
#7040 = CIRCLE('',#7041,0.95);
#7041 = AXIS2_PLACEMENT_3D('',#7042,#7043,#7044);
#7042 = CARTESIAN_POINT('',(0.,0.,14.6));
#7043 = DIRECTION('',(0.,0.,-1.));
#7044 = DIRECTION('',(1.,0.,0.));
#7045 = ORIENTED_EDGE('',*,*,#7046,.F.);
#7046 = EDGE_CURVE('',#7047,#7036,#7049,.T.);
#7047 = VERTEX_POINT('',#7048);
#7048 = CARTESIAN_POINT('',(-1.933907960581,0.25,13.6));
#7049 = B_SPLINE_CURVE_WITH_KNOTS('',3,(#7050,#7051,#7052,#7053,#7054,
    #7055,#7056,#7057,#7058,#7059),.UNSPECIFIED.,.F.,.F.,(4,2,2,2,4),(
    0.241437298122,0.278293280257,0.315303382286,0.352662729455,
    0.390948849819),.UNSPECIFIED.);
#7050 = CARTESIAN_POINT('',(-1.933907960581,0.25,13.6));
#7051 = CARTESIAN_POINT('',(-1.933907960581,0.25,13.722853273784));
#7052 = CARTESIAN_POINT('',(-1.905035623814,0.25,13.867422298393));
#7053 = CARTESIAN_POINT('',(-1.810537221274,0.25,14.094786496255));
#7054 = CARTESIAN_POINT('',(-1.727996346526,0.25,14.217680623171));
#7055 = CARTESIAN_POINT('',(-1.552293827446,0.25,14.392558078833));
#7056 = CARTESIAN_POINT('',(-1.427709908204,0.25,14.475083106557));
#7057 = CARTESIAN_POINT('',(-1.194504974893,0.25,14.57097819248));
#7058 = CARTESIAN_POINT('',(-1.044135540204,0.25,14.6));
#7059 = CARTESIAN_POINT('',(-0.916515138991,0.25,14.6));
#7060 = ORIENTED_EDGE('',*,*,#7061,.F.);
#7061 = EDGE_CURVE('',#7062,#7047,#7064,.T.);
#7062 = VERTEX_POINT('',#7063);
#7063 = CARTESIAN_POINT('',(-0.25,1.933907960581,13.6));
#7064 = CIRCLE('',#7065,1.95);
#7065 = AXIS2_PLACEMENT_3D('',#7066,#7067,#7068);
#7066 = CARTESIAN_POINT('',(0.,0.,13.6));
#7067 = DIRECTION('',(0.,0.,1.));
#7068 = DIRECTION('',(1.,0.,-0.));
#7069 = ORIENTED_EDGE('',*,*,#7070,.F.);
#7070 = EDGE_CURVE('',#7038,#7062,#7071,.T.);
#7071 = B_SPLINE_CURVE_WITH_KNOTS('',3,(#7072,#7073,#7074,#7075,#7076,
    #7077,#7078,#7079,#7080,#7081),.UNSPECIFIED.,.F.,.F.,(4,2,2,2,4),(
    0.57480034267,0.613086463033,0.650445810202,0.687455912231,
    0.724311894366),.UNSPECIFIED.);
#7072 = CARTESIAN_POINT('',(-0.25,0.916515138991,14.6));
#7073 = CARTESIAN_POINT('',(-0.25,1.044135540204,14.6));
#7074 = CARTESIAN_POINT('',(-0.25,1.194504974893,14.57097819248));
#7075 = CARTESIAN_POINT('',(-0.25,1.427709908204,14.475083106557));
#7076 = CARTESIAN_POINT('',(-0.25,1.552293827446,14.392558078833));
#7077 = CARTESIAN_POINT('',(-0.25,1.727996346526,14.217680623171));
#7078 = CARTESIAN_POINT('',(-0.25,1.810537221274,14.094786496255));
#7079 = CARTESIAN_POINT('',(-0.25,1.905035623814,13.867422298393));
#7080 = CARTESIAN_POINT('',(-0.25,1.933907960581,13.722853273784));
#7081 = CARTESIAN_POINT('',(-0.25,1.933907960581,13.6));
#7082 = ( BOUNDED_SURFACE() B_SPLINE_SURFACE(2,2,(
    (#7083,#7084,#7085)
    ,(#7086,#7087,#7088)
    ,(#7089,#7090,#7091
)),.UNSPECIFIED.,.F.,.F.,.F.) B_SPLINE_SURFACE_WITH_KNOTS((3,3),(3,3),(
    0.,1.570796326795),(1.699355286836,3.013033693548),
.PIECEWISE_BEZIER_KNOTS.) GEOMETRIC_REPRESENTATION_ITEM() 
RATIONAL_B_SPLINE_SURFACE((
    (1.,0.7919262197,1.)
    ,(0.707106781187,0.559976400149,0.707106781187)
,(1.,0.7919262197,1.))) REPRESENTATION_ITEM('') SURFACE() );
#7083 = CARTESIAN_POINT('',(-0.25,1.933907960581,13.6));
#7084 = CARTESIAN_POINT('',(-1.741144804925,1.741144804925,13.6));
#7085 = CARTESIAN_POINT('',(-1.933907960581,0.25,13.6));
#7086 = CARTESIAN_POINT('',(-0.25,1.933907960581,14.6));
#7087 = CARTESIAN_POINT('',(-1.741144804925,1.741144804925,14.6));
#7088 = CARTESIAN_POINT('',(-1.933907960581,0.25,14.6));
#7089 = CARTESIAN_POINT('',(-0.121794871795,0.942160288488,14.6));
#7090 = CARTESIAN_POINT('',(-0.848250033168,0.848250033168,14.6));
#7091 = CARTESIAN_POINT('',(-0.942160288488,0.121794871795,14.6));
#7092 = ADVANCED_FACE('',(#7093),#7143,.F.);
#7093 = FACE_BOUND('',#7094,.F.);
#7094 = EDGE_LOOP('',(#7095,#7106,#7121,#7130));
#7095 = ORIENTED_EDGE('',*,*,#7096,.F.);
#7096 = EDGE_CURVE('',#7097,#7099,#7101,.T.);
#7097 = VERTEX_POINT('',#7098);
#7098 = CARTESIAN_POINT('',(-0.25,-0.916515138991,14.6));
#7099 = VERTEX_POINT('',#7100);
#7100 = CARTESIAN_POINT('',(-0.916515138991,-0.25,14.6));
#7101 = CIRCLE('',#7102,0.95);
#7102 = AXIS2_PLACEMENT_3D('',#7103,#7104,#7105);
#7103 = CARTESIAN_POINT('',(0.,0.,14.6));
#7104 = DIRECTION('',(0.,0.,-1.));
#7105 = DIRECTION('',(1.,0.,0.));
#7106 = ORIENTED_EDGE('',*,*,#7107,.F.);
#7107 = EDGE_CURVE('',#7108,#7097,#7110,.T.);
#7108 = VERTEX_POINT('',#7109);
#7109 = CARTESIAN_POINT('',(-0.25,-1.933907960581,13.6));
#7110 = B_SPLINE_CURVE_WITH_KNOTS('',3,(#7111,#7112,#7113,#7114,#7115,
    #7116,#7117,#7118,#7119,#7120),.UNSPECIFIED.,.F.,.F.,(4,2,2,2,4),(
    0.241437298122,0.278293280257,0.315303382286,0.352662729455,
    0.390948849819),.UNSPECIFIED.);
#7111 = CARTESIAN_POINT('',(-0.25,-1.933907960581,13.6));
#7112 = CARTESIAN_POINT('',(-0.25,-1.933907960581,13.722853273784));
#7113 = CARTESIAN_POINT('',(-0.25,-1.905035623814,13.867422298393));
#7114 = CARTESIAN_POINT('',(-0.25,-1.810537221274,14.094786496255));
#7115 = CARTESIAN_POINT('',(-0.25,-1.727996346526,14.217680623171));
#7116 = CARTESIAN_POINT('',(-0.25,-1.552293827446,14.392558078833));
#7117 = CARTESIAN_POINT('',(-0.25,-1.427709908204,14.475083106557));
#7118 = CARTESIAN_POINT('',(-0.25,-1.194504974893,14.57097819248));
#7119 = CARTESIAN_POINT('',(-0.25,-1.044135540204,14.6));
#7120 = CARTESIAN_POINT('',(-0.25,-0.916515138991,14.6));
#7121 = ORIENTED_EDGE('',*,*,#7122,.F.);
#7122 = EDGE_CURVE('',#7123,#7108,#7125,.T.);
#7123 = VERTEX_POINT('',#7124);
#7124 = CARTESIAN_POINT('',(-1.933907960581,-0.25,13.6));
#7125 = CIRCLE('',#7126,1.95);
#7126 = AXIS2_PLACEMENT_3D('',#7127,#7128,#7129);
#7127 = CARTESIAN_POINT('',(0.,0.,13.6));
#7128 = DIRECTION('',(0.,0.,1.));
#7129 = DIRECTION('',(1.,0.,-0.));
#7130 = ORIENTED_EDGE('',*,*,#7131,.F.);
#7131 = EDGE_CURVE('',#7099,#7123,#7132,.T.);
#7132 = B_SPLINE_CURVE_WITH_KNOTS('',3,(#7133,#7134,#7135,#7136,#7137,
    #7138,#7139,#7140,#7141,#7142),.UNSPECIFIED.,.F.,.F.,(4,2,2,2,4),(
    0.57480034267,0.613086463033,0.650445810202,0.687455912231,
    0.724311894366),.UNSPECIFIED.);
#7133 = CARTESIAN_POINT('',(-0.916515138991,-0.25,14.6));
#7134 = CARTESIAN_POINT('',(-1.044135540204,-0.25,14.6));
#7135 = CARTESIAN_POINT('',(-1.194504974893,-0.25,14.57097819248));
#7136 = CARTESIAN_POINT('',(-1.427709908204,-0.25,14.475083106557));
#7137 = CARTESIAN_POINT('',(-1.552293827446,-0.25,14.392558078833));
#7138 = CARTESIAN_POINT('',(-1.727996346526,-0.25,14.217680623171));
#7139 = CARTESIAN_POINT('',(-1.810537221274,-0.25,14.094786496255));
#7140 = CARTESIAN_POINT('',(-1.905035623814,-0.25,13.867422298393));
#7141 = CARTESIAN_POINT('',(-1.933907960581,-0.25,13.722853273784));
#7142 = CARTESIAN_POINT('',(-1.933907960581,-0.25,13.6));
#7143 = ( BOUNDED_SURFACE() B_SPLINE_SURFACE(2,2,(
    (#7144,#7145,#7146)
    ,(#7147,#7148,#7149)
    ,(#7150,#7151,#7152
)),.UNSPECIFIED.,.F.,.F.,.F.) B_SPLINE_SURFACE_WITH_KNOTS((3,3),(3,3),(
    0.,1.570796326795),(-3.013033693548,-1.699355286836),
.PIECEWISE_BEZIER_KNOTS.) GEOMETRIC_REPRESENTATION_ITEM() 
RATIONAL_B_SPLINE_SURFACE((
    (1.,0.7919262197,1.)
    ,(0.707106781187,0.559976400149,0.707106781187)
,(1.,0.7919262197,1.))) REPRESENTATION_ITEM('') SURFACE() );
#7144 = CARTESIAN_POINT('',(-1.933907960581,-0.25,13.6));
#7145 = CARTESIAN_POINT('',(-1.741144804925,-1.741144804925,13.6));
#7146 = CARTESIAN_POINT('',(-0.25,-1.933907960581,13.6));
#7147 = CARTESIAN_POINT('',(-1.933907960581,-0.25,14.6));
#7148 = CARTESIAN_POINT('',(-1.741144804925,-1.741144804925,14.6));
#7149 = CARTESIAN_POINT('',(-0.25,-1.933907960581,14.6));
#7150 = CARTESIAN_POINT('',(-0.942160288488,-0.121794871795,14.6));
#7151 = CARTESIAN_POINT('',(-0.848250033168,-0.848250033168,14.6));
#7152 = CARTESIAN_POINT('',(-0.121794871795,-0.942160288488,14.6));
#7153 = ADVANCED_FACE('',(#7154),#7204,.F.);
#7154 = FACE_BOUND('',#7155,.F.);
#7155 = EDGE_LOOP('',(#7156,#7167,#7182,#7191));
#7156 = ORIENTED_EDGE('',*,*,#7157,.F.);
#7157 = EDGE_CURVE('',#7158,#7160,#7162,.T.);
#7158 = VERTEX_POINT('',#7159);
#7159 = CARTESIAN_POINT('',(0.916515138991,-0.25,14.6));
#7160 = VERTEX_POINT('',#7161);
#7161 = CARTESIAN_POINT('',(0.25,-0.916515138991,14.6));
#7162 = CIRCLE('',#7163,0.95);
#7163 = AXIS2_PLACEMENT_3D('',#7164,#7165,#7166);
#7164 = CARTESIAN_POINT('',(0.,0.,14.6));
#7165 = DIRECTION('',(0.,0.,-1.));
#7166 = DIRECTION('',(1.,0.,0.));
#7167 = ORIENTED_EDGE('',*,*,#7168,.F.);
#7168 = EDGE_CURVE('',#7169,#7158,#7171,.T.);
#7169 = VERTEX_POINT('',#7170);
#7170 = CARTESIAN_POINT('',(1.933907960581,-0.25,13.6));
#7171 = B_SPLINE_CURVE_WITH_KNOTS('',3,(#7172,#7173,#7174,#7175,#7176,
    #7177,#7178,#7179,#7180,#7181),.UNSPECIFIED.,.F.,.F.,(4,2,2,2,4),(
    0.241437298122,0.278293280257,0.315303382286,0.352662729455,
    0.390948849819),.UNSPECIFIED.);
#7172 = CARTESIAN_POINT('',(1.933907960581,-0.25,13.6));
#7173 = CARTESIAN_POINT('',(1.933907960581,-0.25,13.722853273784));
#7174 = CARTESIAN_POINT('',(1.905035623814,-0.25,13.867422298393));
#7175 = CARTESIAN_POINT('',(1.810537221274,-0.25,14.094786496255));
#7176 = CARTESIAN_POINT('',(1.727996346526,-0.25,14.217680623171));
#7177 = CARTESIAN_POINT('',(1.552293827446,-0.25,14.392558078833));
#7178 = CARTESIAN_POINT('',(1.427709908204,-0.25,14.475083106557));
#7179 = CARTESIAN_POINT('',(1.194504974893,-0.25,14.57097819248));
#7180 = CARTESIAN_POINT('',(1.044135540204,-0.25,14.6));
#7181 = CARTESIAN_POINT('',(0.916515138991,-0.25,14.6));
#7182 = ORIENTED_EDGE('',*,*,#7183,.F.);
#7183 = EDGE_CURVE('',#7184,#7169,#7186,.T.);
#7184 = VERTEX_POINT('',#7185);
#7185 = CARTESIAN_POINT('',(0.25,-1.933907960581,13.6));
#7186 = CIRCLE('',#7187,1.95);
#7187 = AXIS2_PLACEMENT_3D('',#7188,#7189,#7190);
#7188 = CARTESIAN_POINT('',(0.,0.,13.6));
#7189 = DIRECTION('',(0.,0.,1.));
#7190 = DIRECTION('',(1.,0.,-0.));
#7191 = ORIENTED_EDGE('',*,*,#7192,.F.);
#7192 = EDGE_CURVE('',#7160,#7184,#7193,.T.);
#7193 = B_SPLINE_CURVE_WITH_KNOTS('',3,(#7194,#7195,#7196,#7197,#7198,
    #7199,#7200,#7201,#7202,#7203),.UNSPECIFIED.,.F.,.F.,(4,2,2,2,4),(
    0.57480034267,0.613086463033,0.650445810202,0.687455912231,
    0.724311894366),.UNSPECIFIED.);
#7194 = CARTESIAN_POINT('',(0.25,-0.916515138991,14.6));
#7195 = CARTESIAN_POINT('',(0.25,-1.044135540204,14.6));
#7196 = CARTESIAN_POINT('',(0.25,-1.194504974893,14.57097819248));
#7197 = CARTESIAN_POINT('',(0.25,-1.427709908204,14.475083106557));
#7198 = CARTESIAN_POINT('',(0.25,-1.552293827446,14.392558078833));
#7199 = CARTESIAN_POINT('',(0.25,-1.727996346526,14.217680623171));
#7200 = CARTESIAN_POINT('',(0.25,-1.810537221274,14.094786496255));
#7201 = CARTESIAN_POINT('',(0.25,-1.905035623814,13.867422298393));
#7202 = CARTESIAN_POINT('',(0.25,-1.933907960581,13.722853273784));
#7203 = CARTESIAN_POINT('',(0.25,-1.933907960581,13.6));
#7204 = ( BOUNDED_SURFACE() B_SPLINE_SURFACE(2,2,(
    (#7205,#7206,#7207)
    ,(#7208,#7209,#7210)
    ,(#7211,#7212,#7213
)),.UNSPECIFIED.,.F.,.F.,.F.) B_SPLINE_SURFACE_WITH_KNOTS((3,3),(3,3),(
    0.,1.570796326795),(-1.442237366753,-0.128558960041),
.PIECEWISE_BEZIER_KNOTS.) GEOMETRIC_REPRESENTATION_ITEM() 
RATIONAL_B_SPLINE_SURFACE((
    (1.,0.7919262197,1.)
    ,(0.707106781187,0.559976400149,0.707106781187)
,(1.,0.7919262197,1.))) REPRESENTATION_ITEM('') SURFACE() );
#7205 = CARTESIAN_POINT('',(0.25,-1.933907960581,13.6));
#7206 = CARTESIAN_POINT('',(1.741144804925,-1.741144804925,13.6));
#7207 = CARTESIAN_POINT('',(1.933907960581,-0.25,13.6));
#7208 = CARTESIAN_POINT('',(0.25,-1.933907960581,14.6));
#7209 = CARTESIAN_POINT('',(1.741144804925,-1.741144804925,14.6));
#7210 = CARTESIAN_POINT('',(1.933907960581,-0.25,14.6));
#7211 = CARTESIAN_POINT('',(0.121794871795,-0.942160288488,14.6));
#7212 = CARTESIAN_POINT('',(0.848250033168,-0.848250033168,14.6));
#7213 = CARTESIAN_POINT('',(0.942160288488,-0.121794871795,14.6));
#7214 = ADVANCED_FACE('',(#7215),#7231,.T.);
#7215 = FACE_BOUND('',#7216,.T.);
#7216 = EDGE_LOOP('',(#7217,#7223,#7224,#7230));
#7217 = ORIENTED_EDGE('',*,*,#7218,.T.);
#7218 = EDGE_CURVE('',#7062,#6809,#7219,.T.);
#7219 = LINE('',#7220,#7221);
#7220 = CARTESIAN_POINT('',(-0.25,1.933907960581,7.05));
#7221 = VECTOR('',#7222,1.);
#7222 = DIRECTION('',(0.,0.,-1.));
#7223 = ORIENTED_EDGE('',*,*,#6808,.F.);
#7224 = ORIENTED_EDGE('',*,*,#7225,.T.);
#7225 = EDGE_CURVE('',#6801,#7047,#7226,.T.);
#7226 = LINE('',#7227,#7228);
#7227 = CARTESIAN_POINT('',(-1.933907960581,0.25,7.05));
#7228 = VECTOR('',#7229,1.);
#7229 = DIRECTION('',(0.,0.,1.));
#7230 = ORIENTED_EDGE('',*,*,#7061,.F.);
#7231 = CYLINDRICAL_SURFACE('',#7232,1.95);
#7232 = AXIS2_PLACEMENT_3D('',#7233,#7234,#7235);
#7233 = CARTESIAN_POINT('',(0.,0.,7.05));
#7234 = DIRECTION('',(0.,0.,1.));
#7235 = DIRECTION('',(1.,0.,-0.));
#7236 = ADVANCED_FACE('',(#7237),#7253,.T.);
#7237 = FACE_BOUND('',#7238,.T.);
#7238 = EDGE_LOOP('',(#7239,#7245,#7246,#7252));
#7239 = ORIENTED_EDGE('',*,*,#7240,.T.);
#7240 = EDGE_CURVE('',#7123,#6766,#7241,.T.);
#7241 = LINE('',#7242,#7243);
#7242 = CARTESIAN_POINT('',(-1.933907960581,-0.25,7.05));
#7243 = VECTOR('',#7244,1.);
#7244 = DIRECTION('',(0.,0.,-1.));
#7245 = ORIENTED_EDGE('',*,*,#6765,.F.);
#7246 = ORIENTED_EDGE('',*,*,#7247,.T.);
#7247 = EDGE_CURVE('',#6758,#7108,#7248,.T.);
#7248 = LINE('',#7249,#7250);
#7249 = CARTESIAN_POINT('',(-0.25,-1.933907960581,7.05));
#7250 = VECTOR('',#7251,1.);
#7251 = DIRECTION('',(0.,0.,1.));
#7252 = ORIENTED_EDGE('',*,*,#7122,.F.);
#7253 = CYLINDRICAL_SURFACE('',#7254,1.95);
#7254 = AXIS2_PLACEMENT_3D('',#7255,#7256,#7257);
#7255 = CARTESIAN_POINT('',(0.,0.,7.05));
#7256 = DIRECTION('',(0.,0.,1.));
#7257 = DIRECTION('',(1.,0.,-0.));
#7258 = ADVANCED_FACE('',(#7259),#7275,.T.);
#7259 = FACE_BOUND('',#7260,.T.);
#7260 = EDGE_LOOP('',(#7261,#7267,#7268,#7274));
#7261 = ORIENTED_EDGE('',*,*,#7262,.T.);
#7262 = EDGE_CURVE('',#7184,#6732,#7263,.T.);
#7263 = LINE('',#7264,#7265);
#7264 = CARTESIAN_POINT('',(0.25,-1.933907960581,7.05));
#7265 = VECTOR('',#7266,1.);
#7266 = DIRECTION('',(0.,0.,-1.));
#7267 = ORIENTED_EDGE('',*,*,#6731,.F.);
#7268 = ORIENTED_EDGE('',*,*,#7269,.T.);
#7269 = EDGE_CURVE('',#6724,#7169,#7270,.T.);
#7270 = LINE('',#7271,#7272);
#7271 = CARTESIAN_POINT('',(1.933907960581,-0.25,7.05));
#7272 = VECTOR('',#7273,1.);
#7273 = DIRECTION('',(0.,0.,1.));
#7274 = ORIENTED_EDGE('',*,*,#7183,.F.);
#7275 = CYLINDRICAL_SURFACE('',#7276,1.95);
#7276 = AXIS2_PLACEMENT_3D('',#7277,#7278,#7279);
#7277 = CARTESIAN_POINT('',(0.,0.,7.05));
#7278 = DIRECTION('',(0.,0.,1.));
#7279 = DIRECTION('',(1.,0.,-0.));
#7280 = ADVANCED_FACE('',(#7281),#7307,.T.);
#7281 = FACE_BOUND('',#7282,.T.);
#7282 = EDGE_LOOP('',(#7283,#7291,#7292,#7300));
#7283 = ORIENTED_EDGE('',*,*,#7284,.T.);
#7284 = EDGE_CURVE('',#7285,#7038,#7287,.T.);
#7285 = VERTEX_POINT('',#7286);
#7286 = CARTESIAN_POINT('',(-0.25,0.707106781187,14.6));
#7287 = LINE('',#7288,#7289);
#7288 = CARTESIAN_POINT('',(-0.25,0.125,14.6));
#7289 = VECTOR('',#7290,1.);
#7290 = DIRECTION('',(0.,1.,0.));
#7291 = ORIENTED_EDGE('',*,*,#7035,.F.);
#7292 = ORIENTED_EDGE('',*,*,#7293,.T.);
#7293 = EDGE_CURVE('',#7036,#7294,#7296,.T.);
#7294 = VERTEX_POINT('',#7295);
#7295 = CARTESIAN_POINT('',(-0.707106781187,0.25,14.6));
#7296 = LINE('',#7297,#7298);
#7297 = CARTESIAN_POINT('',(-1.061741485945,0.25,14.6));
#7298 = VECTOR('',#7299,1.);
#7299 = DIRECTION('',(1.,0.,0.));
#7300 = ORIENTED_EDGE('',*,*,#7301,.T.);
#7301 = EDGE_CURVE('',#7294,#7285,#7302,.T.);
#7302 = CIRCLE('',#7303,0.75);
#7303 = AXIS2_PLACEMENT_3D('',#7304,#7305,#7306);
#7304 = CARTESIAN_POINT('',(3.703263240893E-17,0.,14.6));
#7305 = DIRECTION('',(0.,0.,-1.));
#7306 = DIRECTION('',(1.,0.,0.));
#7307 = PLANE('',#7308);
#7308 = AXIS2_PLACEMENT_3D('',#7309,#7310,#7311);
#7309 = CARTESIAN_POINT('',(0.,0.,14.6));
#7310 = DIRECTION('',(0.,0.,1.));
#7311 = DIRECTION('',(1.,0.,-0.));
#7312 = ADVANCED_FACE('',(#7313),#7339,.T.);
#7313 = FACE_BOUND('',#7314,.T.);
#7314 = EDGE_LOOP('',(#7315,#7323,#7324,#7332));
#7315 = ORIENTED_EDGE('',*,*,#7316,.T.);
#7316 = EDGE_CURVE('',#7317,#7099,#7319,.T.);
#7317 = VERTEX_POINT('',#7318);
#7318 = CARTESIAN_POINT('',(-0.707106781187,-0.25,14.6));
#7319 = LINE('',#7320,#7321);
#7320 = CARTESIAN_POINT('',(-0.125,-0.25,14.6));
#7321 = VECTOR('',#7322,1.);
#7322 = DIRECTION('',(-1.,0.,0.));
#7323 = ORIENTED_EDGE('',*,*,#7096,.F.);
#7324 = ORIENTED_EDGE('',*,*,#7325,.T.);
#7325 = EDGE_CURVE('',#7097,#7326,#7328,.T.);
#7326 = VERTEX_POINT('',#7327);
#7327 = CARTESIAN_POINT('',(-0.25,-0.707106781187,14.6));
#7328 = LINE('',#7329,#7330);
#7329 = CARTESIAN_POINT('',(-0.25,-1.063764024363,14.6));
#7330 = VECTOR('',#7331,1.);
#7331 = DIRECTION('',(0.,1.,0.));
#7332 = ORIENTED_EDGE('',*,*,#7333,.T.);
#7333 = EDGE_CURVE('',#7326,#7317,#7334,.T.);
#7334 = CIRCLE('',#7335,0.75);
#7335 = AXIS2_PLACEMENT_3D('',#7336,#7337,#7338);
#7336 = CARTESIAN_POINT('',(3.703263240893E-17,0.,14.6));
#7337 = DIRECTION('',(0.,0.,-1.));
#7338 = DIRECTION('',(1.,0.,0.));
#7339 = PLANE('',#7340);
#7340 = AXIS2_PLACEMENT_3D('',#7341,#7342,#7343);
#7341 = CARTESIAN_POINT('',(0.,0.,14.6));
#7342 = DIRECTION('',(0.,0.,1.));
#7343 = DIRECTION('',(1.,0.,-0.));
#7344 = ADVANCED_FACE('',(#7345),#7371,.T.);
#7345 = FACE_BOUND('',#7346,.T.);
#7346 = EDGE_LOOP('',(#7347,#7355,#7356,#7364));
#7347 = ORIENTED_EDGE('',*,*,#7348,.T.);
#7348 = EDGE_CURVE('',#7349,#7160,#7351,.T.);
#7349 = VERTEX_POINT('',#7350);
#7350 = CARTESIAN_POINT('',(0.25,-0.707106781187,14.6));
#7351 = LINE('',#7352,#7353);
#7352 = CARTESIAN_POINT('',(0.25,-0.125,14.6));
#7353 = VECTOR('',#7354,1.);
#7354 = DIRECTION('',(0.,-1.,0.));
#7355 = ORIENTED_EDGE('',*,*,#7157,.F.);
#7356 = ORIENTED_EDGE('',*,*,#7357,.T.);
#7357 = EDGE_CURVE('',#7158,#7358,#7360,.T.);
#7358 = VERTEX_POINT('',#7359);
#7359 = CARTESIAN_POINT('',(0.707106781187,-0.25,14.6));
#7360 = LINE('',#7361,#7362);
#7361 = CARTESIAN_POINT('',(1.061741485945,-0.25,14.6));
#7362 = VECTOR('',#7363,1.);
#7363 = DIRECTION('',(-1.,0.,0.));
#7364 = ORIENTED_EDGE('',*,*,#7365,.T.);
#7365 = EDGE_CURVE('',#7358,#7349,#7366,.T.);
#7366 = CIRCLE('',#7367,0.75);
#7367 = AXIS2_PLACEMENT_3D('',#7368,#7369,#7370);
#7368 = CARTESIAN_POINT('',(3.703263240893E-17,0.,14.6));
#7369 = DIRECTION('',(0.,0.,-1.));
#7370 = DIRECTION('',(1.,0.,0.));
#7371 = PLANE('',#7372);
#7372 = AXIS2_PLACEMENT_3D('',#7373,#7374,#7375);
#7373 = CARTESIAN_POINT('',(0.,0.,14.6));
#7374 = DIRECTION('',(0.,0.,1.));
#7375 = DIRECTION('',(1.,0.,-0.));
#7376 = ADVANCED_FACE('',(#7377),#7393,.F.);
#7377 = FACE_BOUND('',#7378,.F.);
#7378 = EDGE_LOOP('',(#7379,#7380,#7386,#7387));
#7379 = ORIENTED_EDGE('',*,*,#6976,.F.);
#7380 = ORIENTED_EDGE('',*,*,#7381,.F.);
#7381 = EDGE_CURVE('',#7294,#6792,#7382,.T.);
#7382 = LINE('',#7383,#7384);
#7383 = CARTESIAN_POINT('',(-0.707106781187,0.25,10.825));
#7384 = VECTOR('',#7385,1.);
#7385 = DIRECTION('',(0.,0.,-1.));
#7386 = ORIENTED_EDGE('',*,*,#7301,.T.);
#7387 = ORIENTED_EDGE('',*,*,#7388,.F.);
#7388 = EDGE_CURVE('',#6818,#7285,#7389,.T.);
#7389 = LINE('',#7390,#7391);
#7390 = CARTESIAN_POINT('',(-0.25,0.707106781187,10.825));
#7391 = VECTOR('',#7392,1.);
#7392 = DIRECTION('',(0.,0.,1.));
#7393 = CYLINDRICAL_SURFACE('',#7394,0.75);
#7394 = AXIS2_PLACEMENT_3D('',#7395,#7396,#7397);
#7395 = CARTESIAN_POINT('',(3.703263240893E-17,0.,10.825));
#7396 = DIRECTION('',(0.,0.,-1.));
#7397 = DIRECTION('',(1.,0.,0.));
#7398 = ADVANCED_FACE('',(#7399),#7415,.F.);
#7399 = FACE_BOUND('',#7400,.F.);
#7400 = EDGE_LOOP('',(#7401,#7402,#7408,#7409));
#7401 = ORIENTED_EDGE('',*,*,#6958,.F.);
#7402 = ORIENTED_EDGE('',*,*,#7403,.F.);
#7403 = EDGE_CURVE('',#7326,#6749,#7404,.T.);
#7404 = LINE('',#7405,#7406);
#7405 = CARTESIAN_POINT('',(-0.25,-0.707106781187,10.825));
#7406 = VECTOR('',#7407,1.);
#7407 = DIRECTION('',(0.,0.,-1.));
#7408 = ORIENTED_EDGE('',*,*,#7333,.T.);
#7409 = ORIENTED_EDGE('',*,*,#7410,.F.);
#7410 = EDGE_CURVE('',#6775,#7317,#7411,.T.);
#7411 = LINE('',#7412,#7413);
#7412 = CARTESIAN_POINT('',(-0.707106781187,-0.25,10.825));
#7413 = VECTOR('',#7414,1.);
#7414 = DIRECTION('',(0.,0.,1.));
#7415 = CYLINDRICAL_SURFACE('',#7416,0.75);
#7416 = AXIS2_PLACEMENT_3D('',#7417,#7418,#7419);
#7417 = CARTESIAN_POINT('',(3.703263240893E-17,0.,10.825));
#7418 = DIRECTION('',(0.,0.,-1.));
#7419 = DIRECTION('',(1.,0.,0.));
#7420 = ADVANCED_FACE('',(#7421),#7437,.F.);
#7421 = FACE_BOUND('',#7422,.F.);
#7422 = EDGE_LOOP('',(#7423,#7424,#7430,#7431));
#7423 = ORIENTED_EDGE('',*,*,#6950,.F.);
#7424 = ORIENTED_EDGE('',*,*,#7425,.F.);
#7425 = EDGE_CURVE('',#7358,#6715,#7426,.T.);
#7426 = LINE('',#7427,#7428);
#7427 = CARTESIAN_POINT('',(0.707106781187,-0.25,10.825));
#7428 = VECTOR('',#7429,1.);
#7429 = DIRECTION('',(0.,0.,-1.));
#7430 = ORIENTED_EDGE('',*,*,#7365,.T.);
#7431 = ORIENTED_EDGE('',*,*,#7432,.F.);
#7432 = EDGE_CURVE('',#6741,#7349,#7433,.T.);
#7433 = LINE('',#7434,#7435);
#7434 = CARTESIAN_POINT('',(0.25,-0.707106781187,10.825));
#7435 = VECTOR('',#7436,1.);
#7436 = DIRECTION('',(0.,0.,1.));
#7437 = CYLINDRICAL_SURFACE('',#7438,0.75);
#7438 = AXIS2_PLACEMENT_3D('',#7439,#7440,#7441);
#7439 = CARTESIAN_POINT('',(3.703263240893E-17,0.,10.825));
#7440 = DIRECTION('',(0.,0.,-1.));
#7441 = DIRECTION('',(1.,0.,0.));
#7442 = ADVANCED_FACE('',(#7443),#7450,.F.);
#7443 = FACE_BOUND('',#7444,.T.);
#7444 = EDGE_LOOP('',(#7445,#7446,#7447,#7448,#7449));
#7445 = ORIENTED_EDGE('',*,*,#7425,.F.);
#7446 = ORIENTED_EDGE('',*,*,#7357,.F.);
#7447 = ORIENTED_EDGE('',*,*,#7168,.F.);
#7448 = ORIENTED_EDGE('',*,*,#7269,.F.);
#7449 = ORIENTED_EDGE('',*,*,#6723,.T.);
#7450 = PLANE('',#7451);
#7451 = AXIS2_PLACEMENT_3D('',#7452,#7453,#7454);
#7452 = CARTESIAN_POINT('',(2.123482971891,-0.25,14.6));
#7453 = DIRECTION('',(0.,-1.,0.));
#7454 = DIRECTION('',(-1.,0.,0.));
#7455 = ADVANCED_FACE('',(#7456),#7463,.F.);
#7456 = FACE_BOUND('',#7457,.T.);
#7457 = EDGE_LOOP('',(#7458,#7459,#7460,#7461,#7462));
#7458 = ORIENTED_EDGE('',*,*,#7403,.F.);
#7459 = ORIENTED_EDGE('',*,*,#7325,.F.);
#7460 = ORIENTED_EDGE('',*,*,#7107,.F.);
#7461 = ORIENTED_EDGE('',*,*,#7247,.F.);
#7462 = ORIENTED_EDGE('',*,*,#6757,.T.);
#7463 = PLANE('',#7464);
#7464 = AXIS2_PLACEMENT_3D('',#7465,#7466,#7467);
#7465 = CARTESIAN_POINT('',(-0.25,-2.127528048725,14.6));
#7466 = DIRECTION('',(-1.,0.,0.));
#7467 = DIRECTION('',(0.,1.,0.));
#7468 = ADVANCED_FACE('',(#7469),#7476,.F.);
#7469 = FACE_BOUND('',#7470,.T.);
#7470 = EDGE_LOOP('',(#7471,#7472,#7473,#7474,#7475));
#7471 = ORIENTED_EDGE('',*,*,#6936,.F.);
#7472 = ORIENTED_EDGE('',*,*,#6848,.F.);
#7473 = ORIENTED_EDGE('',*,*,#7009,.F.);
#7474 = ORIENTED_EDGE('',*,*,#6890,.F.);
#7475 = ORIENTED_EDGE('',*,*,#6834,.T.);
#7476 = PLANE('',#7477);
#7477 = AXIS2_PLACEMENT_3D('',#7478,#7479,#7480);
#7478 = CARTESIAN_POINT('',(0.25,2.127528048725,14.6));
#7479 = DIRECTION('',(1.,0.,0.));
#7480 = DIRECTION('',(0.,-1.,0.));
#7481 = ADVANCED_FACE('',(#7482),#7489,.F.);
#7482 = FACE_BOUND('',#7483,.T.);
#7483 = EDGE_LOOP('',(#7484,#7485,#7486,#7487,#7488));
#7484 = ORIENTED_EDGE('',*,*,#6923,.F.);
#7485 = ORIENTED_EDGE('',*,*,#6706,.T.);
#7486 = ORIENTED_EDGE('',*,*,#6907,.F.);
#7487 = ORIENTED_EDGE('',*,*,#6995,.F.);
#7488 = ORIENTED_EDGE('',*,*,#6867,.F.);
#7489 = PLANE('',#7490);
#7490 = AXIS2_PLACEMENT_3D('',#7491,#7492,#7493);
#7491 = CARTESIAN_POINT('',(0.25,0.25,14.6));
#7492 = DIRECTION('',(0.,1.,0.));
#7493 = DIRECTION('',(1.,0.,0.));
#7494 = ADVANCED_FACE('',(#7495),#7502,.F.);
#7495 = FACE_BOUND('',#7496,.T.);
#7496 = EDGE_LOOP('',(#7497,#7498,#7499,#7500,#7501));
#7497 = ORIENTED_EDGE('',*,*,#7432,.F.);
#7498 = ORIENTED_EDGE('',*,*,#6740,.T.);
#7499 = ORIENTED_EDGE('',*,*,#7262,.F.);
#7500 = ORIENTED_EDGE('',*,*,#7192,.F.);
#7501 = ORIENTED_EDGE('',*,*,#7348,.F.);
#7502 = PLANE('',#7503);
#7503 = AXIS2_PLACEMENT_3D('',#7504,#7505,#7506);
#7504 = CARTESIAN_POINT('',(0.25,-0.25,14.6));
#7505 = DIRECTION('',(1.,0.,0.));
#7506 = DIRECTION('',(0.,-1.,0.));
#7507 = ADVANCED_FACE('',(#7508),#7515,.F.);
#7508 = FACE_BOUND('',#7509,.T.);
#7509 = EDGE_LOOP('',(#7510,#7511,#7512,#7513,#7514));
#7510 = ORIENTED_EDGE('',*,*,#7410,.F.);
#7511 = ORIENTED_EDGE('',*,*,#6774,.T.);
#7512 = ORIENTED_EDGE('',*,*,#7240,.F.);
#7513 = ORIENTED_EDGE('',*,*,#7131,.F.);
#7514 = ORIENTED_EDGE('',*,*,#7316,.F.);
#7515 = PLANE('',#7516);
#7516 = AXIS2_PLACEMENT_3D('',#7517,#7518,#7519);
#7517 = CARTESIAN_POINT('',(-0.25,-0.25,14.6));
#7518 = DIRECTION('',(0.,-1.,0.));
#7519 = DIRECTION('',(-1.,0.,0.));
#7520 = ADVANCED_FACE('',(#7521),#7528,.F.);
#7521 = FACE_BOUND('',#7522,.T.);
#7522 = EDGE_LOOP('',(#7523,#7524,#7525,#7526,#7527));
#7523 = ORIENTED_EDGE('',*,*,#7225,.F.);
#7524 = ORIENTED_EDGE('',*,*,#6800,.T.);
#7525 = ORIENTED_EDGE('',*,*,#7381,.F.);
#7526 = ORIENTED_EDGE('',*,*,#7293,.F.);
#7527 = ORIENTED_EDGE('',*,*,#7046,.F.);
#7528 = PLANE('',#7529);
#7529 = AXIS2_PLACEMENT_3D('',#7530,#7531,#7532);
#7530 = CARTESIAN_POINT('',(-2.123482971891,0.25,14.6));
#7531 = DIRECTION('',(0.,1.,0.));
#7532 = DIRECTION('',(1.,0.,0.));
#7533 = ADVANCED_FACE('',(#7534),#7541,.F.);
#7534 = FACE_BOUND('',#7535,.T.);
#7535 = EDGE_LOOP('',(#7536,#7537,#7538,#7539,#7540));
#7536 = ORIENTED_EDGE('',*,*,#7388,.F.);
#7537 = ORIENTED_EDGE('',*,*,#6817,.T.);
#7538 = ORIENTED_EDGE('',*,*,#7218,.F.);
#7539 = ORIENTED_EDGE('',*,*,#7070,.F.);
#7540 = ORIENTED_EDGE('',*,*,#7284,.F.);
#7541 = PLANE('',#7542);
#7542 = AXIS2_PLACEMENT_3D('',#7543,#7544,#7545);
#7543 = CARTESIAN_POINT('',(-0.25,0.25,14.6));
#7544 = DIRECTION('',(-1.,0.,0.));
#7545 = DIRECTION('',(0.,1.,0.));
#7546 = ADVANCED_FACE('',(#7547),#7617,.F.);
#7547 = FACE_BOUND('',#7548,.F.);
#7548 = EDGE_LOOP('',(#7549,#7560,#7568,#7577,#7585,#7594,#7601,#7602,
    #7611));
#7549 = ORIENTED_EDGE('',*,*,#7550,.F.);
#7550 = EDGE_CURVE('',#7551,#7553,#7555,.T.);
#7551 = VERTEX_POINT('',#7552);
#7552 = CARTESIAN_POINT('',(0.,-1.5,-1.5));
#7553 = VERTEX_POINT('',#7554);
#7554 = CARTESIAN_POINT('',(0.,1.5,-1.5));
#7555 = CIRCLE('',#7556,1.5);
#7556 = AXIS2_PLACEMENT_3D('',#7557,#7558,#7559);
#7557 = CARTESIAN_POINT('',(-8.381069439917E-17,0.,-1.5));
#7558 = DIRECTION('',(0.,0.,-1.));
#7559 = DIRECTION('',(-1.,0.,0.));
#7560 = ORIENTED_EDGE('',*,*,#7561,.F.);
#7561 = EDGE_CURVE('',#7562,#7551,#7564,.T.);
#7562 = VERTEX_POINT('',#7563);
#7563 = CARTESIAN_POINT('',(0.,-1.5,-4.5));
#7564 = LINE('',#7565,#7566);
#7565 = CARTESIAN_POINT('',(0.,-1.5,-1.5));
#7566 = VECTOR('',#7567,1.);
#7567 = DIRECTION('',(0.,0.,1.));
#7568 = ORIENTED_EDGE('',*,*,#7569,.T.);
#7569 = EDGE_CURVE('',#7562,#7570,#7572,.T.);
#7570 = VERTEX_POINT('',#7571);
#7571 = CARTESIAN_POINT('',(1.5,1.836970198721E-16,-4.5));
#7572 = CIRCLE('',#7573,1.5);
#7573 = AXIS2_PLACEMENT_3D('',#7574,#7575,#7576);
#7574 = CARTESIAN_POINT('',(-8.381069439917E-17,0.,-4.5));
#7575 = DIRECTION('',(0.,0.,1.));
#7576 = DIRECTION('',(-1.,0.,0.));
#7577 = ORIENTED_EDGE('',*,*,#7578,.T.);
#7578 = EDGE_CURVE('',#7570,#7579,#7581,.T.);
#7579 = VERTEX_POINT('',#7580);
#7580 = CARTESIAN_POINT('',(1.5,1.836970198721E-16,1.5));
#7581 = LINE('',#7582,#7583);
#7582 = CARTESIAN_POINT('',(1.5,1.836970198721E-16,-1.5));
#7583 = VECTOR('',#7584,1.);
#7584 = DIRECTION('',(0.,0.,1.));
#7585 = ORIENTED_EDGE('',*,*,#7586,.F.);
#7586 = EDGE_CURVE('',#7587,#7579,#7589,.T.);
#7587 = VERTEX_POINT('',#7588);
#7588 = CARTESIAN_POINT('',(-1.5,0.,1.5));
#7589 = CIRCLE('',#7590,1.5);
#7590 = AXIS2_PLACEMENT_3D('',#7591,#7592,#7593);
#7591 = CARTESIAN_POINT('',(-8.381069439917E-17,0.,1.5));
#7592 = DIRECTION('',(0.,0.,1.));
#7593 = DIRECTION('',(-1.,0.,0.));
#7594 = ORIENTED_EDGE('',*,*,#7595,.F.);
#7595 = EDGE_CURVE('',#7579,#7587,#7596,.T.);
#7596 = CIRCLE('',#7597,1.5);
#7597 = AXIS2_PLACEMENT_3D('',#7598,#7599,#7600);
#7598 = CARTESIAN_POINT('',(-8.381069439917E-17,0.,1.5));
#7599 = DIRECTION('',(0.,0.,1.));
#7600 = DIRECTION('',(-1.,0.,0.));
#7601 = ORIENTED_EDGE('',*,*,#7578,.F.);
#7602 = ORIENTED_EDGE('',*,*,#7603,.T.);
#7603 = EDGE_CURVE('',#7570,#7604,#7606,.T.);
#7604 = VERTEX_POINT('',#7605);
#7605 = CARTESIAN_POINT('',(0.,1.5,-4.5));
#7606 = CIRCLE('',#7607,1.5);
#7607 = AXIS2_PLACEMENT_3D('',#7608,#7609,#7610);
#7608 = CARTESIAN_POINT('',(-8.381069439917E-17,0.,-4.5));
#7609 = DIRECTION('',(0.,0.,1.));
#7610 = DIRECTION('',(-1.,0.,0.));
#7611 = ORIENTED_EDGE('',*,*,#7612,.F.);
#7612 = EDGE_CURVE('',#7553,#7604,#7613,.T.);
#7613 = LINE('',#7614,#7615);
#7614 = CARTESIAN_POINT('',(0.,1.5,-1.5));
#7615 = VECTOR('',#7616,1.);
#7616 = DIRECTION('',(0.,0.,-1.));
#7617 = CYLINDRICAL_SURFACE('',#7618,1.5);
#7618 = AXIS2_PLACEMENT_3D('',#7619,#7620,#7621);
#7619 = CARTESIAN_POINT('',(-8.381069439917E-17,0.,-1.5));
#7620 = DIRECTION('',(0.,0.,1.));
#7621 = DIRECTION('',(-1.,0.,0.));
#7622 = ADVANCED_FACE('',(#7623),#7636,.F.);
#7623 = FACE_BOUND('',#7624,.F.);
#7624 = EDGE_LOOP('',(#7625,#7633,#7634,#7635));
#7625 = ORIENTED_EDGE('',*,*,#7626,.T.);
#7626 = EDGE_CURVE('',#7579,#7627,#7629,.T.);
#7627 = VERTEX_POINT('',#7628);
#7628 = CARTESIAN_POINT('',(-8.381069439917E-17,0.,2.401290928541));
#7629 = LINE('',#7630,#7631);
#7630 = CARTESIAN_POINT('',(0.75,9.184850993605E-17,1.950645464271));
#7631 = VECTOR('',#7632,1.);
#7632 = DIRECTION('',(-0.857167300702,-1.049727191139E-16,0.51503807491)
  );
#7633 = ORIENTED_EDGE('',*,*,#7626,.F.);
#7634 = ORIENTED_EDGE('',*,*,#7595,.T.);
#7635 = ORIENTED_EDGE('',*,*,#7586,.T.);
#7636 = CONICAL_SURFACE('',#7637,0.75,1.029744258677);
#7637 = AXIS2_PLACEMENT_3D('',#7638,#7639,#7640);
#7638 = CARTESIAN_POINT('',(-8.381069439917E-17,0.,1.950645464271));
#7639 = DIRECTION('',(0.,0.,-1.));
#7640 = DIRECTION('',(-1.,0.,0.));
#7641 = ADVANCED_FACE('',(#7642),#7696,.T.);
#7642 = FACE_BOUND('',#7643,.T.);
#7643 = EDGE_LOOP('',(#7644,#7654,#7663,#7671,#7680,#7686,#7687,#7688,
    #7689));
#7644 = ORIENTED_EDGE('',*,*,#7645,.T.);
#7645 = EDGE_CURVE('',#7646,#7648,#7650,.T.);
#7646 = VERTEX_POINT('',#7647);
#7647 = CARTESIAN_POINT('',(0.,2.15,-4.5));
#7648 = VERTEX_POINT('',#7649);
#7649 = CARTESIAN_POINT('',(0.,2.15,-1.5));
#7650 = LINE('',#7651,#7652);
#7651 = CARTESIAN_POINT('',(0.,2.15,3.));
#7652 = VECTOR('',#7653,1.);
#7653 = DIRECTION('',(0.,0.,1.));
#7654 = ORIENTED_EDGE('',*,*,#7655,.T.);
#7655 = EDGE_CURVE('',#7648,#7656,#7658,.T.);
#7656 = VERTEX_POINT('',#7657);
#7657 = CARTESIAN_POINT('',(0.,-2.15,-1.5));
#7658 = CIRCLE('',#7659,2.15);
#7659 = AXIS2_PLACEMENT_3D('',#7660,#7661,#7662);
#7660 = CARTESIAN_POINT('',(0.,0.,-1.5));
#7661 = DIRECTION('',(0.,0.,1.));
#7662 = DIRECTION('',(-1.,0.,0.));
#7663 = ORIENTED_EDGE('',*,*,#7664,.T.);
#7664 = EDGE_CURVE('',#7656,#7665,#7667,.T.);
#7665 = VERTEX_POINT('',#7666);
#7666 = CARTESIAN_POINT('',(0.,-2.15,-4.5));
#7667 = LINE('',#7668,#7669);
#7668 = CARTESIAN_POINT('',(0.,-2.15,3.));
#7669 = VECTOR('',#7670,1.);
#7670 = DIRECTION('',(0.,0.,-1.));
#7671 = ORIENTED_EDGE('',*,*,#7672,.F.);
#7672 = EDGE_CURVE('',#7673,#7665,#7675,.T.);
#7673 = VERTEX_POINT('',#7674);
#7674 = CARTESIAN_POINT('',(2.15,-2.632990618167E-16,-4.5));
#7675 = CIRCLE('',#7676,2.15);
#7676 = AXIS2_PLACEMENT_3D('',#7677,#7678,#7679);
#7677 = CARTESIAN_POINT('',(0.,0.,-4.5));
#7678 = DIRECTION('',(0.,0.,-1.));
#7679 = DIRECTION('',(-1.,0.,0.));
#7680 = ORIENTED_EDGE('',*,*,#7681,.T.);
#7681 = EDGE_CURVE('',#7673,#6678,#7682,.T.);
#7682 = LINE('',#7683,#7684);
#7683 = CARTESIAN_POINT('',(2.15,-2.632990618167E-16,3.));
#7684 = VECTOR('',#7685,1.);
#7685 = DIRECTION('',(0.,0.,1.));
#7686 = ORIENTED_EDGE('',*,*,#6675,.F.);
#7687 = ORIENTED_EDGE('',*,*,#6686,.F.);
#7688 = ORIENTED_EDGE('',*,*,#7681,.F.);
#7689 = ORIENTED_EDGE('',*,*,#7690,.F.);
#7690 = EDGE_CURVE('',#7646,#7673,#7691,.T.);
#7691 = CIRCLE('',#7692,2.15);
#7692 = AXIS2_PLACEMENT_3D('',#7693,#7694,#7695);
#7693 = CARTESIAN_POINT('',(0.,0.,-4.5));
#7694 = DIRECTION('',(0.,0.,-1.));
#7695 = DIRECTION('',(-1.,0.,0.));
#7696 = CYLINDRICAL_SURFACE('',#7697,2.15);
#7697 = AXIS2_PLACEMENT_3D('',#7698,#7699,#7700);
#7698 = CARTESIAN_POINT('',(0.,0.,3.));
#7699 = DIRECTION('',(0.,0.,-1.));
#7700 = DIRECTION('',(-1.,0.,0.));
#7701 = ADVANCED_FACE('',(#7702),#7720,.T.);
#7702 = FACE_BOUND('',#7703,.T.);
#7703 = EDGE_LOOP('',(#7704,#7710,#7711,#7712,#7718,#7719));
#7704 = ORIENTED_EDGE('',*,*,#7705,.T.);
#7705 = EDGE_CURVE('',#7604,#7646,#7706,.T.);
#7706 = LINE('',#7707,#7708);
#7707 = CARTESIAN_POINT('',(0.,-1.075,-4.5));
#7708 = VECTOR('',#7709,1.);
#7709 = DIRECTION('',(0.,1.,0.));
#7710 = ORIENTED_EDGE('',*,*,#7690,.T.);
#7711 = ORIENTED_EDGE('',*,*,#7672,.T.);
#7712 = ORIENTED_EDGE('',*,*,#7713,.T.);
#7713 = EDGE_CURVE('',#7665,#7562,#7714,.T.);
#7714 = LINE('',#7715,#7716);
#7715 = CARTESIAN_POINT('',(0.,-1.075,-4.5));
#7716 = VECTOR('',#7717,1.);
#7717 = DIRECTION('',(0.,1.,0.));
#7718 = ORIENTED_EDGE('',*,*,#7569,.T.);
#7719 = ORIENTED_EDGE('',*,*,#7603,.T.);
#7720 = PLANE('',#7721);
#7721 = AXIS2_PLACEMENT_3D('',#7722,#7723,#7724);
#7722 = CARTESIAN_POINT('',(0.,0.,-4.5));
#7723 = DIRECTION('',(0.,0.,-1.));
#7724 = DIRECTION('',(-1.,0.,0.));
#7725 = ADVANCED_FACE('',(#7726),#7742,.F.);
#7726 = FACE_BOUND('',#7727,.T.);
#7727 = EDGE_LOOP('',(#7728,#7729,#7735,#7736));
#7728 = ORIENTED_EDGE('',*,*,#7550,.F.);
#7729 = ORIENTED_EDGE('',*,*,#7730,.F.);
#7730 = EDGE_CURVE('',#7656,#7551,#7731,.T.);
#7731 = LINE('',#7732,#7733);
#7732 = CARTESIAN_POINT('',(0.,-2.15,-1.5));
#7733 = VECTOR('',#7734,1.);
#7734 = DIRECTION('',(0.,1.,0.));
#7735 = ORIENTED_EDGE('',*,*,#7655,.F.);
#7736 = ORIENTED_EDGE('',*,*,#7737,.F.);
#7737 = EDGE_CURVE('',#7553,#7648,#7738,.T.);
#7738 = LINE('',#7739,#7740);
#7739 = CARTESIAN_POINT('',(0.,-2.15,-1.5));
#7740 = VECTOR('',#7741,1.);
#7741 = DIRECTION('',(0.,1.,0.));
#7742 = PLANE('',#7743);
#7743 = AXIS2_PLACEMENT_3D('',#7744,#7745,#7746);
#7744 = CARTESIAN_POINT('',(-2.89999993518,-2.15,-1.5));
#7745 = DIRECTION('',(0.,0.,1.));
#7746 = DIRECTION('',(1.,0.,-0.));
#7747 = ADVANCED_FACE('',(#7748),#7754,.F.);
#7748 = FACE_BOUND('',#7749,.T.);
#7749 = EDGE_LOOP('',(#7750,#7751,#7752,#7753));
#7750 = ORIENTED_EDGE('',*,*,#7612,.F.);
#7751 = ORIENTED_EDGE('',*,*,#7737,.T.);
#7752 = ORIENTED_EDGE('',*,*,#7645,.F.);
#7753 = ORIENTED_EDGE('',*,*,#7705,.F.);
#7754 = PLANE('',#7755);
#7755 = AXIS2_PLACEMENT_3D('',#7756,#7757,#7758);
#7756 = CARTESIAN_POINT('',(0.,-2.15,-1.5));
#7757 = DIRECTION('',(1.,0.,0.));
#7758 = DIRECTION('',(0.,0.,-1.));
#7759 = ADVANCED_FACE('',(#7760),#7766,.F.);
#7760 = FACE_BOUND('',#7761,.T.);
#7761 = EDGE_LOOP('',(#7762,#7763,#7764,#7765));
#7762 = ORIENTED_EDGE('',*,*,#7561,.F.);
#7763 = ORIENTED_EDGE('',*,*,#7713,.F.);
#7764 = ORIENTED_EDGE('',*,*,#7664,.F.);
#7765 = ORIENTED_EDGE('',*,*,#7730,.T.);
#7766 = PLANE('',#7767);
#7767 = AXIS2_PLACEMENT_3D('',#7768,#7769,#7770);
#7768 = CARTESIAN_POINT('',(0.,-2.15,-1.5));
#7769 = DIRECTION('',(1.,0.,0.));
#7770 = DIRECTION('',(0.,0.,-1.));
#7771 = MANIFOLD_SOLID_BREP('',#7772);
#7772 = CLOSED_SHELL('',(#7773,#7815,#7857,#7897,#7928,#7959,#7981,#7993
    ,#8033,#8064,#8095,#8117,#8129,#8169,#8200,#8231,#8253,#8265,#8305,
    #8336,#8367,#8398,#8429,#8460,#8491,#8522,#8553,#8584,#8615,#8637,
    #8657,#8690,#8702,#8735,#8747,#8787,#8827,#8849,#8959,#8990,#9014,
    #9042,#9059,#9071,#9102,#9126,#9154,#9178,#9202,#9219,#9265,#9296,
    #9333,#9364,#9401,#9437,#9459));
#7773 = ADVANCED_FACE('',(#7774),#7810,.F.);
#7774 = FACE_BOUND('',#7775,.F.);
#7775 = EDGE_LOOP('',(#7776,#7786,#7793,#7794,#7803));
#7776 = ORIENTED_EDGE('',*,*,#7777,.T.);
#7777 = EDGE_CURVE('',#7778,#7780,#7782,.T.);
#7778 = VERTEX_POINT('',#7779);
#7779 = CARTESIAN_POINT('',(2.15,-2.632990618167E-16,6.7));
#7780 = VERTEX_POINT('',#7781);
#7781 = CARTESIAN_POINT('',(2.15,-2.632990618167E-16,3.));
#7782 = LINE('',#7783,#7784);
#7783 = CARTESIAN_POINT('',(2.15,-2.632990618167E-16,3.));
#7784 = VECTOR('',#7785,1.);
#7785 = DIRECTION('',(0.,0.,-1.));
#7786 = ORIENTED_EDGE('',*,*,#7787,.T.);
#7787 = EDGE_CURVE('',#7780,#7780,#7788,.T.);
#7788 = CIRCLE('',#7789,2.15);
#7789 = AXIS2_PLACEMENT_3D('',#7790,#7791,#7792);
#7790 = CARTESIAN_POINT('',(0.,0.,3.));
#7791 = DIRECTION('',(0.,0.,1.));
#7792 = DIRECTION('',(-1.,0.,0.));
#7793 = ORIENTED_EDGE('',*,*,#7777,.F.);
#7794 = ORIENTED_EDGE('',*,*,#7795,.T.);
#7795 = EDGE_CURVE('',#7778,#7796,#7798,.T.);
#7796 = VERTEX_POINT('',#7797);
#7797 = CARTESIAN_POINT('',(-2.15,-2.632990618167E-16,6.7));
#7798 = CIRCLE('',#7799,2.15);
#7799 = AXIS2_PLACEMENT_3D('',#7800,#7801,#7802);
#7800 = CARTESIAN_POINT('',(0.,0.,6.7));
#7801 = DIRECTION('',(0.,0.,-1.));
#7802 = DIRECTION('',(1.,0.,0.));
#7803 = ORIENTED_EDGE('',*,*,#7804,.T.);
#7804 = EDGE_CURVE('',#7796,#7778,#7805,.T.);
#7805 = CIRCLE('',#7806,2.15);
#7806 = AXIS2_PLACEMENT_3D('',#7807,#7808,#7809);
#7807 = CARTESIAN_POINT('',(0.,0.,6.7));
#7808 = DIRECTION('',(0.,0.,-1.));
#7809 = DIRECTION('',(1.,0.,0.));
#7810 = CYLINDRICAL_SURFACE('',#7811,2.15);
#7811 = AXIS2_PLACEMENT_3D('',#7812,#7813,#7814);
#7812 = CARTESIAN_POINT('',(0.,0.,3.));
#7813 = DIRECTION('',(0.,0.,-1.));
#7814 = DIRECTION('',(-1.,0.,0.));
#7815 = ADVANCED_FACE('',(#7816),#7852,.F.);
#7816 = FACE_BOUND('',#7817,.F.);
#7817 = EDGE_LOOP('',(#7818,#7828,#7835,#7836,#7845));
#7818 = ORIENTED_EDGE('',*,*,#7819,.T.);
#7819 = EDGE_CURVE('',#7820,#7822,#7824,.T.);
#7820 = VERTEX_POINT('',#7821);
#7821 = CARTESIAN_POINT('',(9.35,-2.632990618167E-16,6.7));
#7822 = VERTEX_POINT('',#7823);
#7823 = CARTESIAN_POINT('',(9.35,-2.632990618167E-16,3.));
#7824 = LINE('',#7825,#7826);
#7825 = CARTESIAN_POINT('',(9.35,-2.632990618167E-16,3.));
#7826 = VECTOR('',#7827,1.);
#7827 = DIRECTION('',(0.,0.,-1.));
#7828 = ORIENTED_EDGE('',*,*,#7829,.T.);
#7829 = EDGE_CURVE('',#7822,#7822,#7830,.T.);
#7830 = CIRCLE('',#7831,2.15);
#7831 = AXIS2_PLACEMENT_3D('',#7832,#7833,#7834);
#7832 = CARTESIAN_POINT('',(7.2,0.,3.));
#7833 = DIRECTION('',(0.,0.,1.));
#7834 = DIRECTION('',(-1.,0.,0.));
#7835 = ORIENTED_EDGE('',*,*,#7819,.F.);
#7836 = ORIENTED_EDGE('',*,*,#7837,.T.);
#7837 = EDGE_CURVE('',#7820,#7838,#7840,.T.);
#7838 = VERTEX_POINT('',#7839);
#7839 = CARTESIAN_POINT('',(5.05,-2.632990618167E-16,6.7));
#7840 = CIRCLE('',#7841,2.15);
#7841 = AXIS2_PLACEMENT_3D('',#7842,#7843,#7844);
#7842 = CARTESIAN_POINT('',(7.2,0.,6.7));
#7843 = DIRECTION('',(0.,0.,-1.));
#7844 = DIRECTION('',(1.,0.,0.));
#7845 = ORIENTED_EDGE('',*,*,#7846,.T.);
#7846 = EDGE_CURVE('',#7838,#7820,#7847,.T.);
#7847 = CIRCLE('',#7848,2.15);
#7848 = AXIS2_PLACEMENT_3D('',#7849,#7850,#7851);
#7849 = CARTESIAN_POINT('',(7.2,0.,6.7));
#7850 = DIRECTION('',(0.,0.,-1.));
#7851 = DIRECTION('',(1.,0.,0.));
#7852 = CYLINDRICAL_SURFACE('',#7853,2.15);
#7853 = AXIS2_PLACEMENT_3D('',#7854,#7855,#7856);
#7854 = CARTESIAN_POINT('',(7.2,0.,3.));
#7855 = DIRECTION('',(0.,0.,-1.));
#7856 = DIRECTION('',(-1.,0.,0.));
#7857 = ADVANCED_FACE('',(#7858),#7892,.F.);
#7858 = FACE_BOUND('',#7859,.T.);
#7859 = EDGE_LOOP('',(#7860,#7870,#7878,#7886));
#7860 = ORIENTED_EDGE('',*,*,#7861,.F.);
#7861 = EDGE_CURVE('',#7862,#7864,#7866,.T.);
#7862 = VERTEX_POINT('',#7863);
#7863 = CARTESIAN_POINT('',(-0.349010858087,-4.05,1.));
#7864 = VERTEX_POINT('',#7865);
#7865 = CARTESIAN_POINT('',(-0.349010858087,-4.05,6.5));
#7866 = LINE('',#7867,#7868);
#7867 = CARTESIAN_POINT('',(-0.349010858087,-4.05,0.5));
#7868 = VECTOR('',#7869,1.);
#7869 = DIRECTION('',(0.,0.,1.));
#7870 = ORIENTED_EDGE('',*,*,#7871,.T.);
#7871 = EDGE_CURVE('',#7862,#7872,#7874,.T.);
#7872 = VERTEX_POINT('',#7873);
#7873 = CARTESIAN_POINT('',(-0.349010858087,-3.25,1.));
#7874 = LINE('',#7875,#7876);
#7875 = CARTESIAN_POINT('',(-0.349010858087,-4.05,1.));
#7876 = VECTOR('',#7877,1.);
#7877 = DIRECTION('',(0.,1.,0.));
#7878 = ORIENTED_EDGE('',*,*,#7879,.T.);
#7879 = EDGE_CURVE('',#7872,#7880,#7882,.T.);
#7880 = VERTEX_POINT('',#7881);
#7881 = CARTESIAN_POINT('',(-0.349010858087,-3.25,6.5));
#7882 = LINE('',#7883,#7884);
#7883 = CARTESIAN_POINT('',(-0.349010858087,-3.25,1.));
#7884 = VECTOR('',#7885,1.);
#7885 = DIRECTION('',(0.,0.,1.));
#7886 = ORIENTED_EDGE('',*,*,#7887,.F.);
#7887 = EDGE_CURVE('',#7864,#7880,#7888,.T.);
#7888 = LINE('',#7889,#7890);
#7889 = CARTESIAN_POINT('',(-0.349010858087,-4.05,6.5));
#7890 = VECTOR('',#7891,1.);
#7891 = DIRECTION('',(0.,1.,0.));
#7892 = PLANE('',#7893);
#7893 = AXIS2_PLACEMENT_3D('',#7894,#7895,#7896);
#7894 = CARTESIAN_POINT('',(-0.349010858087,-4.05,1.));
#7895 = DIRECTION('',(-1.,0.,0.));
#7896 = DIRECTION('',(0.,0.,1.));
#7897 = ADVANCED_FACE('',(#7898),#7923,.F.);
#7898 = FACE_BOUND('',#7899,.T.);
#7899 = EDGE_LOOP('',(#7900,#7908,#7916,#7922));
#7900 = ORIENTED_EDGE('',*,*,#7901,.F.);
#7901 = EDGE_CURVE('',#7902,#7862,#7904,.T.);
#7902 = VERTEX_POINT('',#7903);
#7903 = CARTESIAN_POINT('',(9.650989141913,-4.05,1.));
#7904 = LINE('',#7905,#7906);
#7905 = CARTESIAN_POINT('',(4.250494570956,-4.05,1.));
#7906 = VECTOR('',#7907,1.);
#7907 = DIRECTION('',(-1.,0.,0.));
#7908 = ORIENTED_EDGE('',*,*,#7909,.T.);
#7909 = EDGE_CURVE('',#7902,#7910,#7912,.T.);
#7910 = VERTEX_POINT('',#7911);
#7911 = CARTESIAN_POINT('',(9.650989141913,-3.25,1.));
#7912 = LINE('',#7913,#7914);
#7913 = CARTESIAN_POINT('',(9.650989141913,-4.05,1.));
#7914 = VECTOR('',#7915,1.);
#7915 = DIRECTION('',(0.,1.,0.));
#7916 = ORIENTED_EDGE('',*,*,#7917,.T.);
#7917 = EDGE_CURVE('',#7910,#7872,#7918,.T.);
#7918 = LINE('',#7919,#7920);
#7919 = CARTESIAN_POINT('',(9.650989141913,-3.25,1.));
#7920 = VECTOR('',#7921,1.);
#7921 = DIRECTION('',(-1.,0.,0.));
#7922 = ORIENTED_EDGE('',*,*,#7871,.F.);
#7923 = PLANE('',#7924);
#7924 = AXIS2_PLACEMENT_3D('',#7925,#7926,#7927);
#7925 = CARTESIAN_POINT('',(9.650989141913,-4.05,1.));
#7926 = DIRECTION('',(0.,0.,-1.));
#7927 = DIRECTION('',(-1.,0.,0.));
#7928 = ADVANCED_FACE('',(#7929),#7954,.F.);
#7929 = FACE_BOUND('',#7930,.T.);
#7930 = EDGE_LOOP('',(#7931,#7939,#7947,#7953));
#7931 = ORIENTED_EDGE('',*,*,#7932,.F.);
#7932 = EDGE_CURVE('',#7933,#7902,#7935,.T.);
#7933 = VERTEX_POINT('',#7934);
#7934 = CARTESIAN_POINT('',(9.650989141913,-4.05,6.5));
#7935 = LINE('',#7936,#7937);
#7936 = CARTESIAN_POINT('',(9.650989141913,-4.05,3.25));
#7937 = VECTOR('',#7938,1.);
#7938 = DIRECTION('',(0.,0.,-1.));
#7939 = ORIENTED_EDGE('',*,*,#7940,.T.);
#7940 = EDGE_CURVE('',#7933,#7941,#7943,.T.);
#7941 = VERTEX_POINT('',#7942);
#7942 = CARTESIAN_POINT('',(9.650989141913,-3.25,6.5));
#7943 = LINE('',#7944,#7945);
#7944 = CARTESIAN_POINT('',(9.650989141913,-4.05,6.5));
#7945 = VECTOR('',#7946,1.);
#7946 = DIRECTION('',(0.,1.,0.));
#7947 = ORIENTED_EDGE('',*,*,#7948,.T.);
#7948 = EDGE_CURVE('',#7941,#7910,#7949,.T.);
#7949 = LINE('',#7950,#7951);
#7950 = CARTESIAN_POINT('',(9.650989141913,-3.25,6.5));
#7951 = VECTOR('',#7952,1.);
#7952 = DIRECTION('',(0.,0.,-1.));
#7953 = ORIENTED_EDGE('',*,*,#7909,.F.);
#7954 = PLANE('',#7955);
#7955 = AXIS2_PLACEMENT_3D('',#7956,#7957,#7958);
#7956 = CARTESIAN_POINT('',(9.650989141913,-4.05,6.5));
#7957 = DIRECTION('',(1.,0.,0.));
#7958 = DIRECTION('',(0.,0.,-1.));
#7959 = ADVANCED_FACE('',(#7960),#7976,.F.);
#7960 = FACE_BOUND('',#7961,.T.);
#7961 = EDGE_LOOP('',(#7962,#7968,#7969,#7975));
#7962 = ORIENTED_EDGE('',*,*,#7963,.F.);
#7963 = EDGE_CURVE('',#7864,#7933,#7964,.T.);
#7964 = LINE('',#7965,#7966);
#7965 = CARTESIAN_POINT('',(-0.749505429044,-4.05,6.5));
#7966 = VECTOR('',#7967,1.);
#7967 = DIRECTION('',(1.,0.,0.));
#7968 = ORIENTED_EDGE('',*,*,#7887,.T.);
#7969 = ORIENTED_EDGE('',*,*,#7970,.T.);
#7970 = EDGE_CURVE('',#7880,#7941,#7971,.T.);
#7971 = LINE('',#7972,#7973);
#7972 = CARTESIAN_POINT('',(-0.349010858087,-3.25,6.5));
#7973 = VECTOR('',#7974,1.);
#7974 = DIRECTION('',(1.,0.,0.));
#7975 = ORIENTED_EDGE('',*,*,#7940,.F.);
#7976 = PLANE('',#7977);
#7977 = AXIS2_PLACEMENT_3D('',#7978,#7979,#7980);
#7978 = CARTESIAN_POINT('',(-0.349010858087,-4.05,6.5));
#7979 = DIRECTION('',(0.,0.,1.));
#7980 = DIRECTION('',(1.,0.,-0.));
#7981 = ADVANCED_FACE('',(#7982),#7988,.F.);
#7982 = FACE_BOUND('',#7983,.T.);
#7983 = EDGE_LOOP('',(#7984,#7985,#7986,#7987));
#7984 = ORIENTED_EDGE('',*,*,#7970,.F.);
#7985 = ORIENTED_EDGE('',*,*,#7879,.F.);
#7986 = ORIENTED_EDGE('',*,*,#7917,.F.);
#7987 = ORIENTED_EDGE('',*,*,#7948,.F.);
#7988 = PLANE('',#7989);
#7989 = AXIS2_PLACEMENT_3D('',#7990,#7991,#7992);
#7990 = CARTESIAN_POINT('',(4.650989141913,-3.25,3.75));
#7991 = DIRECTION('',(0.,1.,0.));
#7992 = DIRECTION('',(0.,-0.,1.));
#7993 = ADVANCED_FACE('',(#7994),#8028,.F.);
#7994 = FACE_BOUND('',#7995,.T.);
#7995 = EDGE_LOOP('',(#7996,#8006,#8014,#8022));
#7996 = ORIENTED_EDGE('',*,*,#7997,.F.);
#7997 = EDGE_CURVE('',#7998,#8000,#8002,.T.);
#7998 = VERTEX_POINT('',#7999);
#7999 = CARTESIAN_POINT('',(-0.65,4.05,1.));
#8000 = VERTEX_POINT('',#8001);
#8001 = CARTESIAN_POINT('',(9.35,4.05,1.));
#8002 = LINE('',#8003,#8004);
#8003 = CARTESIAN_POINT('',(5.35,4.05,1.));
#8004 = VECTOR('',#8005,1.);
#8005 = DIRECTION('',(1.,0.,0.));
#8006 = ORIENTED_EDGE('',*,*,#8007,.T.);
#8007 = EDGE_CURVE('',#7998,#8008,#8010,.T.);
#8008 = VERTEX_POINT('',#8009);
#8009 = CARTESIAN_POINT('',(-0.65,3.25,1.));
#8010 = LINE('',#8011,#8012);
#8011 = CARTESIAN_POINT('',(-0.65,4.05,1.));
#8012 = VECTOR('',#8013,1.);
#8013 = DIRECTION('',(0.,-1.,0.));
#8014 = ORIENTED_EDGE('',*,*,#8015,.T.);
#8015 = EDGE_CURVE('',#8008,#8016,#8018,.T.);
#8016 = VERTEX_POINT('',#8017);
#8017 = CARTESIAN_POINT('',(9.35,3.25,1.));
#8018 = LINE('',#8019,#8020);
#8019 = CARTESIAN_POINT('',(9.35,3.25,1.));
#8020 = VECTOR('',#8021,1.);
#8021 = DIRECTION('',(1.,0.,0.));
#8022 = ORIENTED_EDGE('',*,*,#8023,.F.);
#8023 = EDGE_CURVE('',#8000,#8016,#8024,.T.);
#8024 = LINE('',#8025,#8026);
#8025 = CARTESIAN_POINT('',(9.35,4.05,1.));
#8026 = VECTOR('',#8027,1.);
#8027 = DIRECTION('',(0.,-1.,0.));
#8028 = PLANE('',#8029);
#8029 = AXIS2_PLACEMENT_3D('',#8030,#8031,#8032);
#8030 = CARTESIAN_POINT('',(-0.65,4.05,1.));
#8031 = DIRECTION('',(0.,0.,-1.));
#8032 = DIRECTION('',(1.,0.,0.));
#8033 = ADVANCED_FACE('',(#8034),#8059,.F.);
#8034 = FACE_BOUND('',#8035,.T.);
#8035 = EDGE_LOOP('',(#8036,#8044,#8052,#8058));
#8036 = ORIENTED_EDGE('',*,*,#8037,.F.);
#8037 = EDGE_CURVE('',#8038,#7998,#8040,.T.);
#8038 = VERTEX_POINT('',#8039);
#8039 = CARTESIAN_POINT('',(-0.65,4.05,6.5));
#8040 = LINE('',#8041,#8042);
#8041 = CARTESIAN_POINT('',(-0.65,4.05,3.25));
#8042 = VECTOR('',#8043,1.);
#8043 = DIRECTION('',(0.,0.,-1.));
#8044 = ORIENTED_EDGE('',*,*,#8045,.T.);
#8045 = EDGE_CURVE('',#8038,#8046,#8048,.T.);
#8046 = VERTEX_POINT('',#8047);
#8047 = CARTESIAN_POINT('',(-0.65,3.25,6.5));
#8048 = LINE('',#8049,#8050);
#8049 = CARTESIAN_POINT('',(-0.65,4.05,6.5));
#8050 = VECTOR('',#8051,1.);
#8051 = DIRECTION('',(0.,-1.,0.));
#8052 = ORIENTED_EDGE('',*,*,#8053,.T.);
#8053 = EDGE_CURVE('',#8046,#8008,#8054,.T.);
#8054 = LINE('',#8055,#8056);
#8055 = CARTESIAN_POINT('',(-0.65,3.25,1.));
#8056 = VECTOR('',#8057,1.);
#8057 = DIRECTION('',(0.,0.,-1.));
#8058 = ORIENTED_EDGE('',*,*,#8007,.F.);
#8059 = PLANE('',#8060);
#8060 = AXIS2_PLACEMENT_3D('',#8061,#8062,#8063);
#8061 = CARTESIAN_POINT('',(-0.65,4.05,6.5));
#8062 = DIRECTION('',(-1.,0.,0.));
#8063 = DIRECTION('',(0.,0.,-1.));
#8064 = ADVANCED_FACE('',(#8065),#8090,.F.);
#8065 = FACE_BOUND('',#8066,.T.);
#8066 = EDGE_LOOP('',(#8067,#8075,#8083,#8089));
#8067 = ORIENTED_EDGE('',*,*,#8068,.F.);
#8068 = EDGE_CURVE('',#8069,#8038,#8071,.T.);
#8069 = VERTEX_POINT('',#8070);
#8070 = CARTESIAN_POINT('',(9.35,4.05,6.5));
#8071 = LINE('',#8072,#8073);
#8072 = CARTESIAN_POINT('',(10.35,4.05,6.5));
#8073 = VECTOR('',#8074,1.);
#8074 = DIRECTION('',(-1.,0.,0.));
#8075 = ORIENTED_EDGE('',*,*,#8076,.T.);
#8076 = EDGE_CURVE('',#8069,#8077,#8079,.T.);
#8077 = VERTEX_POINT('',#8078);
#8078 = CARTESIAN_POINT('',(9.35,3.25,6.5));
#8079 = LINE('',#8080,#8081);
#8080 = CARTESIAN_POINT('',(9.35,4.05,6.5));
#8081 = VECTOR('',#8082,1.);
#8082 = DIRECTION('',(0.,-1.,0.));
#8083 = ORIENTED_EDGE('',*,*,#8084,.T.);
#8084 = EDGE_CURVE('',#8077,#8046,#8085,.T.);
#8085 = LINE('',#8086,#8087);
#8086 = CARTESIAN_POINT('',(-0.65,3.25,6.5));
#8087 = VECTOR('',#8088,1.);
#8088 = DIRECTION('',(-1.,0.,0.));
#8089 = ORIENTED_EDGE('',*,*,#8045,.F.);
#8090 = PLANE('',#8091);
#8091 = AXIS2_PLACEMENT_3D('',#8092,#8093,#8094);
#8092 = CARTESIAN_POINT('',(9.35,4.05,6.5));
#8093 = DIRECTION('',(0.,0.,1.));
#8094 = DIRECTION('',(-1.,0.,0.));
#8095 = ADVANCED_FACE('',(#8096),#8112,.F.);
#8096 = FACE_BOUND('',#8097,.T.);
#8097 = EDGE_LOOP('',(#8098,#8104,#8105,#8111));
#8098 = ORIENTED_EDGE('',*,*,#8099,.F.);
#8099 = EDGE_CURVE('',#8000,#8069,#8100,.T.);
#8100 = LINE('',#8101,#8102);
#8101 = CARTESIAN_POINT('',(9.35,4.05,0.5));
#8102 = VECTOR('',#8103,1.);
#8103 = DIRECTION('',(0.,0.,1.));
#8104 = ORIENTED_EDGE('',*,*,#8023,.T.);
#8105 = ORIENTED_EDGE('',*,*,#8106,.T.);
#8106 = EDGE_CURVE('',#8016,#8077,#8107,.T.);
#8107 = LINE('',#8108,#8109);
#8108 = CARTESIAN_POINT('',(9.35,3.25,6.5));
#8109 = VECTOR('',#8110,1.);
#8110 = DIRECTION('',(0.,0.,1.));
#8111 = ORIENTED_EDGE('',*,*,#8076,.F.);
#8112 = PLANE('',#8113);
#8113 = AXIS2_PLACEMENT_3D('',#8114,#8115,#8116);
#8114 = CARTESIAN_POINT('',(9.35,4.05,1.));
#8115 = DIRECTION('',(1.,0.,0.));
#8116 = DIRECTION('',(0.,0.,1.));
#8117 = ADVANCED_FACE('',(#8118),#8124,.F.);
#8118 = FACE_BOUND('',#8119,.T.);
#8119 = EDGE_LOOP('',(#8120,#8121,#8122,#8123));
#8120 = ORIENTED_EDGE('',*,*,#8106,.F.);
#8121 = ORIENTED_EDGE('',*,*,#8015,.F.);
#8122 = ORIENTED_EDGE('',*,*,#8053,.F.);
#8123 = ORIENTED_EDGE('',*,*,#8084,.F.);
#8124 = PLANE('',#8125);
#8125 = AXIS2_PLACEMENT_3D('',#8126,#8127,#8128);
#8126 = CARTESIAN_POINT('',(4.35,3.25,3.75));
#8127 = DIRECTION('',(0.,-1.,0.));
#8128 = DIRECTION('',(0.,0.,-1.));
#8129 = ADVANCED_FACE('',(#8130),#8164,.T.);
#8130 = FACE_BOUND('',#8131,.T.);
#8131 = EDGE_LOOP('',(#8132,#8142,#8150,#8158));
#8132 = ORIENTED_EDGE('',*,*,#8133,.F.);
#8133 = EDGE_CURVE('',#8134,#8136,#8138,.T.);
#8134 = VERTEX_POINT('',#8135);
#8135 = CARTESIAN_POINT('',(-4.15,-1.,3.));
#8136 = VERTEX_POINT('',#8137);
#8137 = CARTESIAN_POINT('',(-4.15,1.,3.));
#8138 = LINE('',#8139,#8140);
#8139 = CARTESIAN_POINT('',(-4.15,1.275,3.));
#8140 = VECTOR('',#8141,1.);
#8141 = DIRECTION('',(0.,1.,0.));
#8142 = ORIENTED_EDGE('',*,*,#8143,.T.);
#8143 = EDGE_CURVE('',#8134,#8144,#8146,.T.);
#8144 = VERTEX_POINT('',#8145);
#8145 = CARTESIAN_POINT('',(-4.35,-1.,3.));
#8146 = LINE('',#8147,#8148);
#8147 = CARTESIAN_POINT('',(-4.15,-1.,3.));
#8148 = VECTOR('',#8149,1.);
#8149 = DIRECTION('',(-1.,0.,0.));
#8150 = ORIENTED_EDGE('',*,*,#8151,.F.);
#8151 = EDGE_CURVE('',#8152,#8144,#8154,.T.);
#8152 = VERTEX_POINT('',#8153);
#8153 = CARTESIAN_POINT('',(-4.35,1.,3.));
#8154 = LINE('',#8155,#8156);
#8155 = CARTESIAN_POINT('',(-4.35,-1.,3.));
#8156 = VECTOR('',#8157,1.);
#8157 = DIRECTION('',(0.,-1.,0.));
#8158 = ORIENTED_EDGE('',*,*,#8159,.F.);
#8159 = EDGE_CURVE('',#8136,#8152,#8160,.T.);
#8160 = LINE('',#8161,#8162);
#8161 = CARTESIAN_POINT('',(-4.15,1.,3.));
#8162 = VECTOR('',#8163,1.);
#8163 = DIRECTION('',(-1.,0.,0.));
#8164 = PLANE('',#8165);
#8165 = AXIS2_PLACEMENT_3D('',#8166,#8167,#8168);
#8166 = CARTESIAN_POINT('',(-4.15,1.,3.));
#8167 = DIRECTION('',(0.,0.,-1.));
#8168 = DIRECTION('',(0.,-1.,0.));
#8169 = ADVANCED_FACE('',(#8170),#8195,.T.);
#8170 = FACE_BOUND('',#8171,.T.);
#8171 = EDGE_LOOP('',(#8172,#8180,#8181,#8189));
#8172 = ORIENTED_EDGE('',*,*,#8173,.F.);
#8173 = EDGE_CURVE('',#8136,#8174,#8176,.T.);
#8174 = VERTEX_POINT('',#8175);
#8175 = CARTESIAN_POINT('',(-4.15,1.,3.2));
#8176 = LINE('',#8177,#8178);
#8177 = CARTESIAN_POINT('',(-4.15,1.,1.6));
#8178 = VECTOR('',#8179,1.);
#8179 = DIRECTION('',(0.,0.,1.));
#8180 = ORIENTED_EDGE('',*,*,#8159,.T.);
#8181 = ORIENTED_EDGE('',*,*,#8182,.F.);
#8182 = EDGE_CURVE('',#8183,#8152,#8185,.T.);
#8183 = VERTEX_POINT('',#8184);
#8184 = CARTESIAN_POINT('',(-4.35,1.,3.2));
#8185 = LINE('',#8186,#8187);
#8186 = CARTESIAN_POINT('',(-4.35,1.,3.));
#8187 = VECTOR('',#8188,1.);
#8188 = DIRECTION('',(0.,0.,-1.));
#8189 = ORIENTED_EDGE('',*,*,#8190,.F.);
#8190 = EDGE_CURVE('',#8174,#8183,#8191,.T.);
#8191 = LINE('',#8192,#8193);
#8192 = CARTESIAN_POINT('',(-4.15,1.,3.2));
#8193 = VECTOR('',#8194,1.);
#8194 = DIRECTION('',(-1.,0.,0.));
#8195 = PLANE('',#8196);
#8196 = AXIS2_PLACEMENT_3D('',#8197,#8198,#8199);
#8197 = CARTESIAN_POINT('',(-4.15,1.,3.2));
#8198 = DIRECTION('',(0.,1.,0.));
#8199 = DIRECTION('',(0.,0.,-1.));
#8200 = ADVANCED_FACE('',(#8201),#8226,.T.);
#8201 = FACE_BOUND('',#8202,.T.);
#8202 = EDGE_LOOP('',(#8203,#8211,#8212,#8220));
#8203 = ORIENTED_EDGE('',*,*,#8204,.F.);
#8204 = EDGE_CURVE('',#8174,#8205,#8207,.T.);
#8205 = VERTEX_POINT('',#8206);
#8206 = CARTESIAN_POINT('',(-4.15,-1.,3.2));
#8207 = LINE('',#8208,#8209);
#8208 = CARTESIAN_POINT('',(-4.15,0.275,3.2));
#8209 = VECTOR('',#8210,1.);
#8210 = DIRECTION('',(0.,-1.,0.));
#8211 = ORIENTED_EDGE('',*,*,#8190,.T.);
#8212 = ORIENTED_EDGE('',*,*,#8213,.F.);
#8213 = EDGE_CURVE('',#8214,#8183,#8216,.T.);
#8214 = VERTEX_POINT('',#8215);
#8215 = CARTESIAN_POINT('',(-4.35,-1.,3.2));
#8216 = LINE('',#8217,#8218);
#8217 = CARTESIAN_POINT('',(-4.35,1.,3.2));
#8218 = VECTOR('',#8219,1.);
#8219 = DIRECTION('',(0.,1.,0.));
#8220 = ORIENTED_EDGE('',*,*,#8221,.F.);
#8221 = EDGE_CURVE('',#8205,#8214,#8222,.T.);
#8222 = LINE('',#8223,#8224);
#8223 = CARTESIAN_POINT('',(-4.15,-1.,3.2));
#8224 = VECTOR('',#8225,1.);
#8225 = DIRECTION('',(-1.,0.,0.));
#8226 = PLANE('',#8227);
#8227 = AXIS2_PLACEMENT_3D('',#8228,#8229,#8230);
#8228 = CARTESIAN_POINT('',(-4.15,-1.,3.2));
#8229 = DIRECTION('',(0.,0.,1.));
#8230 = DIRECTION('',(0.,1.,0.));
#8231 = ADVANCED_FACE('',(#8232),#8248,.T.);
#8232 = FACE_BOUND('',#8233,.T.);
#8233 = EDGE_LOOP('',(#8234,#8240,#8241,#8247));
#8234 = ORIENTED_EDGE('',*,*,#8235,.F.);
#8235 = EDGE_CURVE('',#8205,#8134,#8236,.T.);
#8236 = LINE('',#8237,#8238);
#8237 = CARTESIAN_POINT('',(-4.15,-1.,1.5));
#8238 = VECTOR('',#8239,1.);
#8239 = DIRECTION('',(0.,0.,-1.));
#8240 = ORIENTED_EDGE('',*,*,#8221,.T.);
#8241 = ORIENTED_EDGE('',*,*,#8242,.F.);
#8242 = EDGE_CURVE('',#8144,#8214,#8243,.T.);
#8243 = LINE('',#8244,#8245);
#8244 = CARTESIAN_POINT('',(-4.35,-1.,3.2));
#8245 = VECTOR('',#8246,1.);
#8246 = DIRECTION('',(0.,0.,1.));
#8247 = ORIENTED_EDGE('',*,*,#8143,.F.);
#8248 = PLANE('',#8249);
#8249 = AXIS2_PLACEMENT_3D('',#8250,#8251,#8252);
#8250 = CARTESIAN_POINT('',(-4.15,-1.,3.));
#8251 = DIRECTION('',(0.,-1.,0.));
#8252 = DIRECTION('',(0.,0.,1.));
#8253 = ADVANCED_FACE('',(#8254),#8260,.T.);
#8254 = FACE_BOUND('',#8255,.T.);
#8255 = EDGE_LOOP('',(#8256,#8257,#8258,#8259));
#8256 = ORIENTED_EDGE('',*,*,#8242,.T.);
#8257 = ORIENTED_EDGE('',*,*,#8213,.T.);
#8258 = ORIENTED_EDGE('',*,*,#8182,.T.);
#8259 = ORIENTED_EDGE('',*,*,#8151,.T.);
#8260 = PLANE('',#8261);
#8261 = AXIS2_PLACEMENT_3D('',#8262,#8263,#8264);
#8262 = CARTESIAN_POINT('',(-4.35,0.,3.1));
#8263 = DIRECTION('',(-1.,0.,0.));
#8264 = DIRECTION('',(0.,0.,1.));
#8265 = ADVANCED_FACE('',(#8266),#8300,.T.);
#8266 = FACE_BOUND('',#8267,.T.);
#8267 = EDGE_LOOP('',(#8268,#8278,#8286,#8294));
#8268 = ORIENTED_EDGE('',*,*,#8269,.F.);
#8269 = EDGE_CURVE('',#8270,#8272,#8274,.T.);
#8270 = VERTEX_POINT('',#8271);
#8271 = CARTESIAN_POINT('',(11.35,-0.25,2.750000860135));
#8272 = VERTEX_POINT('',#8273);
#8273 = CARTESIAN_POINT('',(11.35,-1.000000860135,2.750000860135));
#8274 = LINE('',#8275,#8276);
#8275 = CARTESIAN_POINT('',(11.35,-2.525000430068,2.750000860135));
#8276 = VECTOR('',#8277,1.);
#8277 = DIRECTION('',(0.,-1.,-1.480295668494E-15));
#8278 = ORIENTED_EDGE('',*,*,#8279,.T.);
#8279 = EDGE_CURVE('',#8270,#8280,#8282,.T.);
#8280 = VERTEX_POINT('',#8281);
#8281 = CARTESIAN_POINT('',(11.55,-0.25,2.750000860135));
#8282 = LINE('',#8283,#8284);
#8283 = CARTESIAN_POINT('',(11.35,-0.25,2.750000860135));
#8284 = VECTOR('',#8285,1.);
#8285 = DIRECTION('',(1.,0.,0.));
#8286 = ORIENTED_EDGE('',*,*,#8287,.F.);
#8287 = EDGE_CURVE('',#8288,#8280,#8290,.T.);
#8288 = VERTEX_POINT('',#8289);
#8289 = CARTESIAN_POINT('',(11.55,-1.000000860135,2.750000860135));
#8290 = LINE('',#8291,#8292);
#8291 = CARTESIAN_POINT('',(11.55,-1.000000860135,2.750000860135));
#8292 = VECTOR('',#8293,1.);
#8293 = DIRECTION('',(0.,1.,1.480295668494E-15));
#8294 = ORIENTED_EDGE('',*,*,#8295,.F.);
#8295 = EDGE_CURVE('',#8272,#8288,#8296,.T.);
#8296 = LINE('',#8297,#8298);
#8297 = CARTESIAN_POINT('',(11.35,-1.000000860135,2.750000860135));
#8298 = VECTOR('',#8299,1.);
#8299 = DIRECTION('',(1.,0.,0.));
#8300 = PLANE('',#8301);
#8301 = AXIS2_PLACEMENT_3D('',#8302,#8303,#8304);
#8302 = CARTESIAN_POINT('',(11.35,-1.000000860135,2.750000860135));
#8303 = DIRECTION('',(0.,1.480295668494E-15,-1.));
#8304 = DIRECTION('',(0.,1.,1.480295668494E-15));
#8305 = ADVANCED_FACE('',(#8306),#8331,.T.);
#8306 = FACE_BOUND('',#8307,.T.);
#8307 = EDGE_LOOP('',(#8308,#8316,#8317,#8325));
#8308 = ORIENTED_EDGE('',*,*,#8309,.F.);
#8309 = EDGE_CURVE('',#8272,#8310,#8312,.T.);
#8310 = VERTEX_POINT('',#8311);
#8311 = CARTESIAN_POINT('',(11.35,-1.000000860135,3.250000860135));
#8312 = LINE('',#8313,#8314);
#8313 = CARTESIAN_POINT('',(11.35,-1.000000860135,1.625000430068));
#8314 = VECTOR('',#8315,1.);
#8315 = DIRECTION('',(0.,1.110223024625E-15,1.));
#8316 = ORIENTED_EDGE('',*,*,#8295,.T.);
#8317 = ORIENTED_EDGE('',*,*,#8318,.F.);
#8318 = EDGE_CURVE('',#8319,#8288,#8321,.T.);
#8319 = VERTEX_POINT('',#8320);
#8320 = CARTESIAN_POINT('',(11.55,-1.000000860135,3.250000860135));
#8321 = LINE('',#8322,#8323);
#8322 = CARTESIAN_POINT('',(11.55,-1.000000860135,3.250000860135));
#8323 = VECTOR('',#8324,1.);
#8324 = DIRECTION('',(0.,-1.110223024625E-15,-1.));
#8325 = ORIENTED_EDGE('',*,*,#8326,.F.);
#8326 = EDGE_CURVE('',#8310,#8319,#8327,.T.);
#8327 = LINE('',#8328,#8329);
#8328 = CARTESIAN_POINT('',(11.35,-1.000000860135,3.250000860135));
#8329 = VECTOR('',#8330,1.);
#8330 = DIRECTION('',(1.,0.,0.));
#8331 = PLANE('',#8332);
#8332 = AXIS2_PLACEMENT_3D('',#8333,#8334,#8335);
#8333 = CARTESIAN_POINT('',(11.35,-1.000000860135,3.250000860135));
#8334 = DIRECTION('',(0.,-1.,1.110223024625E-15));
#8335 = DIRECTION('',(0.,-1.110223024625E-15,-1.));
#8336 = ADVANCED_FACE('',(#8337),#8362,.T.);
#8337 = FACE_BOUND('',#8338,.T.);
#8338 = EDGE_LOOP('',(#8339,#8347,#8348,#8356));
#8339 = ORIENTED_EDGE('',*,*,#8340,.F.);
#8340 = EDGE_CURVE('',#8310,#8341,#8343,.T.);
#8341 = VERTEX_POINT('',#8342);
#8342 = CARTESIAN_POINT('',(11.35,-0.25,3.250000860135));
#8343 = LINE('',#8344,#8345);
#8344 = CARTESIAN_POINT('',(11.35,-2.15,3.250000860135));
#8345 = VECTOR('',#8346,1.);
#8346 = DIRECTION('',(0.,1.,0.));
#8347 = ORIENTED_EDGE('',*,*,#8326,.T.);
#8348 = ORIENTED_EDGE('',*,*,#8349,.F.);
#8349 = EDGE_CURVE('',#8350,#8319,#8352,.T.);
#8350 = VERTEX_POINT('',#8351);
#8351 = CARTESIAN_POINT('',(11.55,-0.25,3.250000860135));
#8352 = LINE('',#8353,#8354);
#8353 = CARTESIAN_POINT('',(11.55,-0.25,3.250000860135));
#8354 = VECTOR('',#8355,1.);
#8355 = DIRECTION('',(0.,-1.,0.));
#8356 = ORIENTED_EDGE('',*,*,#8357,.F.);
#8357 = EDGE_CURVE('',#8341,#8350,#8358,.T.);
#8358 = LINE('',#8359,#8360);
#8359 = CARTESIAN_POINT('',(11.35,-0.25,3.250000860135));
#8360 = VECTOR('',#8361,1.);
#8361 = DIRECTION('',(1.,0.,0.));
#8362 = PLANE('',#8363);
#8363 = AXIS2_PLACEMENT_3D('',#8364,#8365,#8366);
#8364 = CARTESIAN_POINT('',(11.35,-0.25,3.250000860135));
#8365 = DIRECTION('',(0.,0.,1.));
#8366 = DIRECTION('',(0.,-1.,0.));
#8367 = ADVANCED_FACE('',(#8368),#8393,.T.);
#8368 = FACE_BOUND('',#8369,.T.);
#8369 = EDGE_LOOP('',(#8370,#8378,#8379,#8387));
#8370 = ORIENTED_EDGE('',*,*,#8371,.F.);
#8371 = EDGE_CURVE('',#8341,#8372,#8374,.T.);
#8372 = VERTEX_POINT('',#8373);
#8373 = CARTESIAN_POINT('',(11.35,-0.25,4.000001720271));
#8374 = LINE('',#8375,#8376);
#8375 = CARTESIAN_POINT('',(11.35,-0.25,2.000000860135));
#8376 = VECTOR('',#8377,1.);
#8377 = DIRECTION('',(0.,-9.251847928087E-17,1.));
#8378 = ORIENTED_EDGE('',*,*,#8357,.T.);
#8379 = ORIENTED_EDGE('',*,*,#8380,.F.);
#8380 = EDGE_CURVE('',#8381,#8350,#8383,.T.);
#8381 = VERTEX_POINT('',#8382);
#8382 = CARTESIAN_POINT('',(11.55,-0.25,4.000001720271));
#8383 = LINE('',#8384,#8385);
#8384 = CARTESIAN_POINT('',(11.55,-0.25,4.000001720271));
#8385 = VECTOR('',#8386,1.);
#8386 = DIRECTION('',(0.,9.251847928087E-17,-1.));
#8387 = ORIENTED_EDGE('',*,*,#8388,.F.);
#8388 = EDGE_CURVE('',#8372,#8381,#8389,.T.);
#8389 = LINE('',#8390,#8391);
#8390 = CARTESIAN_POINT('',(11.35,-0.25,4.000001720271));
#8391 = VECTOR('',#8392,1.);
#8392 = DIRECTION('',(1.,0.,0.));
#8393 = PLANE('',#8394);
#8394 = AXIS2_PLACEMENT_3D('',#8395,#8396,#8397);
#8395 = CARTESIAN_POINT('',(11.35,-0.25,4.000001720271));
#8396 = DIRECTION('',(0.,-1.,-9.251847928087E-17));
#8397 = DIRECTION('',(0.,9.251847928087E-17,-1.));
#8398 = ADVANCED_FACE('',(#8399),#8424,.T.);
#8399 = FACE_BOUND('',#8400,.T.);
#8400 = EDGE_LOOP('',(#8401,#8409,#8410,#8418));
#8401 = ORIENTED_EDGE('',*,*,#8402,.F.);
#8402 = EDGE_CURVE('',#8372,#8403,#8405,.T.);
#8403 = VERTEX_POINT('',#8404);
#8404 = CARTESIAN_POINT('',(11.35,0.250002366257,4.000001720271));
#8405 = LINE('',#8406,#8407);
#8406 = CARTESIAN_POINT('',(11.35,-1.899998816872,4.000001720271));
#8407 = VECTOR('',#8408,1.);
#8408 = DIRECTION('',(0.,1.,0.));
#8409 = ORIENTED_EDGE('',*,*,#8388,.T.);
#8410 = ORIENTED_EDGE('',*,*,#8411,.F.);
#8411 = EDGE_CURVE('',#8412,#8381,#8414,.T.);
#8412 = VERTEX_POINT('',#8413);
#8413 = CARTESIAN_POINT('',(11.55,0.250002366257,4.000001720271));
#8414 = LINE('',#8415,#8416);
#8415 = CARTESIAN_POINT('',(11.55,0.250002366257,4.000001720271));
#8416 = VECTOR('',#8417,1.);
#8417 = DIRECTION('',(0.,-1.,0.));
#8418 = ORIENTED_EDGE('',*,*,#8419,.F.);
#8419 = EDGE_CURVE('',#8403,#8412,#8420,.T.);
#8420 = LINE('',#8421,#8422);
#8421 = CARTESIAN_POINT('',(11.35,0.250002366257,4.000001720271));
#8422 = VECTOR('',#8423,1.);
#8423 = DIRECTION('',(1.,0.,0.));
#8424 = PLANE('',#8425);
#8425 = AXIS2_PLACEMENT_3D('',#8426,#8427,#8428);
#8426 = CARTESIAN_POINT('',(11.35,0.250002366257,4.000001720271));
#8427 = DIRECTION('',(0.,0.,1.));
#8428 = DIRECTION('',(0.,-1.,0.));
#8429 = ADVANCED_FACE('',(#8430),#8455,.T.);
#8430 = FACE_BOUND('',#8431,.T.);
#8431 = EDGE_LOOP('',(#8432,#8440,#8441,#8449));
#8432 = ORIENTED_EDGE('',*,*,#8433,.F.);
#8433 = EDGE_CURVE('',#8403,#8434,#8436,.T.);
#8434 = VERTEX_POINT('',#8435);
#8435 = CARTESIAN_POINT('',(11.35,0.250002366257,3.250000860134));
#8436 = LINE('',#8437,#8438);
#8437 = CARTESIAN_POINT('',(11.35,0.250002366257,1.625000430067));
#8438 = VECTOR('',#8439,1.);
#8439 = DIRECTION('',(0.,9.251847928069E-17,-1.));
#8440 = ORIENTED_EDGE('',*,*,#8419,.T.);
#8441 = ORIENTED_EDGE('',*,*,#8442,.F.);
#8442 = EDGE_CURVE('',#8443,#8412,#8445,.T.);
#8443 = VERTEX_POINT('',#8444);
#8444 = CARTESIAN_POINT('',(11.55,0.250002366257,3.250000860134));
#8445 = LINE('',#8446,#8447);
#8446 = CARTESIAN_POINT('',(11.55,0.250002366257,3.250000860134));
#8447 = VECTOR('',#8448,1.);
#8448 = DIRECTION('',(0.,-9.251847928069E-17,1.));
#8449 = ORIENTED_EDGE('',*,*,#8450,.F.);
#8450 = EDGE_CURVE('',#8434,#8443,#8451,.T.);
#8451 = LINE('',#8452,#8453);
#8452 = CARTESIAN_POINT('',(11.35,0.250002366257,3.250000860134));
#8453 = VECTOR('',#8454,1.);
#8454 = DIRECTION('',(1.,0.,0.));
#8455 = PLANE('',#8456);
#8456 = AXIS2_PLACEMENT_3D('',#8457,#8458,#8459);
#8457 = CARTESIAN_POINT('',(11.35,0.250002366257,3.250000860134));
#8458 = DIRECTION('',(0.,1.,9.251847928069E-17));
#8459 = DIRECTION('',(0.,-9.251847928069E-17,1.));
#8460 = ADVANCED_FACE('',(#8461),#8486,.T.);
#8461 = FACE_BOUND('',#8462,.T.);
#8462 = EDGE_LOOP('',(#8463,#8471,#8472,#8480));
#8463 = ORIENTED_EDGE('',*,*,#8464,.F.);
#8464 = EDGE_CURVE('',#8434,#8465,#8467,.T.);
#8465 = VERTEX_POINT('',#8466);
#8466 = CARTESIAN_POINT('',(11.35,1.000003226392,3.250000860134));
#8467 = LINE('',#8468,#8469);
#8468 = CARTESIAN_POINT('',(11.35,-1.524998386804,3.250000860134));
#8469 = VECTOR('',#8470,1.);
#8470 = DIRECTION('',(0.,1.,0.));
#8471 = ORIENTED_EDGE('',*,*,#8450,.T.);
#8472 = ORIENTED_EDGE('',*,*,#8473,.F.);
#8473 = EDGE_CURVE('',#8474,#8443,#8476,.T.);
#8474 = VERTEX_POINT('',#8475);
#8475 = CARTESIAN_POINT('',(11.55,1.000003226392,3.250000860134));
#8476 = LINE('',#8477,#8478);
#8477 = CARTESIAN_POINT('',(11.55,1.000003226392,3.250000860134));
#8478 = VECTOR('',#8479,1.);
#8479 = DIRECTION('',(0.,-1.,0.));
#8480 = ORIENTED_EDGE('',*,*,#8481,.F.);
#8481 = EDGE_CURVE('',#8465,#8474,#8482,.T.);
#8482 = LINE('',#8483,#8484);
#8483 = CARTESIAN_POINT('',(11.35,1.000003226392,3.250000860134));
#8484 = VECTOR('',#8485,1.);
#8485 = DIRECTION('',(1.,0.,0.));
#8486 = PLANE('',#8487);
#8487 = AXIS2_PLACEMENT_3D('',#8488,#8489,#8490);
#8488 = CARTESIAN_POINT('',(11.35,1.000003226392,3.250000860134));
#8489 = DIRECTION('',(0.,0.,1.));
#8490 = DIRECTION('',(0.,-1.,0.));
#8491 = ADVANCED_FACE('',(#8492),#8517,.T.);
#8492 = FACE_BOUND('',#8493,.T.);
#8493 = EDGE_LOOP('',(#8494,#8502,#8503,#8511));
#8494 = ORIENTED_EDGE('',*,*,#8495,.F.);
#8495 = EDGE_CURVE('',#8465,#8496,#8498,.T.);
#8496 = VERTEX_POINT('',#8497);
#8497 = CARTESIAN_POINT('',(11.35,1.000002366257,2.750000860134));
#8498 = LINE('',#8499,#8500);
#8499 = CARTESIAN_POINT('',(11.35,1.000000000876,1.374996086385));
#8500 = VECTOR('',#8501,1.);
#8501 = DIRECTION('',(0.,-1.720270748071E-06,-0.999999999999));
#8502 = ORIENTED_EDGE('',*,*,#8481,.T.);
#8503 = ORIENTED_EDGE('',*,*,#8504,.F.);
#8504 = EDGE_CURVE('',#8505,#8474,#8507,.T.);
#8505 = VERTEX_POINT('',#8506);
#8506 = CARTESIAN_POINT('',(11.55,1.000002366257,2.750000860134));
#8507 = LINE('',#8508,#8509);
#8508 = CARTESIAN_POINT('',(11.55,1.000002366257,2.750000860134));
#8509 = VECTOR('',#8510,1.);
#8510 = DIRECTION('',(0.,1.720270748071E-06,0.999999999999));
#8511 = ORIENTED_EDGE('',*,*,#8512,.F.);
#8512 = EDGE_CURVE('',#8496,#8505,#8513,.T.);
#8513 = LINE('',#8514,#8515);
#8514 = CARTESIAN_POINT('',(11.35,1.000002366257,2.750000860134));
#8515 = VECTOR('',#8516,1.);
#8516 = DIRECTION('',(1.,0.,0.));
#8517 = PLANE('',#8518);
#8518 = AXIS2_PLACEMENT_3D('',#8519,#8520,#8521);
#8519 = CARTESIAN_POINT('',(11.35,1.000002366257,2.750000860134));
#8520 = DIRECTION('',(0.,0.999999999999,-1.720270748071E-06));
#8521 = DIRECTION('',(0.,1.720270748071E-06,0.999999999999));
#8522 = ADVANCED_FACE('',(#8523),#8548,.T.);
#8523 = FACE_BOUND('',#8524,.T.);
#8524 = EDGE_LOOP('',(#8525,#8533,#8534,#8542));
#8525 = ORIENTED_EDGE('',*,*,#8526,.F.);
#8526 = EDGE_CURVE('',#8496,#8527,#8529,.T.);
#8527 = VERTEX_POINT('',#8528);
#8528 = CARTESIAN_POINT('',(11.35,0.250001506121,2.750000860134));
#8529 = LINE('',#8530,#8531);
#8530 = CARTESIAN_POINT('',(11.35,-1.899999246939,2.750000860134));
#8531 = VECTOR('',#8532,1.);
#8532 = DIRECTION('',(0.,-1.,0.));
#8533 = ORIENTED_EDGE('',*,*,#8512,.T.);
#8534 = ORIENTED_EDGE('',*,*,#8535,.F.);
#8535 = EDGE_CURVE('',#8536,#8505,#8538,.T.);
#8536 = VERTEX_POINT('',#8537);
#8537 = CARTESIAN_POINT('',(11.55,0.250001506121,2.750000860134));
#8538 = LINE('',#8539,#8540);
#8539 = CARTESIAN_POINT('',(11.55,0.250001506121,2.750000860134));
#8540 = VECTOR('',#8541,1.);
#8541 = DIRECTION('',(0.,1.,0.));
#8542 = ORIENTED_EDGE('',*,*,#8543,.F.);
#8543 = EDGE_CURVE('',#8527,#8536,#8544,.T.);
#8544 = LINE('',#8545,#8546);
#8545 = CARTESIAN_POINT('',(11.35,0.250001506121,2.750000860134));
#8546 = VECTOR('',#8547,1.);
#8547 = DIRECTION('',(1.,0.,0.));
#8548 = PLANE('',#8549);
#8549 = AXIS2_PLACEMENT_3D('',#8550,#8551,#8552);
#8550 = CARTESIAN_POINT('',(11.35,0.250001506121,2.750000860134));
#8551 = DIRECTION('',(0.,0.,-1.));
#8552 = DIRECTION('',(0.,1.,0.));
#8553 = ADVANCED_FACE('',(#8554),#8579,.T.);
#8554 = FACE_BOUND('',#8555,.T.);
#8555 = EDGE_LOOP('',(#8556,#8564,#8565,#8573));
#8556 = ORIENTED_EDGE('',*,*,#8557,.F.);
#8557 = EDGE_CURVE('',#8527,#8558,#8560,.T.);
#8558 = VERTEX_POINT('',#8559);
#8559 = CARTESIAN_POINT('',(11.35,0.25,2.));
#8560 = LINE('',#8561,#8562);
#8561 = CARTESIAN_POINT('',(11.35,0.249997991832,0.999995682462));
#8562 = VECTOR('',#8563,1.);
#8563 = DIRECTION('',(0.,-2.008159217909E-06,-0.999999999998));
#8564 = ORIENTED_EDGE('',*,*,#8543,.T.);
#8565 = ORIENTED_EDGE('',*,*,#8566,.F.);
#8566 = EDGE_CURVE('',#8567,#8536,#8569,.T.);
#8567 = VERTEX_POINT('',#8568);
#8568 = CARTESIAN_POINT('',(11.55,0.25,2.));
#8569 = LINE('',#8570,#8571);
#8570 = CARTESIAN_POINT('',(11.55,0.25,2.));
#8571 = VECTOR('',#8572,1.);
#8572 = DIRECTION('',(0.,2.008159217909E-06,0.999999999998));
#8573 = ORIENTED_EDGE('',*,*,#8574,.F.);
#8574 = EDGE_CURVE('',#8558,#8567,#8575,.T.);
#8575 = LINE('',#8576,#8577);
#8576 = CARTESIAN_POINT('',(11.35,0.25,2.));
#8577 = VECTOR('',#8578,1.);
#8578 = DIRECTION('',(1.,0.,0.));
#8579 = PLANE('',#8580);
#8580 = AXIS2_PLACEMENT_3D('',#8581,#8582,#8583);
#8581 = CARTESIAN_POINT('',(11.35,0.25,2.));
#8582 = DIRECTION('',(0.,0.999999999998,-2.008159217909E-06));
#8583 = DIRECTION('',(0.,2.008159217909E-06,0.999999999998));
#8584 = ADVANCED_FACE('',(#8585),#8610,.T.);
#8585 = FACE_BOUND('',#8586,.T.);
#8586 = EDGE_LOOP('',(#8587,#8595,#8596,#8604));
#8587 = ORIENTED_EDGE('',*,*,#8588,.F.);
#8588 = EDGE_CURVE('',#8558,#8589,#8591,.T.);
#8589 = VERTEX_POINT('',#8590);
#8590 = CARTESIAN_POINT('',(11.35,-0.25,2.));
#8591 = LINE('',#8592,#8593);
#8592 = CARTESIAN_POINT('',(11.35,-2.15,2.));
#8593 = VECTOR('',#8594,1.);
#8594 = DIRECTION('',(0.,-1.,0.));
#8595 = ORIENTED_EDGE('',*,*,#8574,.T.);
#8596 = ORIENTED_EDGE('',*,*,#8597,.F.);
#8597 = EDGE_CURVE('',#8598,#8567,#8600,.T.);
#8598 = VERTEX_POINT('',#8599);
#8599 = CARTESIAN_POINT('',(11.55,-0.25,2.));
#8600 = LINE('',#8601,#8602);
#8601 = CARTESIAN_POINT('',(11.55,-0.25,2.));
#8602 = VECTOR('',#8603,1.);
#8603 = DIRECTION('',(0.,1.,0.));
#8604 = ORIENTED_EDGE('',*,*,#8605,.F.);
#8605 = EDGE_CURVE('',#8589,#8598,#8606,.T.);
#8606 = LINE('',#8607,#8608);
#8607 = CARTESIAN_POINT('',(11.35,-0.25,2.));
#8608 = VECTOR('',#8609,1.);
#8609 = DIRECTION('',(1.,0.,0.));
#8610 = PLANE('',#8611);
#8611 = AXIS2_PLACEMENT_3D('',#8612,#8613,#8614);
#8612 = CARTESIAN_POINT('',(11.35,-0.25,2.));
#8613 = DIRECTION('',(0.,0.,-1.));
#8614 = DIRECTION('',(0.,1.,0.));
#8615 = ADVANCED_FACE('',(#8616),#8632,.T.);
#8616 = FACE_BOUND('',#8617,.T.);
#8617 = EDGE_LOOP('',(#8618,#8624,#8625,#8631));
#8618 = ORIENTED_EDGE('',*,*,#8619,.F.);
#8619 = EDGE_CURVE('',#8589,#8270,#8620,.T.);
#8620 = LINE('',#8621,#8622);
#8621 = CARTESIAN_POINT('',(11.35,-0.25,1.375000430068));
#8622 = VECTOR('',#8623,1.);
#8623 = DIRECTION('',(0.,-9.714440324492E-16,1.));
#8624 = ORIENTED_EDGE('',*,*,#8605,.T.);
#8625 = ORIENTED_EDGE('',*,*,#8626,.F.);
#8626 = EDGE_CURVE('',#8280,#8598,#8627,.T.);
#8627 = LINE('',#8628,#8629);
#8628 = CARTESIAN_POINT('',(11.55,-0.25,2.750000860135));
#8629 = VECTOR('',#8630,1.);
#8630 = DIRECTION('',(0.,9.714440324492E-16,-1.));
#8631 = ORIENTED_EDGE('',*,*,#8279,.F.);
#8632 = PLANE('',#8633);
#8633 = AXIS2_PLACEMENT_3D('',#8634,#8635,#8636);
#8634 = CARTESIAN_POINT('',(11.35,-0.25,2.750000860135));
#8635 = DIRECTION('',(0.,-1.,-9.714440324492E-16));
#8636 = DIRECTION('',(0.,9.714440324492E-16,-1.));
#8637 = ADVANCED_FACE('',(#8638),#8652,.T.);
#8638 = FACE_BOUND('',#8639,.T.);
#8639 = EDGE_LOOP('',(#8640,#8641,#8642,#8643,#8644,#8645,#8646,#8647,
    #8648,#8649,#8650,#8651));
#8640 = ORIENTED_EDGE('',*,*,#8626,.T.);
#8641 = ORIENTED_EDGE('',*,*,#8597,.T.);
#8642 = ORIENTED_EDGE('',*,*,#8566,.T.);
#8643 = ORIENTED_EDGE('',*,*,#8535,.T.);
#8644 = ORIENTED_EDGE('',*,*,#8504,.T.);
#8645 = ORIENTED_EDGE('',*,*,#8473,.T.);
#8646 = ORIENTED_EDGE('',*,*,#8442,.T.);
#8647 = ORIENTED_EDGE('',*,*,#8411,.T.);
#8648 = ORIENTED_EDGE('',*,*,#8380,.T.);
#8649 = ORIENTED_EDGE('',*,*,#8349,.T.);
#8650 = ORIENTED_EDGE('',*,*,#8318,.T.);
#8651 = ORIENTED_EDGE('',*,*,#8287,.T.);
#8652 = PLANE('',#8653);
#8653 = AXIS2_PLACEMENT_3D('',#8654,#8655,#8656);
#8654 = CARTESIAN_POINT('',(11.55,1.183128257448E-06,3.000000860135));
#8655 = DIRECTION('',(1.,0.,0.));
#8656 = DIRECTION('',(0.,0.,-1.));
#8657 = ADVANCED_FACE('',(#8658),#8685,.F.);
#8658 = FACE_BOUND('',#8659,.F.);
#8659 = EDGE_LOOP('',(#8660,#8670,#8677,#8678));
#8660 = ORIENTED_EDGE('',*,*,#8661,.T.);
#8661 = EDGE_CURVE('',#8662,#8664,#8666,.T.);
#8662 = VERTEX_POINT('',#8663);
#8663 = CARTESIAN_POINT('',(4.2,-3.673940397442E-16,0.));
#8664 = VERTEX_POINT('',#8665);
#8665 = CARTESIAN_POINT('',(4.2,-3.673940397442E-16,3.));
#8666 = LINE('',#8667,#8668);
#8667 = CARTESIAN_POINT('',(4.2,-3.673940397442E-16,0.));
#8668 = VECTOR('',#8669,1.);
#8669 = DIRECTION('',(0.,0.,1.));
#8670 = ORIENTED_EDGE('',*,*,#8671,.F.);
#8671 = EDGE_CURVE('',#8664,#8664,#8672,.T.);
#8672 = CIRCLE('',#8673,3.);
#8673 = AXIS2_PLACEMENT_3D('',#8674,#8675,#8676);
#8674 = CARTESIAN_POINT('',(7.2,0.,3.));
#8675 = DIRECTION('',(0.,0.,1.));
#8676 = DIRECTION('',(1.,0.,-0.));
#8677 = ORIENTED_EDGE('',*,*,#8661,.F.);
#8678 = ORIENTED_EDGE('',*,*,#8679,.T.);
#8679 = EDGE_CURVE('',#8662,#8662,#8680,.T.);
#8680 = CIRCLE('',#8681,3.);
#8681 = AXIS2_PLACEMENT_3D('',#8682,#8683,#8684);
#8682 = CARTESIAN_POINT('',(7.2,0.,0.));
#8683 = DIRECTION('',(0.,0.,1.));
#8684 = DIRECTION('',(1.,0.,-0.));
#8685 = CYLINDRICAL_SURFACE('',#8686,3.);
#8686 = AXIS2_PLACEMENT_3D('',#8687,#8688,#8689);
#8687 = CARTESIAN_POINT('',(7.2,0.,0.));
#8688 = DIRECTION('',(0.,0.,1.));
#8689 = DIRECTION('',(1.,0.,-0.));
#8690 = ADVANCED_FACE('',(#8691,#8694),#8697,.F.);
#8691 = FACE_BOUND('',#8692,.T.);
#8692 = EDGE_LOOP('',(#8693));
#8693 = ORIENTED_EDGE('',*,*,#8671,.F.);
#8694 = FACE_BOUND('',#8695,.T.);
#8695 = EDGE_LOOP('',(#8696));
#8696 = ORIENTED_EDGE('',*,*,#7829,.T.);
#8697 = PLANE('',#8698);
#8698 = AXIS2_PLACEMENT_3D('',#8699,#8700,#8701);
#8699 = CARTESIAN_POINT('',(7.2,0.,3.));
#8700 = DIRECTION('',(0.,0.,1.));
#8701 = DIRECTION('',(1.,0.,-0.));
#8702 = ADVANCED_FACE('',(#8703),#8730,.F.);
#8703 = FACE_BOUND('',#8704,.F.);
#8704 = EDGE_LOOP('',(#8705,#8715,#8722,#8723));
#8705 = ORIENTED_EDGE('',*,*,#8706,.T.);
#8706 = EDGE_CURVE('',#8707,#8709,#8711,.T.);
#8707 = VERTEX_POINT('',#8708);
#8708 = CARTESIAN_POINT('',(-3.,-3.673940397442E-16,0.));
#8709 = VERTEX_POINT('',#8710);
#8710 = CARTESIAN_POINT('',(-3.,-3.673940397442E-16,3.));
#8711 = LINE('',#8712,#8713);
#8712 = CARTESIAN_POINT('',(-3.,-3.673940397442E-16,0.));
#8713 = VECTOR('',#8714,1.);
#8714 = DIRECTION('',(0.,0.,1.));
#8715 = ORIENTED_EDGE('',*,*,#8716,.F.);
#8716 = EDGE_CURVE('',#8709,#8709,#8717,.T.);
#8717 = CIRCLE('',#8718,3.);
#8718 = AXIS2_PLACEMENT_3D('',#8719,#8720,#8721);
#8719 = CARTESIAN_POINT('',(0.,0.,3.));
#8720 = DIRECTION('',(0.,0.,1.));
#8721 = DIRECTION('',(1.,0.,-0.));
#8722 = ORIENTED_EDGE('',*,*,#8706,.F.);
#8723 = ORIENTED_EDGE('',*,*,#8724,.T.);
#8724 = EDGE_CURVE('',#8707,#8707,#8725,.T.);
#8725 = CIRCLE('',#8726,3.);
#8726 = AXIS2_PLACEMENT_3D('',#8727,#8728,#8729);
#8727 = CARTESIAN_POINT('',(0.,0.,0.));
#8728 = DIRECTION('',(0.,0.,1.));
#8729 = DIRECTION('',(1.,0.,-0.));
#8730 = CYLINDRICAL_SURFACE('',#8731,3.);
#8731 = AXIS2_PLACEMENT_3D('',#8732,#8733,#8734);
#8732 = CARTESIAN_POINT('',(0.,0.,0.));
#8733 = DIRECTION('',(0.,0.,1.));
#8734 = DIRECTION('',(1.,0.,-0.));
#8735 = ADVANCED_FACE('',(#8736,#8739),#8742,.F.);
#8736 = FACE_BOUND('',#8737,.T.);
#8737 = EDGE_LOOP('',(#8738));
#8738 = ORIENTED_EDGE('',*,*,#8716,.F.);
#8739 = FACE_BOUND('',#8740,.T.);
#8740 = EDGE_LOOP('',(#8741));
#8741 = ORIENTED_EDGE('',*,*,#7787,.T.);
#8742 = PLANE('',#8743);
#8743 = AXIS2_PLACEMENT_3D('',#8744,#8745,#8746);
#8744 = CARTESIAN_POINT('',(0.,0.,3.));
#8745 = DIRECTION('',(0.,0.,1.));
#8746 = DIRECTION('',(1.,0.,-0.));
#8747 = ADVANCED_FACE('',(#8748),#8782,.T.);
#8748 = FACE_BOUND('',#8749,.T.);
#8749 = EDGE_LOOP('',(#8750,#8760,#8768,#8776));
#8750 = ORIENTED_EDGE('',*,*,#8751,.F.);
#8751 = EDGE_CURVE('',#8752,#8754,#8756,.T.);
#8752 = VERTEX_POINT('',#8753);
#8753 = CARTESIAN_POINT('',(3.099999959767,-3.299999926239,6.7));
#8754 = VERTEX_POINT('',#8755);
#8755 = CARTESIAN_POINT('',(3.099999959767,-2.,6.7));
#8756 = LINE('',#8757,#8758);
#8757 = CARTESIAN_POINT('',(3.099999959767,-1.,6.7));
#8758 = VECTOR('',#8759,1.);
#8759 = DIRECTION('',(0.,1.,0.));
#8760 = ORIENTED_EDGE('',*,*,#8761,.F.);
#8761 = EDGE_CURVE('',#8762,#8752,#8764,.T.);
#8762 = VERTEX_POINT('',#8763);
#8763 = CARTESIAN_POINT('',(3.099999959767,-3.299999926239,14.5));
#8764 = LINE('',#8765,#8766);
#8765 = CARTESIAN_POINT('',(3.099999959767,-3.3,11.35));
#8766 = VECTOR('',#8767,1.);
#8767 = DIRECTION('',(0.,0.,-1.));
#8768 = ORIENTED_EDGE('',*,*,#8769,.F.);
#8769 = EDGE_CURVE('',#8770,#8762,#8772,.T.);
#8770 = VERTEX_POINT('',#8771);
#8771 = CARTESIAN_POINT('',(3.099999959767,-2.,14.5));
#8772 = LINE('',#8773,#8774);
#8773 = CARTESIAN_POINT('',(3.099999959767,-2.,14.5));
#8774 = VECTOR('',#8775,1.);
#8775 = DIRECTION('',(0.,-1.,0.));
#8776 = ORIENTED_EDGE('',*,*,#8777,.F.);
#8777 = EDGE_CURVE('',#8754,#8770,#8778,.T.);
#8778 = LINE('',#8779,#8780);
#8779 = CARTESIAN_POINT('',(3.099999959767,-2.,6.7));
#8780 = VECTOR('',#8781,1.);
#8781 = DIRECTION('',(0.,0.,1.));
#8782 = PLANE('',#8783);
#8783 = AXIS2_PLACEMENT_3D('',#8784,#8785,#8786);
#8784 = CARTESIAN_POINT('',(3.099999959767,-2.,6.7));
#8785 = DIRECTION('',(-1.,0.,0.));
#8786 = DIRECTION('',(0.,-1.,0.));
#8787 = ADVANCED_FACE('',(#8788),#8822,.T.);
#8788 = FACE_BOUND('',#8789,.T.);
#8789 = EDGE_LOOP('',(#8790,#8800,#8808,#8816));
#8790 = ORIENTED_EDGE('',*,*,#8791,.F.);
#8791 = EDGE_CURVE('',#8792,#8794,#8796,.T.);
#8792 = VERTEX_POINT('',#8793);
#8793 = CARTESIAN_POINT('',(4.099999959767,-2.,6.7));
#8794 = VERTEX_POINT('',#8795);
#8795 = CARTESIAN_POINT('',(4.099999959767,-3.299999926239,6.7));
#8796 = LINE('',#8797,#8798);
#8797 = CARTESIAN_POINT('',(4.099999959767,-1.64999996312,6.7));
#8798 = VECTOR('',#8799,1.);
#8799 = DIRECTION('',(0.,-1.,0.));
#8800 = ORIENTED_EDGE('',*,*,#8801,.T.);
#8801 = EDGE_CURVE('',#8792,#8802,#8804,.T.);
#8802 = VERTEX_POINT('',#8803);
#8803 = CARTESIAN_POINT('',(4.099999959767,-2.,14.5));
#8804 = LINE('',#8805,#8806);
#8805 = CARTESIAN_POINT('',(4.099999959767,-2.,6.7));
#8806 = VECTOR('',#8807,1.);
#8807 = DIRECTION('',(0.,0.,1.));
#8808 = ORIENTED_EDGE('',*,*,#8809,.F.);
#8809 = EDGE_CURVE('',#8810,#8802,#8812,.T.);
#8810 = VERTEX_POINT('',#8811);
#8811 = CARTESIAN_POINT('',(4.099999959767,-3.299999926239,14.5));
#8812 = LINE('',#8813,#8814);
#8813 = CARTESIAN_POINT('',(4.099999959767,-3.299999926239,14.5));
#8814 = VECTOR('',#8815,1.);
#8815 = DIRECTION('',(0.,1.,0.));
#8816 = ORIENTED_EDGE('',*,*,#8817,.F.);
#8817 = EDGE_CURVE('',#8794,#8810,#8818,.T.);
#8818 = LINE('',#8819,#8820);
#8819 = CARTESIAN_POINT('',(4.099999959767,-3.3,11.35));
#8820 = VECTOR('',#8821,1.);
#8821 = DIRECTION('',(0.,0.,1.));
#8822 = PLANE('',#8823);
#8823 = AXIS2_PLACEMENT_3D('',#8824,#8825,#8826);
#8824 = CARTESIAN_POINT('',(4.099999959767,-3.299999926239,6.7));
#8825 = DIRECTION('',(1.,0.,0.));
#8826 = DIRECTION('',(-0.,1.,0.));
#8827 = ADVANCED_FACE('',(#8828),#8844,.T.);
#8828 = FACE_BOUND('',#8829,.T.);
#8829 = EDGE_LOOP('',(#8830,#8831,#8837,#8838));
#8830 = ORIENTED_EDGE('',*,*,#8809,.T.);
#8831 = ORIENTED_EDGE('',*,*,#8832,.T.);
#8832 = EDGE_CURVE('',#8802,#8770,#8833,.T.);
#8833 = LINE('',#8834,#8835);
#8834 = CARTESIAN_POINT('',(4.099999959767,-2.,14.5));
#8835 = VECTOR('',#8836,1.);
#8836 = DIRECTION('',(-1.,0.,0.));
#8837 = ORIENTED_EDGE('',*,*,#8769,.T.);
#8838 = ORIENTED_EDGE('',*,*,#8839,.F.);
#8839 = EDGE_CURVE('',#8810,#8762,#8840,.T.);
#8840 = LINE('',#8841,#8842);
#8841 = CARTESIAN_POINT('',(7.099999979883,-3.3,14.5));
#8842 = VECTOR('',#8843,1.);
#8843 = DIRECTION('',(-1.,-4.836113808461E-17,0.));
#8844 = PLANE('',#8845);
#8845 = AXIS2_PLACEMENT_3D('',#8846,#8847,#8848);
#8846 = CARTESIAN_POINT('',(3.599999959767,-2.64999996312,14.5));
#8847 = DIRECTION('',(0.,0.,1.));
#8848 = DIRECTION('',(1.,0.,-0.));
#8849 = ADVANCED_FACE('',(#8850,#8946,#8950),#8954,.F.);
#8850 = FACE_BOUND('',#8851,.T.);
#8851 = EDGE_LOOP('',(#8852,#8853,#8861,#8869,#8877,#8885,#8893,#8901,
    #8907,#8908,#8916,#8924,#8932,#8940));
#8852 = ORIENTED_EDGE('',*,*,#8791,.T.);
#8853 = ORIENTED_EDGE('',*,*,#8854,.F.);
#8854 = EDGE_CURVE('',#8855,#8794,#8857,.T.);
#8855 = VERTEX_POINT('',#8856);
#8856 = CARTESIAN_POINT('',(10.6,-3.3,6.7));
#8857 = LINE('',#8858,#8859);
#8858 = CARTESIAN_POINT('',(-0.878462548614,-3.3,6.7));
#8859 = VECTOR('',#8860,1.);
#8860 = DIRECTION('',(-1.,-4.836113808461E-17,0.));
#8861 = ORIENTED_EDGE('',*,*,#8862,.F.);
#8862 = EDGE_CURVE('',#8863,#8855,#8865,.T.);
#8863 = VERTEX_POINT('',#8864);
#8864 = CARTESIAN_POINT('',(10.6,3.3,6.7));
#8865 = LINE('',#8866,#8867);
#8866 = CARTESIAN_POINT('',(10.6,-3.3,6.7));
#8867 = VECTOR('',#8868,1.);
#8868 = DIRECTION('',(0.,-1.,0.));
#8869 = ORIENTED_EDGE('',*,*,#8870,.F.);
#8870 = EDGE_CURVE('',#8871,#8863,#8873,.T.);
#8871 = VERTEX_POINT('',#8872);
#8872 = CARTESIAN_POINT('',(-0.878462548614,3.3,6.7));
#8873 = LINE('',#8874,#8875);
#8874 = CARTESIAN_POINT('',(10.6,3.3,6.7));
#8875 = VECTOR('',#8876,1.);
#8876 = DIRECTION('',(1.,9.672227616923E-17,0.));
#8877 = ORIENTED_EDGE('',*,*,#8878,.F.);
#8878 = EDGE_CURVE('',#8879,#8871,#8881,.T.);
#8879 = VERTEX_POINT('',#8880);
#8880 = CARTESIAN_POINT('',(-3.4,1.198718790512,6.7));
#8881 = LINE('',#8882,#8883);
#8882 = CARTESIAN_POINT('',(-0.878462548614,3.3,6.7));
#8883 = VECTOR('',#8884,1.);
#8884 = DIRECTION('',(0.768221279597,0.640184399664,0.));
#8885 = ORIENTED_EDGE('',*,*,#8886,.F.);
#8886 = EDGE_CURVE('',#8887,#8879,#8889,.T.);
#8887 = VERTEX_POINT('',#8888);
#8888 = CARTESIAN_POINT('',(-3.4,-1.198718790512,6.7));
#8889 = LINE('',#8890,#8891);
#8890 = CARTESIAN_POINT('',(-3.4,1.198718790512,6.7));
#8891 = VECTOR('',#8892,1.);
#8892 = DIRECTION('',(0.,1.,0.));
#8893 = ORIENTED_EDGE('',*,*,#8894,.F.);
#8894 = EDGE_CURVE('',#8895,#8887,#8897,.T.);
#8895 = VERTEX_POINT('',#8896);
#8896 = CARTESIAN_POINT('',(-0.878462548614,-3.3,6.7));
#8897 = LINE('',#8898,#8899);
#8898 = CARTESIAN_POINT('',(-3.4,-1.198718790512,6.7));
#8899 = VECTOR('',#8900,1.);
#8900 = DIRECTION('',(-0.768221279597,0.640184399664,0.));
#8901 = ORIENTED_EDGE('',*,*,#8902,.F.);
#8902 = EDGE_CURVE('',#8752,#8895,#8903,.T.);
#8903 = LINE('',#8904,#8905);
#8904 = CARTESIAN_POINT('',(-0.878462548614,-3.3,6.7));
#8905 = VECTOR('',#8906,1.);
#8906 = DIRECTION('',(-1.,-4.836113808461E-17,0.));
#8907 = ORIENTED_EDGE('',*,*,#8751,.T.);
#8908 = ORIENTED_EDGE('',*,*,#8909,.T.);
#8909 = EDGE_CURVE('',#8754,#8910,#8912,.T.);
#8910 = VERTEX_POINT('',#8911);
#8911 = CARTESIAN_POINT('',(2.95,-2.,6.7));
#8912 = LINE('',#8913,#8914);
#8913 = CARTESIAN_POINT('',(3.925,-2.,6.7));
#8914 = VECTOR('',#8915,1.);
#8915 = DIRECTION('',(-1.,0.,0.));
#8916 = ORIENTED_EDGE('',*,*,#8917,.T.);
#8917 = EDGE_CURVE('',#8910,#8918,#8920,.T.);
#8918 = VERTEX_POINT('',#8919);
#8919 = CARTESIAN_POINT('',(2.95,2.,6.7));
#8920 = LINE('',#8921,#8922);
#8921 = CARTESIAN_POINT('',(2.95,-1.,6.7));
#8922 = VECTOR('',#8923,1.);
#8923 = DIRECTION('',(0.,1.,0.));
#8924 = ORIENTED_EDGE('',*,*,#8925,.T.);
#8925 = EDGE_CURVE('',#8918,#8926,#8928,.T.);
#8926 = VERTEX_POINT('',#8927);
#8927 = CARTESIAN_POINT('',(4.25,2.,6.7));
#8928 = LINE('',#8929,#8930);
#8929 = CARTESIAN_POINT('',(3.275,2.,6.7));
#8930 = VECTOR('',#8931,1.);
#8931 = DIRECTION('',(1.,0.,0.));
#8932 = ORIENTED_EDGE('',*,*,#8933,.T.);
#8933 = EDGE_CURVE('',#8926,#8934,#8936,.T.);
#8934 = VERTEX_POINT('',#8935);
#8935 = CARTESIAN_POINT('',(4.25,-2.,6.7));
#8936 = LINE('',#8937,#8938);
#8937 = CARTESIAN_POINT('',(4.25,1.,6.7));
#8938 = VECTOR('',#8939,1.);
#8939 = DIRECTION('',(0.,-1.,0.));
#8940 = ORIENTED_EDGE('',*,*,#8941,.T.);
#8941 = EDGE_CURVE('',#8934,#8792,#8942,.T.);
#8942 = LINE('',#8943,#8944);
#8943 = CARTESIAN_POINT('',(3.925,-2.,6.7));
#8944 = VECTOR('',#8945,1.);
#8945 = DIRECTION('',(-1.,0.,0.));
#8946 = FACE_BOUND('',#8947,.T.);
#8947 = EDGE_LOOP('',(#8948,#8949));
#8948 = ORIENTED_EDGE('',*,*,#7804,.T.);
#8949 = ORIENTED_EDGE('',*,*,#7795,.T.);
#8950 = FACE_BOUND('',#8951,.T.);
#8951 = EDGE_LOOP('',(#8952,#8953));
#8952 = ORIENTED_EDGE('',*,*,#7846,.T.);
#8953 = ORIENTED_EDGE('',*,*,#7837,.T.);
#8954 = PLANE('',#8955);
#8955 = AXIS2_PLACEMENT_3D('',#8956,#8957,#8958);
#8956 = CARTESIAN_POINT('',(3.6,0.,6.7));
#8957 = DIRECTION('',(0.,0.,-1.));
#8958 = DIRECTION('',(-1.,0.,0.));
#8959 = ADVANCED_FACE('',(#8960),#8985,.F.);
#8960 = FACE_BOUND('',#8961,.T.);
#8961 = EDGE_LOOP('',(#8962,#8963,#8971,#8979));
#8962 = ORIENTED_EDGE('',*,*,#8925,.F.);
#8963 = ORIENTED_EDGE('',*,*,#8964,.T.);
#8964 = EDGE_CURVE('',#8918,#8965,#8967,.T.);
#8965 = VERTEX_POINT('',#8966);
#8966 = CARTESIAN_POINT('',(2.95,2.,5.7));
#8967 = LINE('',#8968,#8969);
#8968 = CARTESIAN_POINT('',(2.95,2.,6.7));
#8969 = VECTOR('',#8970,1.);
#8970 = DIRECTION('',(0.,0.,-1.));
#8971 = ORIENTED_EDGE('',*,*,#8972,.T.);
#8972 = EDGE_CURVE('',#8965,#8973,#8975,.T.);
#8973 = VERTEX_POINT('',#8974);
#8974 = CARTESIAN_POINT('',(4.25,2.,5.7));
#8975 = LINE('',#8976,#8977);
#8976 = CARTESIAN_POINT('',(4.25,2.,5.7));
#8977 = VECTOR('',#8978,1.);
#8978 = DIRECTION('',(1.,0.,0.));
#8979 = ORIENTED_EDGE('',*,*,#8980,.F.);
#8980 = EDGE_CURVE('',#8926,#8973,#8981,.T.);
#8981 = LINE('',#8982,#8983);
#8982 = CARTESIAN_POINT('',(4.25,2.,6.7));
#8983 = VECTOR('',#8984,1.);
#8984 = DIRECTION('',(0.,0.,-1.));
#8985 = PLANE('',#8986);
#8986 = AXIS2_PLACEMENT_3D('',#8987,#8988,#8989);
#8987 = CARTESIAN_POINT('',(2.95,2.,6.7));
#8988 = DIRECTION('',(0.,1.,0.));
#8989 = DIRECTION('',(1.,0.,0.));
#8990 = ADVANCED_FACE('',(#8991),#9009,.F.);
#8991 = FACE_BOUND('',#8992,.T.);
#8992 = EDGE_LOOP('',(#8993,#8994,#9002,#9008));
#8993 = ORIENTED_EDGE('',*,*,#8917,.F.);
#8994 = ORIENTED_EDGE('',*,*,#8995,.T.);
#8995 = EDGE_CURVE('',#8910,#8996,#8998,.T.);
#8996 = VERTEX_POINT('',#8997);
#8997 = CARTESIAN_POINT('',(2.95,-2.,5.7));
#8998 = LINE('',#8999,#9000);
#8999 = CARTESIAN_POINT('',(2.95,-2.,6.7));
#9000 = VECTOR('',#9001,1.);
#9001 = DIRECTION('',(0.,0.,-1.));
#9002 = ORIENTED_EDGE('',*,*,#9003,.T.);
#9003 = EDGE_CURVE('',#8996,#8965,#9004,.T.);
#9004 = LINE('',#9005,#9006);
#9005 = CARTESIAN_POINT('',(2.95,2.,5.7));
#9006 = VECTOR('',#9007,1.);
#9007 = DIRECTION('',(0.,1.,0.));
#9008 = ORIENTED_EDGE('',*,*,#8964,.F.);
#9009 = PLANE('',#9010);
#9010 = AXIS2_PLACEMENT_3D('',#9011,#9012,#9013);
#9011 = CARTESIAN_POINT('',(2.95,-2.,6.7));
#9012 = DIRECTION('',(-1.,0.,0.));
#9013 = DIRECTION('',(0.,1.,0.));
#9014 = ADVANCED_FACE('',(#9015),#9037,.F.);
#9015 = FACE_BOUND('',#9016,.T.);
#9016 = EDGE_LOOP('',(#9017,#9018,#9026,#9032,#9033,#9034,#9035,#9036));
#9017 = ORIENTED_EDGE('',*,*,#8941,.F.);
#9018 = ORIENTED_EDGE('',*,*,#9019,.T.);
#9019 = EDGE_CURVE('',#8934,#9020,#9022,.T.);
#9020 = VERTEX_POINT('',#9021);
#9021 = CARTESIAN_POINT('',(4.25,-2.,5.7));
#9022 = LINE('',#9023,#9024);
#9023 = CARTESIAN_POINT('',(4.25,-2.,6.7));
#9024 = VECTOR('',#9025,1.);
#9025 = DIRECTION('',(0.,0.,-1.));
#9026 = ORIENTED_EDGE('',*,*,#9027,.T.);
#9027 = EDGE_CURVE('',#9020,#8996,#9028,.T.);
#9028 = LINE('',#9029,#9030);
#9029 = CARTESIAN_POINT('',(2.95,-2.,5.7));
#9030 = VECTOR('',#9031,1.);
#9031 = DIRECTION('',(-1.,0.,0.));
#9032 = ORIENTED_EDGE('',*,*,#8995,.F.);
#9033 = ORIENTED_EDGE('',*,*,#8909,.F.);
#9034 = ORIENTED_EDGE('',*,*,#8777,.T.);
#9035 = ORIENTED_EDGE('',*,*,#8832,.F.);
#9036 = ORIENTED_EDGE('',*,*,#8801,.F.);
#9037 = PLANE('',#9038);
#9038 = AXIS2_PLACEMENT_3D('',#9039,#9040,#9041);
#9039 = CARTESIAN_POINT('',(4.25,-2.,6.7));
#9040 = DIRECTION('',(0.,-1.,0.));
#9041 = DIRECTION('',(-1.,0.,0.));
#9042 = ADVANCED_FACE('',(#9043),#9054,.F.);
#9043 = FACE_BOUND('',#9044,.T.);
#9044 = EDGE_LOOP('',(#9045,#9046,#9047,#9053));
#9045 = ORIENTED_EDGE('',*,*,#8933,.F.);
#9046 = ORIENTED_EDGE('',*,*,#8980,.T.);
#9047 = ORIENTED_EDGE('',*,*,#9048,.T.);
#9048 = EDGE_CURVE('',#8973,#9020,#9049,.T.);
#9049 = LINE('',#9050,#9051);
#9050 = CARTESIAN_POINT('',(4.25,-2.,5.7));
#9051 = VECTOR('',#9052,1.);
#9052 = DIRECTION('',(0.,-1.,0.));
#9053 = ORIENTED_EDGE('',*,*,#9019,.F.);
#9054 = PLANE('',#9055);
#9055 = AXIS2_PLACEMENT_3D('',#9056,#9057,#9058);
#9056 = CARTESIAN_POINT('',(4.25,2.,6.7));
#9057 = DIRECTION('',(1.,0.,0.));
#9058 = DIRECTION('',(0.,-1.,0.));
#9059 = ADVANCED_FACE('',(#9060),#9066,.F.);
#9060 = FACE_BOUND('',#9061,.T.);
#9061 = EDGE_LOOP('',(#9062,#9063,#9064,#9065));
#9062 = ORIENTED_EDGE('',*,*,#9048,.F.);
#9063 = ORIENTED_EDGE('',*,*,#8972,.F.);
#9064 = ORIENTED_EDGE('',*,*,#9003,.F.);
#9065 = ORIENTED_EDGE('',*,*,#9027,.F.);
#9066 = PLANE('',#9067);
#9067 = AXIS2_PLACEMENT_3D('',#9068,#9069,#9070);
#9068 = CARTESIAN_POINT('',(3.6,0.,5.7));
#9069 = DIRECTION('',(0.,0.,-1.));
#9070 = DIRECTION('',(-1.,0.,0.));
#9071 = ADVANCED_FACE('',(#9072),#9097,.F.);
#9072 = FACE_BOUND('',#9073,.T.);
#9073 = EDGE_LOOP('',(#9074,#9084,#9090,#9091));
#9074 = ORIENTED_EDGE('',*,*,#9075,.F.);
#9075 = EDGE_CURVE('',#9076,#9078,#9080,.T.);
#9076 = VERTEX_POINT('',#9077);
#9077 = CARTESIAN_POINT('',(-3.4,-1.198718790512,16.));
#9078 = VERTEX_POINT('',#9079);
#9079 = CARTESIAN_POINT('',(-3.4,1.198718790512,16.));
#9080 = LINE('',#9081,#9082);
#9081 = CARTESIAN_POINT('',(-3.4,-0.599359395256,16.));
#9082 = VECTOR('',#9083,1.);
#9083 = DIRECTION('',(0.,1.,0.));
#9084 = ORIENTED_EDGE('',*,*,#9085,.T.);
#9085 = EDGE_CURVE('',#9076,#8887,#9086,.T.);
#9086 = LINE('',#9087,#9088);
#9087 = CARTESIAN_POINT('',(-3.4,-1.198718790512,16.));
#9088 = VECTOR('',#9089,1.);
#9089 = DIRECTION('',(0.,0.,-1.));
#9090 = ORIENTED_EDGE('',*,*,#8886,.T.);
#9091 = ORIENTED_EDGE('',*,*,#9092,.F.);
#9092 = EDGE_CURVE('',#9078,#8879,#9093,.T.);
#9093 = LINE('',#9094,#9095);
#9094 = CARTESIAN_POINT('',(-3.4,1.198718790512,16.));
#9095 = VECTOR('',#9096,1.);
#9096 = DIRECTION('',(0.,0.,-1.));
#9097 = PLANE('',#9098);
#9098 = AXIS2_PLACEMENT_3D('',#9099,#9100,#9101);
#9099 = CARTESIAN_POINT('',(-3.4,-1.198718790512,16.));
#9100 = DIRECTION('',(-1.,0.,0.));
#9101 = DIRECTION('',(0.,1.,0.));
#9102 = ADVANCED_FACE('',(#9103),#9121,.F.);
#9103 = FACE_BOUND('',#9104,.T.);
#9104 = EDGE_LOOP('',(#9105,#9113,#9119,#9120));
#9105 = ORIENTED_EDGE('',*,*,#9106,.F.);
#9106 = EDGE_CURVE('',#9107,#9076,#9109,.T.);
#9107 = VERTEX_POINT('',#9108);
#9108 = CARTESIAN_POINT('',(-0.878462548614,-3.3,16.));
#9109 = LINE('',#9110,#9111);
#9110 = CARTESIAN_POINT('',(-0.368424419515,-3.725031774249,16.));
#9111 = VECTOR('',#9112,1.);
#9112 = DIRECTION('',(-0.768221279597,0.640184399664,0.));
#9113 = ORIENTED_EDGE('',*,*,#9114,.T.);
#9114 = EDGE_CURVE('',#9107,#8895,#9115,.T.);
#9115 = LINE('',#9116,#9117);
#9116 = CARTESIAN_POINT('',(-0.878462548614,-3.3,16.));
#9117 = VECTOR('',#9118,1.);
#9118 = DIRECTION('',(0.,0.,-1.));
#9119 = ORIENTED_EDGE('',*,*,#8894,.T.);
#9120 = ORIENTED_EDGE('',*,*,#9085,.F.);
#9121 = PLANE('',#9122);
#9122 = AXIS2_PLACEMENT_3D('',#9123,#9124,#9125);
#9123 = CARTESIAN_POINT('',(-0.878462548614,-3.3,16.));
#9124 = DIRECTION('',(-0.640184399664,-0.768221279597,0.));
#9125 = DIRECTION('',(-0.768221279597,0.640184399664,0.));
#9126 = ADVANCED_FACE('',(#9127),#9149,.F.);
#9127 = FACE_BOUND('',#9128,.T.);
#9128 = EDGE_LOOP('',(#9129,#9130,#9131,#9132,#9140,#9146,#9147,#9148));
#9129 = ORIENTED_EDGE('',*,*,#8761,.T.);
#9130 = ORIENTED_EDGE('',*,*,#8902,.T.);
#9131 = ORIENTED_EDGE('',*,*,#9114,.F.);
#9132 = ORIENTED_EDGE('',*,*,#9133,.F.);
#9133 = EDGE_CURVE('',#9134,#9107,#9136,.T.);
#9134 = VERTEX_POINT('',#9135);
#9135 = CARTESIAN_POINT('',(10.6,-3.3,16.));
#9136 = LINE('',#9137,#9138);
#9137 = CARTESIAN_POINT('',(7.1,-3.3,16.));
#9138 = VECTOR('',#9139,1.);
#9139 = DIRECTION('',(-1.,-4.836113808461E-17,0.));
#9140 = ORIENTED_EDGE('',*,*,#9141,.T.);
#9141 = EDGE_CURVE('',#9134,#8855,#9142,.T.);
#9142 = LINE('',#9143,#9144);
#9143 = CARTESIAN_POINT('',(10.6,-3.3,16.));
#9144 = VECTOR('',#9145,1.);
#9145 = DIRECTION('',(0.,0.,-1.));
#9146 = ORIENTED_EDGE('',*,*,#8854,.T.);
#9147 = ORIENTED_EDGE('',*,*,#8817,.T.);
#9148 = ORIENTED_EDGE('',*,*,#8839,.T.);
#9149 = PLANE('',#9150);
#9150 = AXIS2_PLACEMENT_3D('',#9151,#9152,#9153);
#9151 = CARTESIAN_POINT('',(10.6,-3.3,16.));
#9152 = DIRECTION('',(4.836113808461E-17,-1.,0.));
#9153 = DIRECTION('',(-1.,-4.836113808461E-17,0.));
#9154 = ADVANCED_FACE('',(#9155),#9173,.F.);
#9155 = FACE_BOUND('',#9156,.T.);
#9156 = EDGE_LOOP('',(#9157,#9165,#9171,#9172));
#9157 = ORIENTED_EDGE('',*,*,#9158,.F.);
#9158 = EDGE_CURVE('',#9159,#9134,#9161,.T.);
#9159 = VERTEX_POINT('',#9160);
#9160 = CARTESIAN_POINT('',(10.6,3.3,16.));
#9161 = LINE('',#9162,#9163);
#9162 = CARTESIAN_POINT('',(10.6,1.65,16.));
#9163 = VECTOR('',#9164,1.);
#9164 = DIRECTION('',(0.,-1.,0.));
#9165 = ORIENTED_EDGE('',*,*,#9166,.T.);
#9166 = EDGE_CURVE('',#9159,#8863,#9167,.T.);
#9167 = LINE('',#9168,#9169);
#9168 = CARTESIAN_POINT('',(10.6,3.3,16.));
#9169 = VECTOR('',#9170,1.);
#9170 = DIRECTION('',(0.,0.,-1.));
#9171 = ORIENTED_EDGE('',*,*,#8862,.T.);
#9172 = ORIENTED_EDGE('',*,*,#9141,.F.);
#9173 = PLANE('',#9174);
#9174 = AXIS2_PLACEMENT_3D('',#9175,#9176,#9177);
#9175 = CARTESIAN_POINT('',(10.6,3.3,16.));
#9176 = DIRECTION('',(1.,0.,0.));
#9177 = DIRECTION('',(0.,-1.,0.));
#9178 = ADVANCED_FACE('',(#9179),#9197,.F.);
#9179 = FACE_BOUND('',#9180,.T.);
#9180 = EDGE_LOOP('',(#9181,#9189,#9195,#9196));
#9181 = ORIENTED_EDGE('',*,*,#9182,.F.);
#9182 = EDGE_CURVE('',#9183,#9159,#9185,.T.);
#9183 = VERTEX_POINT('',#9184);
#9184 = CARTESIAN_POINT('',(-0.878462548614,3.3,16.));
#9185 = LINE('',#9186,#9187);
#9186 = CARTESIAN_POINT('',(1.360768725693,3.3,16.));
#9187 = VECTOR('',#9188,1.);
#9188 = DIRECTION('',(1.,9.672227616923E-17,0.));
#9189 = ORIENTED_EDGE('',*,*,#9190,.T.);
#9190 = EDGE_CURVE('',#9183,#8871,#9191,.T.);
#9191 = LINE('',#9192,#9193);
#9192 = CARTESIAN_POINT('',(-0.878462548614,3.3,16.));
#9193 = VECTOR('',#9194,1.);
#9194 = DIRECTION('',(0.,0.,-1.));
#9195 = ORIENTED_EDGE('',*,*,#8870,.T.);
#9196 = ORIENTED_EDGE('',*,*,#9166,.F.);
#9197 = PLANE('',#9198);
#9198 = AXIS2_PLACEMENT_3D('',#9199,#9200,#9201);
#9199 = CARTESIAN_POINT('',(-0.878462548614,3.3,16.));
#9200 = DIRECTION('',(-9.672227616923E-17,1.,0.));
#9201 = DIRECTION('',(1.,9.672227616923E-17,0.));
#9202 = ADVANCED_FACE('',(#9203),#9214,.F.);
#9203 = FACE_BOUND('',#9204,.T.);
#9204 = EDGE_LOOP('',(#9205,#9211,#9212,#9213));
#9205 = ORIENTED_EDGE('',*,*,#9206,.F.);
#9206 = EDGE_CURVE('',#9078,#9183,#9207,.T.);
#9207 = LINE('',#9208,#9209);
#9208 = CARTESIAN_POINT('',(-1.629193145208,2.674391169505,16.));
#9209 = VECTOR('',#9210,1.);
#9210 = DIRECTION('',(0.768221279597,0.640184399664,0.));
#9211 = ORIENTED_EDGE('',*,*,#9092,.T.);
#9212 = ORIENTED_EDGE('',*,*,#8878,.T.);
#9213 = ORIENTED_EDGE('',*,*,#9190,.F.);
#9214 = PLANE('',#9215);
#9215 = AXIS2_PLACEMENT_3D('',#9216,#9217,#9218);
#9216 = CARTESIAN_POINT('',(-3.4,1.198718790512,16.));
#9217 = DIRECTION('',(-0.640184399664,0.768221279597,0.));
#9218 = DIRECTION('',(0.768221279597,0.640184399664,0.));
#9219 = ADVANCED_FACE('',(#9220,#9254),#9260,.T.);
#9220 = FACE_BOUND('',#9221,.T.);
#9221 = EDGE_LOOP('',(#9222,#9232,#9240,#9248));
#9222 = ORIENTED_EDGE('',*,*,#9223,.F.);
#9223 = EDGE_CURVE('',#9224,#9226,#9228,.T.);
#9224 = VERTEX_POINT('',#9225);
#9225 = CARTESIAN_POINT('',(11.35,-4.05,0.));
#9226 = VERTEX_POINT('',#9227);
#9227 = CARTESIAN_POINT('',(-1.15,-4.05,0.));
#9228 = LINE('',#9229,#9230);
#9229 = CARTESIAN_POINT('',(11.35,-4.05,0.));
#9230 = VECTOR('',#9231,1.);
#9231 = DIRECTION('',(-1.,0.,0.));
#9232 = ORIENTED_EDGE('',*,*,#9233,.T.);
#9233 = EDGE_CURVE('',#9224,#9234,#9236,.T.);
#9234 = VERTEX_POINT('',#9235);
#9235 = CARTESIAN_POINT('',(11.35,-4.05,16.));
#9236 = LINE('',#9237,#9238);
#9237 = CARTESIAN_POINT('',(11.35,-4.05,0.));
#9238 = VECTOR('',#9239,1.);
#9239 = DIRECTION('',(0.,0.,1.));
#9240 = ORIENTED_EDGE('',*,*,#9241,.F.);
#9241 = EDGE_CURVE('',#9242,#9234,#9244,.T.);
#9242 = VERTEX_POINT('',#9243);
#9243 = CARTESIAN_POINT('',(-1.15,-4.05,16.));
#9244 = LINE('',#9245,#9246);
#9245 = CARTESIAN_POINT('',(11.35,-4.05,16.));
#9246 = VECTOR('',#9247,1.);
#9247 = DIRECTION('',(1.,0.,0.));
#9248 = ORIENTED_EDGE('',*,*,#9249,.F.);
#9249 = EDGE_CURVE('',#9226,#9242,#9250,.T.);
#9250 = LINE('',#9251,#9252);
#9251 = CARTESIAN_POINT('',(-1.15,-4.05,0.));
#9252 = VECTOR('',#9253,1.);
#9253 = DIRECTION('',(0.,0.,1.));
#9254 = FACE_BOUND('',#9255,.T.);
#9255 = EDGE_LOOP('',(#9256,#9257,#9258,#9259));
#9256 = ORIENTED_EDGE('',*,*,#7861,.T.);
#9257 = ORIENTED_EDGE('',*,*,#7963,.T.);
#9258 = ORIENTED_EDGE('',*,*,#7932,.T.);
#9259 = ORIENTED_EDGE('',*,*,#7901,.T.);
#9260 = PLANE('',#9261);
#9261 = AXIS2_PLACEMENT_3D('',#9262,#9263,#9264);
#9262 = CARTESIAN_POINT('',(-1.15,-4.05,0.));
#9263 = DIRECTION('',(0.,-1.,0.));
#9264 = DIRECTION('',(1.,0.,0.));
#9265 = ADVANCED_FACE('',(#9266),#9291,.T.);
#9266 = FACE_BOUND('',#9267,.T.);
#9267 = EDGE_LOOP('',(#9268,#9276,#9277,#9285));
#9268 = ORIENTED_EDGE('',*,*,#9269,.F.);
#9269 = EDGE_CURVE('',#9226,#9270,#9272,.T.);
#9270 = VERTEX_POINT('',#9271);
#9271 = CARTESIAN_POINT('',(-4.15,-1.55,0.));
#9272 = LINE('',#9273,#9274);
#9273 = CARTESIAN_POINT('',(-1.15,-4.05,0.));
#9274 = VECTOR('',#9275,1.);
#9275 = DIRECTION('',(-0.768221279597,0.640184399664,0.));
#9276 = ORIENTED_EDGE('',*,*,#9249,.T.);
#9277 = ORIENTED_EDGE('',*,*,#9278,.F.);
#9278 = EDGE_CURVE('',#9279,#9242,#9281,.T.);
#9279 = VERTEX_POINT('',#9280);
#9280 = CARTESIAN_POINT('',(-4.15,-1.55,16.));
#9281 = LINE('',#9282,#9283);
#9282 = CARTESIAN_POINT('',(-1.15,-4.05,16.));
#9283 = VECTOR('',#9284,1.);
#9284 = DIRECTION('',(0.768221279597,-0.640184399664,0.));
#9285 = ORIENTED_EDGE('',*,*,#9286,.F.);
#9286 = EDGE_CURVE('',#9270,#9279,#9287,.T.);
#9287 = LINE('',#9288,#9289);
#9288 = CARTESIAN_POINT('',(-4.15,-1.55,0.));
#9289 = VECTOR('',#9290,1.);
#9290 = DIRECTION('',(0.,0.,1.));
#9291 = PLANE('',#9292);
#9292 = AXIS2_PLACEMENT_3D('',#9293,#9294,#9295);
#9293 = CARTESIAN_POINT('',(-4.15,-1.55,0.));
#9294 = DIRECTION('',(-0.640184399664,-0.768221279597,0.));
#9295 = DIRECTION('',(0.768221279597,-0.640184399664,0.));
#9296 = ADVANCED_FACE('',(#9297,#9322),#9328,.T.);
#9297 = FACE_BOUND('',#9298,.T.);
#9298 = EDGE_LOOP('',(#9299,#9307,#9308,#9316));
#9299 = ORIENTED_EDGE('',*,*,#9300,.T.);
#9300 = EDGE_CURVE('',#9301,#9270,#9303,.T.);
#9301 = VERTEX_POINT('',#9302);
#9302 = CARTESIAN_POINT('',(-4.15,1.55,0.));
#9303 = LINE('',#9304,#9305);
#9304 = CARTESIAN_POINT('',(-4.15,1.55,0.));
#9305 = VECTOR('',#9306,1.);
#9306 = DIRECTION('',(0.,-1.,0.));
#9307 = ORIENTED_EDGE('',*,*,#9286,.T.);
#9308 = ORIENTED_EDGE('',*,*,#9309,.F.);
#9309 = EDGE_CURVE('',#9310,#9279,#9312,.T.);
#9310 = VERTEX_POINT('',#9311);
#9311 = CARTESIAN_POINT('',(-4.15,1.55,16.));
#9312 = LINE('',#9313,#9314);
#9313 = CARTESIAN_POINT('',(-4.15,1.55,16.));
#9314 = VECTOR('',#9315,1.);
#9315 = DIRECTION('',(0.,-1.,0.));
#9316 = ORIENTED_EDGE('',*,*,#9317,.F.);
#9317 = EDGE_CURVE('',#9301,#9310,#9318,.T.);
#9318 = LINE('',#9319,#9320);
#9319 = CARTESIAN_POINT('',(-4.15,1.55,0.));
#9320 = VECTOR('',#9321,1.);
#9321 = DIRECTION('',(0.,0.,1.));
#9322 = FACE_BOUND('',#9323,.T.);
#9323 = EDGE_LOOP('',(#9324,#9325,#9326,#9327));
#9324 = ORIENTED_EDGE('',*,*,#8133,.T.);
#9325 = ORIENTED_EDGE('',*,*,#8173,.T.);
#9326 = ORIENTED_EDGE('',*,*,#8204,.T.);
#9327 = ORIENTED_EDGE('',*,*,#8235,.T.);
#9328 = PLANE('',#9329);
#9329 = AXIS2_PLACEMENT_3D('',#9330,#9331,#9332);
#9330 = CARTESIAN_POINT('',(-4.15,1.55,0.));
#9331 = DIRECTION('',(-1.,0.,0.));
#9332 = DIRECTION('',(0.,-1.,0.));
#9333 = ADVANCED_FACE('',(#9334),#9359,.T.);
#9334 = FACE_BOUND('',#9335,.T.);
#9335 = EDGE_LOOP('',(#9336,#9344,#9345,#9353));
#9336 = ORIENTED_EDGE('',*,*,#9337,.T.);
#9337 = EDGE_CURVE('',#9338,#9301,#9340,.T.);
#9338 = VERTEX_POINT('',#9339);
#9339 = CARTESIAN_POINT('',(-1.15,4.05,0.));
#9340 = LINE('',#9341,#9342);
#9341 = CARTESIAN_POINT('',(-1.15,4.05,0.));
#9342 = VECTOR('',#9343,1.);
#9343 = DIRECTION('',(-0.768221279597,-0.640184399664,0.));
#9344 = ORIENTED_EDGE('',*,*,#9317,.T.);
#9345 = ORIENTED_EDGE('',*,*,#9346,.F.);
#9346 = EDGE_CURVE('',#9347,#9310,#9349,.T.);
#9347 = VERTEX_POINT('',#9348);
#9348 = CARTESIAN_POINT('',(-1.15,4.05,16.));
#9349 = LINE('',#9350,#9351);
#9350 = CARTESIAN_POINT('',(-1.15,4.05,16.));
#9351 = VECTOR('',#9352,1.);
#9352 = DIRECTION('',(-0.768221279597,-0.640184399664,0.));
#9353 = ORIENTED_EDGE('',*,*,#9354,.F.);
#9354 = EDGE_CURVE('',#9338,#9347,#9355,.T.);
#9355 = LINE('',#9356,#9357);
#9356 = CARTESIAN_POINT('',(-1.15,4.05,0.));
#9357 = VECTOR('',#9358,1.);
#9358 = DIRECTION('',(0.,0.,1.));
#9359 = PLANE('',#9360);
#9360 = AXIS2_PLACEMENT_3D('',#9361,#9362,#9363);
#9361 = CARTESIAN_POINT('',(-1.15,4.05,0.));
#9362 = DIRECTION('',(-0.640184399664,0.768221279597,0.));
#9363 = DIRECTION('',(-0.768221279597,-0.640184399664,0.));
#9364 = ADVANCED_FACE('',(#9365,#9390),#9396,.T.);
#9365 = FACE_BOUND('',#9366,.T.);
#9366 = EDGE_LOOP('',(#9367,#9375,#9376,#9384));
#9367 = ORIENTED_EDGE('',*,*,#9368,.T.);
#9368 = EDGE_CURVE('',#9369,#9338,#9371,.T.);
#9369 = VERTEX_POINT('',#9370);
#9370 = CARTESIAN_POINT('',(11.35,4.05,0.));
#9371 = LINE('',#9372,#9373);
#9372 = CARTESIAN_POINT('',(11.35,4.05,0.));
#9373 = VECTOR('',#9374,1.);
#9374 = DIRECTION('',(-1.,0.,0.));
#9375 = ORIENTED_EDGE('',*,*,#9354,.T.);
#9376 = ORIENTED_EDGE('',*,*,#9377,.F.);
#9377 = EDGE_CURVE('',#9378,#9347,#9380,.T.);
#9378 = VERTEX_POINT('',#9379);
#9379 = CARTESIAN_POINT('',(11.35,4.05,16.));
#9380 = LINE('',#9381,#9382);
#9381 = CARTESIAN_POINT('',(11.35,4.05,16.));
#9382 = VECTOR('',#9383,1.);
#9383 = DIRECTION('',(-1.,0.,0.));
#9384 = ORIENTED_EDGE('',*,*,#9385,.F.);
#9385 = EDGE_CURVE('',#9369,#9378,#9386,.T.);
#9386 = LINE('',#9387,#9388);
#9387 = CARTESIAN_POINT('',(11.35,4.05,0.));
#9388 = VECTOR('',#9389,1.);
#9389 = DIRECTION('',(0.,0.,1.));
#9390 = FACE_BOUND('',#9391,.T.);
#9391 = EDGE_LOOP('',(#9392,#9393,#9394,#9395));
#9392 = ORIENTED_EDGE('',*,*,#7997,.T.);
#9393 = ORIENTED_EDGE('',*,*,#8099,.T.);
#9394 = ORIENTED_EDGE('',*,*,#8068,.T.);
#9395 = ORIENTED_EDGE('',*,*,#8037,.T.);
#9396 = PLANE('',#9397);
#9397 = AXIS2_PLACEMENT_3D('',#9398,#9399,#9400);
#9398 = CARTESIAN_POINT('',(11.35,4.05,0.));
#9399 = DIRECTION('',(0.,1.,0.));
#9400 = DIRECTION('',(-1.,0.,0.));
#9401 = ADVANCED_FACE('',(#9402,#9418),#9432,.T.);
#9402 = FACE_BOUND('',#9403,.T.);
#9403 = EDGE_LOOP('',(#9404,#9410,#9411,#9417));
#9404 = ORIENTED_EDGE('',*,*,#9405,.T.);
#9405 = EDGE_CURVE('',#9224,#9369,#9406,.T.);
#9406 = LINE('',#9407,#9408);
#9407 = CARTESIAN_POINT('',(11.35,-4.05,0.));
#9408 = VECTOR('',#9409,1.);
#9409 = DIRECTION('',(0.,1.,0.));
#9410 = ORIENTED_EDGE('',*,*,#9385,.T.);
#9411 = ORIENTED_EDGE('',*,*,#9412,.F.);
#9412 = EDGE_CURVE('',#9234,#9378,#9413,.T.);
#9413 = LINE('',#9414,#9415);
#9414 = CARTESIAN_POINT('',(11.35,-4.05,16.));
#9415 = VECTOR('',#9416,1.);
#9416 = DIRECTION('',(0.,1.,0.));
#9417 = ORIENTED_EDGE('',*,*,#9233,.F.);
#9418 = FACE_BOUND('',#9419,.T.);
#9419 = EDGE_LOOP('',(#9420,#9421,#9422,#9423,#9424,#9425,#9426,#9427,
    #9428,#9429,#9430,#9431));
#9420 = ORIENTED_EDGE('',*,*,#8269,.T.);
#9421 = ORIENTED_EDGE('',*,*,#8309,.T.);
#9422 = ORIENTED_EDGE('',*,*,#8340,.T.);
#9423 = ORIENTED_EDGE('',*,*,#8371,.T.);
#9424 = ORIENTED_EDGE('',*,*,#8402,.T.);
#9425 = ORIENTED_EDGE('',*,*,#8433,.T.);
#9426 = ORIENTED_EDGE('',*,*,#8464,.T.);
#9427 = ORIENTED_EDGE('',*,*,#8495,.T.);
#9428 = ORIENTED_EDGE('',*,*,#8526,.T.);
#9429 = ORIENTED_EDGE('',*,*,#8557,.T.);
#9430 = ORIENTED_EDGE('',*,*,#8588,.T.);
#9431 = ORIENTED_EDGE('',*,*,#8619,.T.);
#9432 = PLANE('',#9433);
#9433 = AXIS2_PLACEMENT_3D('',#9434,#9435,#9436);
#9434 = CARTESIAN_POINT('',(11.35,-4.05,0.));
#9435 = DIRECTION('',(1.,0.,0.));
#9436 = DIRECTION('',(-0.,1.,0.));
#9437 = ADVANCED_FACE('',(#9438,#9446),#9454,.T.);
#9438 = FACE_BOUND('',#9439,.T.);
#9439 = EDGE_LOOP('',(#9440,#9441,#9442,#9443,#9444,#9445));
#9440 = ORIENTED_EDGE('',*,*,#9412,.T.);
#9441 = ORIENTED_EDGE('',*,*,#9377,.T.);
#9442 = ORIENTED_EDGE('',*,*,#9346,.T.);
#9443 = ORIENTED_EDGE('',*,*,#9309,.T.);
#9444 = ORIENTED_EDGE('',*,*,#9278,.T.);
#9445 = ORIENTED_EDGE('',*,*,#9241,.T.);
#9446 = FACE_BOUND('',#9447,.T.);
#9447 = EDGE_LOOP('',(#9448,#9449,#9450,#9451,#9452,#9453));
#9448 = ORIENTED_EDGE('',*,*,#9075,.T.);
#9449 = ORIENTED_EDGE('',*,*,#9206,.T.);
#9450 = ORIENTED_EDGE('',*,*,#9182,.T.);
#9451 = ORIENTED_EDGE('',*,*,#9158,.T.);
#9452 = ORIENTED_EDGE('',*,*,#9133,.T.);
#9453 = ORIENTED_EDGE('',*,*,#9106,.T.);
#9454 = PLANE('',#9455);
#9455 = AXIS2_PLACEMENT_3D('',#9456,#9457,#9458);
#9456 = CARTESIAN_POINT('',(3.6,0.,16.));
#9457 = DIRECTION('',(0.,0.,1.));
#9458 = DIRECTION('',(1.,0.,-0.));
#9459 = ADVANCED_FACE('',(#9460,#9468,#9471),#9474,.F.);
#9460 = FACE_BOUND('',#9461,.T.);
#9461 = EDGE_LOOP('',(#9462,#9463,#9464,#9465,#9466,#9467));
#9462 = ORIENTED_EDGE('',*,*,#9405,.F.);
#9463 = ORIENTED_EDGE('',*,*,#9223,.T.);
#9464 = ORIENTED_EDGE('',*,*,#9269,.T.);
#9465 = ORIENTED_EDGE('',*,*,#9300,.F.);
#9466 = ORIENTED_EDGE('',*,*,#9337,.F.);
#9467 = ORIENTED_EDGE('',*,*,#9368,.F.);
#9468 = FACE_BOUND('',#9469,.T.);
#9469 = EDGE_LOOP('',(#9470));
#9470 = ORIENTED_EDGE('',*,*,#8679,.T.);
#9471 = FACE_BOUND('',#9472,.T.);
#9472 = EDGE_LOOP('',(#9473));
#9473 = ORIENTED_EDGE('',*,*,#8724,.T.);
#9474 = PLANE('',#9475);
#9475 = AXIS2_PLACEMENT_3D('',#9476,#9477,#9478);
#9476 = CARTESIAN_POINT('',(3.6,0.,0.));
#9477 = DIRECTION('',(0.,0.,1.));
#9478 = DIRECTION('',(1.,0.,-0.));
#9479 = ( GEOMETRIC_REPRESENTATION_CONTEXT(3) 
GLOBAL_UNCERTAINTY_ASSIGNED_CONTEXT((#9483)) 
GLOBAL_UNIT_ASSIGNED_CONTEXT((#9480,#9481,#9482)) REPRESENTATION_CONTEXT
('Context #1','3D Context with UNIT and UNCERTAINTY') );
#9480 = ( LENGTH_UNIT() NAMED_UNIT(*) SI_UNIT(.MILLI.,.METRE.) );
#9481 = ( NAMED_UNIT(*) PLANE_ANGLE_UNIT() SI_UNIT($,.RADIAN.) );
#9482 = ( NAMED_UNIT(*) SI_UNIT($,.STERADIAN.) SOLID_ANGLE_UNIT() );
#9483 = UNCERTAINTY_MEASURE_WITH_UNIT(LENGTH_MEASURE(1.E-04),#9480,
  'distance_accuracy_value','confusion accuracy');
#9484 = CONTEXT_DEPENDENT_SHAPE_REPRESENTATION(#9485,#9487);
#9485 = ( REPRESENTATION_RELATIONSHIP('','',#5566,#5543) 
REPRESENTATION_RELATIONSHIP_WITH_TRANSFORMATION(#9486) 
SHAPE_REPRESENTATION_RELATIONSHIP() );
#9486 = ITEM_DEFINED_TRANSFORMATION('','',#11,#5544);
#9487 = PRODUCT_DEFINITION_SHAPE('Placement','Placement of an item',
  #9488);
#9488 = NEXT_ASSEMBLY_USAGE_OCCURRENCE('10','=>[0:1:1:5]','',#5538,#5561
  ,$);
#9489 = PRODUCT_RELATED_PRODUCT_CATEGORY('part',$,(#5563));
#9490 = SHAPE_DEFINITION_REPRESENTATION(#9491,#9497);
#9491 = PRODUCT_DEFINITION_SHAPE('','',#9492);
#9492 = PRODUCT_DEFINITION('design','',#9493,#9496);
#9493 = PRODUCT_DEFINITION_FORMATION('','',#9494);
#9494 = PRODUCT('esc-breakout_PCB','esc-breakout_PCB','',(#9495));
#9495 = PRODUCT_CONTEXT('',#2,'mechanical');
#9496 = PRODUCT_DEFINITION_CONTEXT('part definition',#2,'design');
#9497 = ADVANCED_BREP_SHAPE_REPRESENTATION('',(#11,#9498),#10918);
#9498 = MANIFOLD_SOLID_BREP('',#9499);
#9499 = CLOSED_SHELL('',(#9500,#9542,#9573,#9604,#9966,#10328,#10345,
    #10362,#10379,#10396,#10413,#10430,#10447,#10464,#10481,#10498,
    #10515,#10532,#10544,#10561,#10578,#10595,#10612,#10629,#10646,
    #10663,#10680,#10697,#10714,#10731,#10748,#10765,#10782,#10799,
    #10816,#10833,#10850,#10867,#10884,#10901));
#9500 = ADVANCED_FACE('',(#9501),#9537,.T.);
#9501 = FACE_BOUND('',#9502,.T.);
#9502 = EDGE_LOOP('',(#9503,#9513,#9522,#9530));
#9503 = ORIENTED_EDGE('',*,*,#9504,.T.);
#9504 = EDGE_CURVE('',#9505,#9507,#9509,.T.);
#9505 = VERTEX_POINT('',#9506);
#9506 = CARTESIAN_POINT('',(37.,15.,0.));
#9507 = VERTEX_POINT('',#9508);
#9508 = CARTESIAN_POINT('',(37.,15.,1.6));
#9509 = LINE('',#9510,#9511);
#9510 = CARTESIAN_POINT('',(37.,15.,0.));
#9511 = VECTOR('',#9512,1.);
#9512 = DIRECTION('',(0.,0.,1.));
#9513 = ORIENTED_EDGE('',*,*,#9514,.T.);
#9514 = EDGE_CURVE('',#9507,#9515,#9517,.T.);
#9515 = VERTEX_POINT('',#9516);
#9516 = CARTESIAN_POINT('',(40.,12.,1.6));
#9517 = CIRCLE('',#9518,3.000001172987);
#9518 = AXIS2_PLACEMENT_3D('',#9519,#9520,#9521);
#9519 = CARTESIAN_POINT('',(36.999998827013,11.999998827013,1.6));
#9520 = DIRECTION('',(0.,0.,-1.));
#9521 = DIRECTION('',(3.909953639749E-07,1.,0.));
#9522 = ORIENTED_EDGE('',*,*,#9523,.F.);
#9523 = EDGE_CURVE('',#9524,#9515,#9526,.T.);
#9524 = VERTEX_POINT('',#9525);
#9525 = CARTESIAN_POINT('',(40.,12.,0.));
#9526 = LINE('',#9527,#9528);
#9527 = CARTESIAN_POINT('',(40.,12.,0.));
#9528 = VECTOR('',#9529,1.);
#9529 = DIRECTION('',(0.,0.,1.));
#9530 = ORIENTED_EDGE('',*,*,#9531,.F.);
#9531 = EDGE_CURVE('',#9505,#9524,#9532,.T.);
#9532 = CIRCLE('',#9533,3.000001172987);
#9533 = AXIS2_PLACEMENT_3D('',#9534,#9535,#9536);
#9534 = CARTESIAN_POINT('',(36.999998827013,11.999998827013,0.));
#9535 = DIRECTION('',(0.,0.,-1.));
#9536 = DIRECTION('',(3.909953639749E-07,1.,0.));
#9537 = CYLINDRICAL_SURFACE('',#9538,3.000001172987);
#9538 = AXIS2_PLACEMENT_3D('',#9539,#9540,#9541);
#9539 = CARTESIAN_POINT('',(36.999998827013,11.999998827013,0.));
#9540 = DIRECTION('',(0.,0.,-1.));
#9541 = DIRECTION('',(3.909953639749E-07,1.,0.));
#9542 = ADVANCED_FACE('',(#9543),#9568,.T.);
#9543 = FACE_BOUND('',#9544,.T.);
#9544 = EDGE_LOOP('',(#9545,#9555,#9561,#9562));
#9545 = ORIENTED_EDGE('',*,*,#9546,.T.);
#9546 = EDGE_CURVE('',#9547,#9549,#9551,.T.);
#9547 = VERTEX_POINT('',#9548);
#9548 = CARTESIAN_POINT('',(-37.,15.,0.));
#9549 = VERTEX_POINT('',#9550);
#9550 = CARTESIAN_POINT('',(-37.,15.,1.6));
#9551 = LINE('',#9552,#9553);
#9552 = CARTESIAN_POINT('',(-37.,15.,0.));
#9553 = VECTOR('',#9554,1.);
#9554 = DIRECTION('',(0.,0.,1.));
#9555 = ORIENTED_EDGE('',*,*,#9556,.T.);
#9556 = EDGE_CURVE('',#9549,#9507,#9557,.T.);
#9557 = LINE('',#9558,#9559);
#9558 = CARTESIAN_POINT('',(-37.,15.,1.6));
#9559 = VECTOR('',#9560,1.);
#9560 = DIRECTION('',(1.,0.,0.));
#9561 = ORIENTED_EDGE('',*,*,#9504,.F.);
#9562 = ORIENTED_EDGE('',*,*,#9563,.F.);
#9563 = EDGE_CURVE('',#9547,#9505,#9564,.T.);
#9564 = LINE('',#9565,#9566);
#9565 = CARTESIAN_POINT('',(-37.,15.,0.));
#9566 = VECTOR('',#9567,1.);
#9567 = DIRECTION('',(1.,0.,0.));
#9568 = PLANE('',#9569);
#9569 = AXIS2_PLACEMENT_3D('',#9570,#9571,#9572);
#9570 = CARTESIAN_POINT('',(-37.,15.,0.));
#9571 = DIRECTION('',(0.,1.,0.));
#9572 = DIRECTION('',(1.,0.,0.));
#9573 = ADVANCED_FACE('',(#9574),#9599,.T.);
#9574 = FACE_BOUND('',#9575,.T.);
#9575 = EDGE_LOOP('',(#9576,#9577,#9585,#9593));
#9576 = ORIENTED_EDGE('',*,*,#9523,.T.);
#9577 = ORIENTED_EDGE('',*,*,#9578,.T.);
#9578 = EDGE_CURVE('',#9515,#9579,#9581,.T.);
#9579 = VERTEX_POINT('',#9580);
#9580 = CARTESIAN_POINT('',(40.,-2.,1.6));
#9581 = LINE('',#9582,#9583);
#9582 = CARTESIAN_POINT('',(40.,12.,1.6));
#9583 = VECTOR('',#9584,1.);
#9584 = DIRECTION('',(0.,-1.,0.));
#9585 = ORIENTED_EDGE('',*,*,#9586,.F.);
#9586 = EDGE_CURVE('',#9587,#9579,#9589,.T.);
#9587 = VERTEX_POINT('',#9588);
#9588 = CARTESIAN_POINT('',(40.,-2.,0.));
#9589 = LINE('',#9590,#9591);
#9590 = CARTESIAN_POINT('',(40.,-2.,0.));
#9591 = VECTOR('',#9592,1.);
#9592 = DIRECTION('',(0.,0.,1.));
#9593 = ORIENTED_EDGE('',*,*,#9594,.F.);
#9594 = EDGE_CURVE('',#9524,#9587,#9595,.T.);
#9595 = LINE('',#9596,#9597);
#9596 = CARTESIAN_POINT('',(40.,12.,0.));
#9597 = VECTOR('',#9598,1.);
#9598 = DIRECTION('',(0.,-1.,0.));
#9599 = PLANE('',#9600);
#9600 = AXIS2_PLACEMENT_3D('',#9601,#9602,#9603);
#9601 = CARTESIAN_POINT('',(40.,12.,0.));
#9602 = DIRECTION('',(1.,0.,-0.));
#9603 = DIRECTION('',(0.,-1.,0.));
#9604 = ADVANCED_FACE('',(#9605,#9719,#9730,#9741,#9752,#9763,#9774,
    #9785,#9796,#9807,#9818,#9829,#9840,#9851,#9862,#9873,#9884,#9895,
    #9906,#9917,#9928,#9939,#9950),#9961,.F.);
#9605 = FACE_BOUND('',#9606,.F.);
#9606 = EDGE_LOOP('',(#9607,#9608,#9609,#9618,#9626,#9635,#9643,#9652,
    #9660,#9669,#9677,#9686,#9694,#9703,#9711,#9718));
#9607 = ORIENTED_EDGE('',*,*,#9531,.F.);
#9608 = ORIENTED_EDGE('',*,*,#9563,.F.);
#9609 = ORIENTED_EDGE('',*,*,#9610,.F.);
#9610 = EDGE_CURVE('',#9611,#9547,#9613,.T.);
#9611 = VERTEX_POINT('',#9612);
#9612 = CARTESIAN_POINT('',(-40.,12.,0.));
#9613 = CIRCLE('',#9614,3.000001172987);
#9614 = AXIS2_PLACEMENT_3D('',#9615,#9616,#9617);
#9615 = CARTESIAN_POINT('',(-36.99999882701,11.999998827013,0.));
#9616 = DIRECTION('',(0.,0.,-1.));
#9617 = DIRECTION('',(-1.,3.909953633828E-07,0.));
#9618 = ORIENTED_EDGE('',*,*,#9619,.F.);
#9619 = EDGE_CURVE('',#9620,#9611,#9622,.T.);
#9620 = VERTEX_POINT('',#9621);
#9621 = CARTESIAN_POINT('',(-40.,-2.,0.));
#9622 = LINE('',#9623,#9624);
#9623 = CARTESIAN_POINT('',(-40.,-2.,0.));
#9624 = VECTOR('',#9625,1.);
#9625 = DIRECTION('',(0.,1.,0.));
#9626 = ORIENTED_EDGE('',*,*,#9627,.F.);
#9627 = EDGE_CURVE('',#9628,#9620,#9630,.T.);
#9628 = VERTEX_POINT('',#9629);
#9629 = CARTESIAN_POINT('',(-37.,-5.,0.));
#9630 = CIRCLE('',#9631,3.000001172987);
#9631 = AXIS2_PLACEMENT_3D('',#9632,#9633,#9634);
#9632 = CARTESIAN_POINT('',(-36.99999882701,-1.999998827013,0.));
#9633 = DIRECTION('',(0.,0.,-1.));
#9634 = DIRECTION('',(-3.909953639749E-07,-1.,-0.));
#9635 = ORIENTED_EDGE('',*,*,#9636,.F.);
#9636 = EDGE_CURVE('',#9637,#9628,#9639,.T.);
#9637 = VERTEX_POINT('',#9638);
#9638 = CARTESIAN_POINT('',(-15.,-5.,0.));
#9639 = LINE('',#9640,#9641);
#9640 = CARTESIAN_POINT('',(-15.,-5.,0.));
#9641 = VECTOR('',#9642,1.);
#9642 = DIRECTION('',(-1.,0.,0.));
#9643 = ORIENTED_EDGE('',*,*,#9644,.F.);
#9644 = EDGE_CURVE('',#9645,#9637,#9647,.T.);
#9645 = VERTEX_POINT('',#9646);
#9646 = CARTESIAN_POINT('',(-12.,-8.,0.));
#9647 = CIRCLE('',#9648,3.000001172987);
#9648 = AXIS2_PLACEMENT_3D('',#9649,#9650,#9651);
#9649 = CARTESIAN_POINT('',(-15.00000117298,-8.000001172987,0.));
#9650 = DIRECTION('',(0.,0.,1.));
#9651 = DIRECTION('',(1.,3.909953616065E-07,-0.));
#9652 = ORIENTED_EDGE('',*,*,#9653,.F.);
#9653 = EDGE_CURVE('',#9654,#9645,#9656,.T.);
#9654 = VERTEX_POINT('',#9655);
#9655 = CARTESIAN_POINT('',(-12.,-12.,0.));
#9656 = LINE('',#9657,#9658);
#9657 = CARTESIAN_POINT('',(-12.,-12.,0.));
#9658 = VECTOR('',#9659,1.);
#9659 = DIRECTION('',(0.,1.,0.));
#9660 = ORIENTED_EDGE('',*,*,#9661,.F.);
#9661 = EDGE_CURVE('',#9662,#9654,#9664,.T.);
#9662 = VERTEX_POINT('',#9663);
#9663 = CARTESIAN_POINT('',(-9.,-15.,0.));
#9664 = CIRCLE('',#9665,3.000001172987);
#9665 = AXIS2_PLACEMENT_3D('',#9666,#9667,#9668);
#9666 = CARTESIAN_POINT('',(-8.999998827013,-11.99999882701,0.));
#9667 = DIRECTION('',(0.,0.,-1.));
#9668 = DIRECTION('',(-3.909953616065E-07,-1.,-0.));
#9669 = ORIENTED_EDGE('',*,*,#9670,.F.);
#9670 = EDGE_CURVE('',#9671,#9662,#9673,.T.);
#9671 = VERTEX_POINT('',#9672);
#9672 = CARTESIAN_POINT('',(9.,-15.,0.));
#9673 = LINE('',#9674,#9675);
#9674 = CARTESIAN_POINT('',(9.,-15.,0.));
#9675 = VECTOR('',#9676,1.);
#9676 = DIRECTION('',(-1.,0.,0.));
#9677 = ORIENTED_EDGE('',*,*,#9678,.F.);
#9678 = EDGE_CURVE('',#9679,#9671,#9681,.T.);
#9679 = VERTEX_POINT('',#9680);
#9680 = CARTESIAN_POINT('',(12.,-12.,0.));
#9681 = CIRCLE('',#9682,3.000001172987);
#9682 = AXIS2_PLACEMENT_3D('',#9683,#9684,#9685);
#9683 = CARTESIAN_POINT('',(8.999998827013,-11.99999882701,0.));
#9684 = DIRECTION('',(0.,0.,-1.));
#9685 = DIRECTION('',(1.,-3.909953616065E-07,0.));
#9686 = ORIENTED_EDGE('',*,*,#9687,.F.);
#9687 = EDGE_CURVE('',#9688,#9679,#9690,.T.);
#9688 = VERTEX_POINT('',#9689);
#9689 = CARTESIAN_POINT('',(12.,-8.,0.));
#9690 = LINE('',#9691,#9692);
#9691 = CARTESIAN_POINT('',(12.,-8.,0.));
#9692 = VECTOR('',#9693,1.);
#9693 = DIRECTION('',(0.,-1.,0.));
#9694 = ORIENTED_EDGE('',*,*,#9695,.F.);
#9695 = EDGE_CURVE('',#9696,#9688,#9698,.T.);
#9696 = VERTEX_POINT('',#9697);
#9697 = CARTESIAN_POINT('',(15.,-5.,0.));
#9698 = CIRCLE('',#9699,3.000001172987);
#9699 = AXIS2_PLACEMENT_3D('',#9700,#9701,#9702);
#9700 = CARTESIAN_POINT('',(15.000001172987,-8.000001172987,0.));
#9701 = DIRECTION('',(0.,0.,1.));
#9702 = DIRECTION('',(-3.909953616065E-07,1.,0.));
#9703 = ORIENTED_EDGE('',*,*,#9704,.F.);
#9704 = EDGE_CURVE('',#9705,#9696,#9707,.T.);
#9705 = VERTEX_POINT('',#9706);
#9706 = CARTESIAN_POINT('',(37.,-5.,0.));
#9707 = LINE('',#9708,#9709);
#9708 = CARTESIAN_POINT('',(37.,-5.,0.));
#9709 = VECTOR('',#9710,1.);
#9710 = DIRECTION('',(-1.,0.,0.));
#9711 = ORIENTED_EDGE('',*,*,#9712,.F.);
#9712 = EDGE_CURVE('',#9587,#9705,#9713,.T.);
#9713 = CIRCLE('',#9714,3.000001172987);
#9714 = AXIS2_PLACEMENT_3D('',#9715,#9716,#9717);
#9715 = CARTESIAN_POINT('',(36.999998827013,-1.999998827013,0.));
#9716 = DIRECTION('',(0.,0.,-1.));
#9717 = DIRECTION('',(1.,-3.909953634568E-07,0.));
#9718 = ORIENTED_EDGE('',*,*,#9594,.F.);
#9719 = FACE_BOUND('',#9720,.F.);
#9720 = EDGE_LOOP('',(#9721));
#9721 = ORIENTED_EDGE('',*,*,#9722,.T.);
#9722 = EDGE_CURVE('',#9723,#9723,#9725,.T.);
#9723 = VERTEX_POINT('',#9724);
#9724 = CARTESIAN_POINT('',(-3.599999,-12.25,0.));
#9725 = CIRCLE('',#9726,2.25);
#9726 = AXIS2_PLACEMENT_3D('',#9727,#9728,#9729);
#9727 = CARTESIAN_POINT('',(-3.599999,-10.,0.));
#9728 = DIRECTION('',(-0.,0.,-1.));
#9729 = DIRECTION('',(1.973729821556E-16,-1.,-0.));
#9730 = FACE_BOUND('',#9731,.F.);
#9731 = EDGE_LOOP('',(#9732));
#9732 = ORIENTED_EDGE('',*,*,#9733,.T.);
#9733 = EDGE_CURVE('',#9734,#9734,#9736,.T.);
#9734 = VERTEX_POINT('',#9735);
#9735 = CARTESIAN_POINT('',(-37.,-3.6,0.));
#9736 = CIRCLE('',#9737,1.6);
#9737 = AXIS2_PLACEMENT_3D('',#9738,#9739,#9740);
#9738 = CARTESIAN_POINT('',(-37.,-2.,0.));
#9739 = DIRECTION('',(-0.,0.,-1.));
#9740 = DIRECTION('',(-0.,-1.,0.));
#9741 = FACE_BOUND('',#9742,.F.);
#9742 = EDGE_LOOP('',(#9743));
#9743 = ORIENTED_EDGE('',*,*,#9744,.T.);
#9744 = EDGE_CURVE('',#9745,#9745,#9747,.T.);
#9745 = VERTEX_POINT('',#9746);
#9746 = CARTESIAN_POINT('',(-25.,-0.9,0.));
#9747 = CIRCLE('',#9748,0.9);
#9748 = AXIS2_PLACEMENT_3D('',#9749,#9750,#9751);
#9749 = CARTESIAN_POINT('',(-25.,-1.637578961322E-15,0.));
#9750 = DIRECTION('',(-0.,0.,-1.));
#9751 = DIRECTION('',(-0.,-1.,0.));
#9752 = FACE_BOUND('',#9753,.F.);
#9753 = EDGE_LOOP('',(#9754));
#9754 = ORIENTED_EDGE('',*,*,#9755,.T.);
#9755 = EDGE_CURVE('',#9756,#9756,#9758,.T.);
#9756 = VERTEX_POINT('',#9757);
#9757 = CARTESIAN_POINT('',(-20.,-0.9,0.));
#9758 = CIRCLE('',#9759,0.9);
#9759 = AXIS2_PLACEMENT_3D('',#9760,#9761,#9762);
#9760 = CARTESIAN_POINT('',(-20.,-1.637578961322E-15,0.));
#9761 = DIRECTION('',(-0.,0.,-1.));
#9762 = DIRECTION('',(-0.,-1.,0.));
#9763 = FACE_BOUND('',#9764,.F.);
#9764 = EDGE_LOOP('',(#9765));
#9765 = ORIENTED_EDGE('',*,*,#9766,.T.);
#9766 = EDGE_CURVE('',#9767,#9767,#9769,.T.);
#9767 = VERTEX_POINT('',#9768);
#9768 = CARTESIAN_POINT('',(-10.,-0.9,0.));
#9769 = CIRCLE('',#9770,0.9);
#9770 = AXIS2_PLACEMENT_3D('',#9771,#9772,#9773);
#9771 = CARTESIAN_POINT('',(-10.,-3.330669073875E-16,0.));
#9772 = DIRECTION('',(-0.,0.,-1.));
#9773 = DIRECTION('',(-0.,-1.,0.));
#9774 = FACE_BOUND('',#9775,.F.);
#9775 = EDGE_LOOP('',(#9776));
#9776 = ORIENTED_EDGE('',*,*,#9777,.T.);
#9777 = EDGE_CURVE('',#9778,#9778,#9780,.T.);
#9778 = VERTEX_POINT('',#9779);
#9779 = CARTESIAN_POINT('',(-5.,-0.9,0.));
#9780 = CIRCLE('',#9781,0.9);
#9781 = AXIS2_PLACEMENT_3D('',#9782,#9783,#9784);
#9782 = CARTESIAN_POINT('',(-5.,4.440892098501E-16,0.));
#9783 = DIRECTION('',(-0.,0.,-1.));
#9784 = DIRECTION('',(-0.,-1.,0.));
#9785 = FACE_BOUND('',#9786,.F.);
#9786 = EDGE_LOOP('',(#9787));
#9787 = ORIENTED_EDGE('',*,*,#9788,.T.);
#9788 = EDGE_CURVE('',#9789,#9789,#9791,.T.);
#9789 = VERTEX_POINT('',#9790);
#9790 = CARTESIAN_POINT('',(3.600001,-12.25,0.));
#9791 = CIRCLE('',#9792,2.25);
#9792 = AXIS2_PLACEMENT_3D('',#9793,#9794,#9795);
#9793 = CARTESIAN_POINT('',(3.600001,-10.,0.));
#9794 = DIRECTION('',(-0.,0.,-1.));
#9795 = DIRECTION('',(-0.,-1.,0.));
#9796 = FACE_BOUND('',#9797,.F.);
#9797 = EDGE_LOOP('',(#9798));
#9798 = ORIENTED_EDGE('',*,*,#9799,.T.);
#9799 = EDGE_CURVE('',#9800,#9800,#9802,.T.);
#9800 = VERTEX_POINT('',#9801);
#9801 = CARTESIAN_POINT('',(5.,-0.9,0.));
#9802 = CIRCLE('',#9803,0.9);
#9803 = AXIS2_PLACEMENT_3D('',#9804,#9805,#9806);
#9804 = CARTESIAN_POINT('',(5.,4.440892098501E-16,0.));
#9805 = DIRECTION('',(-0.,0.,-1.));
#9806 = DIRECTION('',(-0.,-1.,0.));
#9807 = FACE_BOUND('',#9808,.F.);
#9808 = EDGE_LOOP('',(#9809));
#9809 = ORIENTED_EDGE('',*,*,#9810,.T.);
#9810 = EDGE_CURVE('',#9811,#9811,#9813,.T.);
#9811 = VERTEX_POINT('',#9812);
#9812 = CARTESIAN_POINT('',(10.,-0.9,0.));
#9813 = CIRCLE('',#9814,0.9);
#9814 = AXIS2_PLACEMENT_3D('',#9815,#9816,#9817);
#9815 = CARTESIAN_POINT('',(10.,-3.330669073875E-16,0.));
#9816 = DIRECTION('',(-0.,0.,-1.));
#9817 = DIRECTION('',(-0.,-1.,0.));
#9818 = FACE_BOUND('',#9819,.F.);
#9819 = EDGE_LOOP('',(#9820));
#9820 = ORIENTED_EDGE('',*,*,#9821,.T.);
#9821 = EDGE_CURVE('',#9822,#9822,#9824,.T.);
#9822 = VERTEX_POINT('',#9823);
#9823 = CARTESIAN_POINT('',(20.,-0.9,0.));
#9824 = CIRCLE('',#9825,0.9);
#9825 = AXIS2_PLACEMENT_3D('',#9826,#9827,#9828);
#9826 = CARTESIAN_POINT('',(20.,-1.637578961322E-15,0.));
#9827 = DIRECTION('',(-0.,0.,-1.));
#9828 = DIRECTION('',(-0.,-1.,0.));
#9829 = FACE_BOUND('',#9830,.F.);
#9830 = EDGE_LOOP('',(#9831));
#9831 = ORIENTED_EDGE('',*,*,#9832,.T.);
#9832 = EDGE_CURVE('',#9833,#9833,#9835,.T.);
#9833 = VERTEX_POINT('',#9834);
#9834 = CARTESIAN_POINT('',(25.,-0.9,0.));
#9835 = CIRCLE('',#9836,0.9);
#9836 = AXIS2_PLACEMENT_3D('',#9837,#9838,#9839);
#9837 = CARTESIAN_POINT('',(25.,-1.637578961322E-15,0.));
#9838 = DIRECTION('',(-0.,0.,-1.));
#9839 = DIRECTION('',(-0.,-1.,0.));
#9840 = FACE_BOUND('',#9841,.F.);
#9841 = EDGE_LOOP('',(#9842));
#9842 = ORIENTED_EDGE('',*,*,#9843,.T.);
#9843 = EDGE_CURVE('',#9844,#9844,#9846,.T.);
#9844 = VERTEX_POINT('',#9845);
#9845 = CARTESIAN_POINT('',(37.,-3.6,0.));
#9846 = CIRCLE('',#9847,1.6);
#9847 = AXIS2_PLACEMENT_3D('',#9848,#9849,#9850);
#9848 = CARTESIAN_POINT('',(37.,-2.,0.));
#9849 = DIRECTION('',(-0.,0.,-1.));
#9850 = DIRECTION('',(-0.,-1.,0.));
#9851 = FACE_BOUND('',#9852,.F.);
#9852 = EDGE_LOOP('',(#9853));
#9853 = ORIENTED_EDGE('',*,*,#9854,.T.);
#9854 = EDGE_CURVE('',#9855,#9855,#9857,.T.);
#9855 = VERTEX_POINT('',#9856);
#9856 = CARTESIAN_POINT('',(-25.,9.1,0.));
#9857 = CIRCLE('',#9858,0.9);
#9858 = AXIS2_PLACEMENT_3D('',#9859,#9860,#9861);
#9859 = CARTESIAN_POINT('',(-25.,10.,0.));
#9860 = DIRECTION('',(-0.,0.,-1.));
#9861 = DIRECTION('',(-0.,-1.,0.));
#9862 = FACE_BOUND('',#9863,.F.);
#9863 = EDGE_LOOP('',(#9864));
#9864 = ORIENTED_EDGE('',*,*,#9865,.T.);
#9865 = EDGE_CURVE('',#9866,#9866,#9868,.T.);
#9866 = VERTEX_POINT('',#9867);
#9867 = CARTESIAN_POINT('',(-20.,9.1,0.));
#9868 = CIRCLE('',#9869,0.9);
#9869 = AXIS2_PLACEMENT_3D('',#9870,#9871,#9872);
#9870 = CARTESIAN_POINT('',(-20.,10.,0.));
#9871 = DIRECTION('',(-0.,0.,-1.));
#9872 = DIRECTION('',(-0.,-1.,0.));
#9873 = FACE_BOUND('',#9874,.F.);
#9874 = EDGE_LOOP('',(#9875));
#9875 = ORIENTED_EDGE('',*,*,#9876,.T.);
#9876 = EDGE_CURVE('',#9877,#9877,#9879,.T.);
#9877 = VERTEX_POINT('',#9878);
#9878 = CARTESIAN_POINT('',(-37.,10.4,0.));
#9879 = CIRCLE('',#9880,1.6);
#9880 = AXIS2_PLACEMENT_3D('',#9881,#9882,#9883);
#9881 = CARTESIAN_POINT('',(-37.,12.,0.));
#9882 = DIRECTION('',(-0.,0.,-1.));
#9883 = DIRECTION('',(-0.,-1.,0.));
#9884 = FACE_BOUND('',#9885,.F.);
#9885 = EDGE_LOOP('',(#9886));
#9886 = ORIENTED_EDGE('',*,*,#9887,.T.);
#9887 = EDGE_CURVE('',#9888,#9888,#9890,.T.);
#9888 = VERTEX_POINT('',#9889);
#9889 = CARTESIAN_POINT('',(-10.,9.1,0.));
#9890 = CIRCLE('',#9891,0.9);
#9891 = AXIS2_PLACEMENT_3D('',#9892,#9893,#9894);
#9892 = CARTESIAN_POINT('',(-10.,10.,0.));
#9893 = DIRECTION('',(-0.,0.,-1.));
#9894 = DIRECTION('',(-0.,-1.,0.));
#9895 = FACE_BOUND('',#9896,.F.);
#9896 = EDGE_LOOP('',(#9897));
#9897 = ORIENTED_EDGE('',*,*,#9898,.T.);
#9898 = EDGE_CURVE('',#9899,#9899,#9901,.T.);
#9899 = VERTEX_POINT('',#9900);
#9900 = CARTESIAN_POINT('',(-5.,9.1,0.));
#9901 = CIRCLE('',#9902,0.9);
#9902 = AXIS2_PLACEMENT_3D('',#9903,#9904,#9905);
#9903 = CARTESIAN_POINT('',(-5.,10.,0.));
#9904 = DIRECTION('',(-0.,0.,-1.));
#9905 = DIRECTION('',(-0.,-1.,0.));
#9906 = FACE_BOUND('',#9907,.F.);
#9907 = EDGE_LOOP('',(#9908));
#9908 = ORIENTED_EDGE('',*,*,#9909,.T.);
#9909 = EDGE_CURVE('',#9910,#9910,#9912,.T.);
#9910 = VERTEX_POINT('',#9911);
#9911 = CARTESIAN_POINT('',(5.,9.1,0.));
#9912 = CIRCLE('',#9913,0.9);
#9913 = AXIS2_PLACEMENT_3D('',#9914,#9915,#9916);
#9914 = CARTESIAN_POINT('',(5.,10.,0.));
#9915 = DIRECTION('',(-0.,0.,-1.));
#9916 = DIRECTION('',(-0.,-1.,0.));
#9917 = FACE_BOUND('',#9918,.F.);
#9918 = EDGE_LOOP('',(#9919));
#9919 = ORIENTED_EDGE('',*,*,#9920,.T.);
#9920 = EDGE_CURVE('',#9921,#9921,#9923,.T.);
#9921 = VERTEX_POINT('',#9922);
#9922 = CARTESIAN_POINT('',(10.,9.1,0.));
#9923 = CIRCLE('',#9924,0.9);
#9924 = AXIS2_PLACEMENT_3D('',#9925,#9926,#9927);
#9925 = CARTESIAN_POINT('',(10.,10.,0.));
#9926 = DIRECTION('',(-0.,0.,-1.));
#9927 = DIRECTION('',(-0.,-1.,0.));
#9928 = FACE_BOUND('',#9929,.F.);
#9929 = EDGE_LOOP('',(#9930));
#9930 = ORIENTED_EDGE('',*,*,#9931,.T.);
#9931 = EDGE_CURVE('',#9932,#9932,#9934,.T.);
#9932 = VERTEX_POINT('',#9933);
#9933 = CARTESIAN_POINT('',(20.,9.1,0.));
#9934 = CIRCLE('',#9935,0.9);
#9935 = AXIS2_PLACEMENT_3D('',#9936,#9937,#9938);
#9936 = CARTESIAN_POINT('',(20.,10.,0.));
#9937 = DIRECTION('',(-0.,0.,-1.));
#9938 = DIRECTION('',(-0.,-1.,0.));
#9939 = FACE_BOUND('',#9940,.F.);
#9940 = EDGE_LOOP('',(#9941));
#9941 = ORIENTED_EDGE('',*,*,#9942,.T.);
#9942 = EDGE_CURVE('',#9943,#9943,#9945,.T.);
#9943 = VERTEX_POINT('',#9944);
#9944 = CARTESIAN_POINT('',(25.,9.1,0.));
#9945 = CIRCLE('',#9946,0.9);
#9946 = AXIS2_PLACEMENT_3D('',#9947,#9948,#9949);
#9947 = CARTESIAN_POINT('',(25.,10.,0.));
#9948 = DIRECTION('',(-0.,0.,-1.));
#9949 = DIRECTION('',(-0.,-1.,0.));
#9950 = FACE_BOUND('',#9951,.F.);
#9951 = EDGE_LOOP('',(#9952));
#9952 = ORIENTED_EDGE('',*,*,#9953,.T.);
#9953 = EDGE_CURVE('',#9954,#9954,#9956,.T.);
#9954 = VERTEX_POINT('',#9955);
#9955 = CARTESIAN_POINT('',(37.,10.4,0.));
#9956 = CIRCLE('',#9957,1.6);
#9957 = AXIS2_PLACEMENT_3D('',#9958,#9959,#9960);
#9958 = CARTESIAN_POINT('',(37.,12.,0.));
#9959 = DIRECTION('',(-0.,0.,-1.));
#9960 = DIRECTION('',(-0.,-1.,0.));
#9961 = PLANE('',#9962);
#9962 = AXIS2_PLACEMENT_3D('',#9963,#9964,#9965);
#9963 = CARTESIAN_POINT('',(0.,0.,0.));
#9964 = DIRECTION('',(0.,0.,1.));
#9965 = DIRECTION('',(1.,0.,-0.));
#9966 = ADVANCED_FACE('',(#9967,#10081,#10092,#10103,#10114,#10125,
    #10136,#10147,#10158,#10169,#10180,#10191,#10202,#10213,#10224,
    #10235,#10246,#10257,#10268,#10279,#10290,#10301,#10312),#10323,.T.
  );
#9967 = FACE_BOUND('',#9968,.T.);
#9968 = EDGE_LOOP('',(#9969,#9970,#9971,#9980,#9988,#9997,#10005,#10014,
    #10022,#10031,#10039,#10048,#10056,#10065,#10073,#10080));
#9969 = ORIENTED_EDGE('',*,*,#9514,.F.);
#9970 = ORIENTED_EDGE('',*,*,#9556,.F.);
#9971 = ORIENTED_EDGE('',*,*,#9972,.F.);
#9972 = EDGE_CURVE('',#9973,#9549,#9975,.T.);
#9973 = VERTEX_POINT('',#9974);
#9974 = CARTESIAN_POINT('',(-40.,12.,1.6));
#9975 = CIRCLE('',#9976,3.000001172987);
#9976 = AXIS2_PLACEMENT_3D('',#9977,#9978,#9979);
#9977 = CARTESIAN_POINT('',(-36.99999882701,11.999998827013,1.6));
#9978 = DIRECTION('',(0.,0.,-1.));
#9979 = DIRECTION('',(-1.,3.909953633828E-07,0.));
#9980 = ORIENTED_EDGE('',*,*,#9981,.F.);
#9981 = EDGE_CURVE('',#9982,#9973,#9984,.T.);
#9982 = VERTEX_POINT('',#9983);
#9983 = CARTESIAN_POINT('',(-40.,-2.,1.6));
#9984 = LINE('',#9985,#9986);
#9985 = CARTESIAN_POINT('',(-40.,-2.,1.6));
#9986 = VECTOR('',#9987,1.);
#9987 = DIRECTION('',(0.,1.,0.));
#9988 = ORIENTED_EDGE('',*,*,#9989,.F.);
#9989 = EDGE_CURVE('',#9990,#9982,#9992,.T.);
#9990 = VERTEX_POINT('',#9991);
#9991 = CARTESIAN_POINT('',(-37.,-5.,1.6));
#9992 = CIRCLE('',#9993,3.000001172987);
#9993 = AXIS2_PLACEMENT_3D('',#9994,#9995,#9996);
#9994 = CARTESIAN_POINT('',(-36.99999882701,-1.999998827013,1.6));
#9995 = DIRECTION('',(0.,0.,-1.));
#9996 = DIRECTION('',(-3.909953639749E-07,-1.,-0.));
#9997 = ORIENTED_EDGE('',*,*,#9998,.F.);
#9998 = EDGE_CURVE('',#9999,#9990,#10001,.T.);
#9999 = VERTEX_POINT('',#10000);
#10000 = CARTESIAN_POINT('',(-15.,-5.,1.6));
#10001 = LINE('',#10002,#10003);
#10002 = CARTESIAN_POINT('',(-15.,-5.,1.6));
#10003 = VECTOR('',#10004,1.);
#10004 = DIRECTION('',(-1.,0.,0.));
#10005 = ORIENTED_EDGE('',*,*,#10006,.F.);
#10006 = EDGE_CURVE('',#10007,#9999,#10009,.T.);
#10007 = VERTEX_POINT('',#10008);
#10008 = CARTESIAN_POINT('',(-12.,-8.,1.6));
#10009 = CIRCLE('',#10010,3.000001172987);
#10010 = AXIS2_PLACEMENT_3D('',#10011,#10012,#10013);
#10011 = CARTESIAN_POINT('',(-15.00000117298,-8.000001172987,1.6));
#10012 = DIRECTION('',(0.,0.,1.));
#10013 = DIRECTION('',(1.,3.909953616065E-07,-0.));
#10014 = ORIENTED_EDGE('',*,*,#10015,.F.);
#10015 = EDGE_CURVE('',#10016,#10007,#10018,.T.);
#10016 = VERTEX_POINT('',#10017);
#10017 = CARTESIAN_POINT('',(-12.,-12.,1.6));
#10018 = LINE('',#10019,#10020);
#10019 = CARTESIAN_POINT('',(-12.,-12.,1.6));
#10020 = VECTOR('',#10021,1.);
#10021 = DIRECTION('',(0.,1.,0.));
#10022 = ORIENTED_EDGE('',*,*,#10023,.F.);
#10023 = EDGE_CURVE('',#10024,#10016,#10026,.T.);
#10024 = VERTEX_POINT('',#10025);
#10025 = CARTESIAN_POINT('',(-9.,-15.,1.6));
#10026 = CIRCLE('',#10027,3.000001172987);
#10027 = AXIS2_PLACEMENT_3D('',#10028,#10029,#10030);
#10028 = CARTESIAN_POINT('',(-8.999998827013,-11.99999882701,1.6));
#10029 = DIRECTION('',(0.,0.,-1.));
#10030 = DIRECTION('',(-3.909953616065E-07,-1.,-0.));
#10031 = ORIENTED_EDGE('',*,*,#10032,.F.);
#10032 = EDGE_CURVE('',#10033,#10024,#10035,.T.);
#10033 = VERTEX_POINT('',#10034);
#10034 = CARTESIAN_POINT('',(9.,-15.,1.6));
#10035 = LINE('',#10036,#10037);
#10036 = CARTESIAN_POINT('',(9.,-15.,1.6));
#10037 = VECTOR('',#10038,1.);
#10038 = DIRECTION('',(-1.,0.,0.));
#10039 = ORIENTED_EDGE('',*,*,#10040,.F.);
#10040 = EDGE_CURVE('',#10041,#10033,#10043,.T.);
#10041 = VERTEX_POINT('',#10042);
#10042 = CARTESIAN_POINT('',(12.,-12.,1.6));
#10043 = CIRCLE('',#10044,3.000001172987);
#10044 = AXIS2_PLACEMENT_3D('',#10045,#10046,#10047);
#10045 = CARTESIAN_POINT('',(8.999998827013,-11.99999882701,1.6));
#10046 = DIRECTION('',(0.,0.,-1.));
#10047 = DIRECTION('',(1.,-3.909953616065E-07,0.));
#10048 = ORIENTED_EDGE('',*,*,#10049,.F.);
#10049 = EDGE_CURVE('',#10050,#10041,#10052,.T.);
#10050 = VERTEX_POINT('',#10051);
#10051 = CARTESIAN_POINT('',(12.,-8.,1.6));
#10052 = LINE('',#10053,#10054);
#10053 = CARTESIAN_POINT('',(12.,-8.,1.6));
#10054 = VECTOR('',#10055,1.);
#10055 = DIRECTION('',(0.,-1.,0.));
#10056 = ORIENTED_EDGE('',*,*,#10057,.F.);
#10057 = EDGE_CURVE('',#10058,#10050,#10060,.T.);
#10058 = VERTEX_POINT('',#10059);
#10059 = CARTESIAN_POINT('',(15.,-5.,1.6));
#10060 = CIRCLE('',#10061,3.000001172987);
#10061 = AXIS2_PLACEMENT_3D('',#10062,#10063,#10064);
#10062 = CARTESIAN_POINT('',(15.000001172987,-8.000001172987,1.6));
#10063 = DIRECTION('',(0.,0.,1.));
#10064 = DIRECTION('',(-3.909953616065E-07,1.,0.));
#10065 = ORIENTED_EDGE('',*,*,#10066,.F.);
#10066 = EDGE_CURVE('',#10067,#10058,#10069,.T.);
#10067 = VERTEX_POINT('',#10068);
#10068 = CARTESIAN_POINT('',(37.,-5.,1.6));
#10069 = LINE('',#10070,#10071);
#10070 = CARTESIAN_POINT('',(37.,-5.,1.6));
#10071 = VECTOR('',#10072,1.);
#10072 = DIRECTION('',(-1.,0.,0.));
#10073 = ORIENTED_EDGE('',*,*,#10074,.F.);
#10074 = EDGE_CURVE('',#9579,#10067,#10075,.T.);
#10075 = CIRCLE('',#10076,3.000001172987);
#10076 = AXIS2_PLACEMENT_3D('',#10077,#10078,#10079);
#10077 = CARTESIAN_POINT('',(36.999998827013,-1.999998827013,1.6));
#10078 = DIRECTION('',(0.,0.,-1.));
#10079 = DIRECTION('',(1.,-3.909953634568E-07,0.));
#10080 = ORIENTED_EDGE('',*,*,#9578,.F.);
#10081 = FACE_BOUND('',#10082,.T.);
#10082 = EDGE_LOOP('',(#10083));
#10083 = ORIENTED_EDGE('',*,*,#10084,.T.);
#10084 = EDGE_CURVE('',#10085,#10085,#10087,.T.);
#10085 = VERTEX_POINT('',#10086);
#10086 = CARTESIAN_POINT('',(-3.599999,-12.25,1.6));
#10087 = CIRCLE('',#10088,2.25);
#10088 = AXIS2_PLACEMENT_3D('',#10089,#10090,#10091);
#10089 = CARTESIAN_POINT('',(-3.599999,-10.,1.6));
#10090 = DIRECTION('',(-0.,0.,-1.));
#10091 = DIRECTION('',(1.973729821556E-16,-1.,-0.));
#10092 = FACE_BOUND('',#10093,.T.);
#10093 = EDGE_LOOP('',(#10094));
#10094 = ORIENTED_EDGE('',*,*,#10095,.T.);
#10095 = EDGE_CURVE('',#10096,#10096,#10098,.T.);
#10096 = VERTEX_POINT('',#10097);
#10097 = CARTESIAN_POINT('',(-37.,-3.6,1.6));
#10098 = CIRCLE('',#10099,1.6);
#10099 = AXIS2_PLACEMENT_3D('',#10100,#10101,#10102);
#10100 = CARTESIAN_POINT('',(-37.,-2.,1.6));
#10101 = DIRECTION('',(-0.,0.,-1.));
#10102 = DIRECTION('',(-0.,-1.,0.));
#10103 = FACE_BOUND('',#10104,.T.);
#10104 = EDGE_LOOP('',(#10105));
#10105 = ORIENTED_EDGE('',*,*,#10106,.T.);
#10106 = EDGE_CURVE('',#10107,#10107,#10109,.T.);
#10107 = VERTEX_POINT('',#10108);
#10108 = CARTESIAN_POINT('',(-25.,-0.9,1.6));
#10109 = CIRCLE('',#10110,0.9);
#10110 = AXIS2_PLACEMENT_3D('',#10111,#10112,#10113);
#10111 = CARTESIAN_POINT('',(-25.,-1.637578961322E-15,1.6));
#10112 = DIRECTION('',(-0.,0.,-1.));
#10113 = DIRECTION('',(-0.,-1.,0.));
#10114 = FACE_BOUND('',#10115,.T.);
#10115 = EDGE_LOOP('',(#10116));
#10116 = ORIENTED_EDGE('',*,*,#10117,.T.);
#10117 = EDGE_CURVE('',#10118,#10118,#10120,.T.);
#10118 = VERTEX_POINT('',#10119);
#10119 = CARTESIAN_POINT('',(-20.,-0.9,1.6));
#10120 = CIRCLE('',#10121,0.9);
#10121 = AXIS2_PLACEMENT_3D('',#10122,#10123,#10124);
#10122 = CARTESIAN_POINT('',(-20.,-1.637578961322E-15,1.6));
#10123 = DIRECTION('',(-0.,0.,-1.));
#10124 = DIRECTION('',(-0.,-1.,0.));
#10125 = FACE_BOUND('',#10126,.T.);
#10126 = EDGE_LOOP('',(#10127));
#10127 = ORIENTED_EDGE('',*,*,#10128,.T.);
#10128 = EDGE_CURVE('',#10129,#10129,#10131,.T.);
#10129 = VERTEX_POINT('',#10130);
#10130 = CARTESIAN_POINT('',(-10.,-0.9,1.6));
#10131 = CIRCLE('',#10132,0.9);
#10132 = AXIS2_PLACEMENT_3D('',#10133,#10134,#10135);
#10133 = CARTESIAN_POINT('',(-10.,-3.330669073875E-16,1.6));
#10134 = DIRECTION('',(-0.,0.,-1.));
#10135 = DIRECTION('',(-0.,-1.,0.));
#10136 = FACE_BOUND('',#10137,.T.);
#10137 = EDGE_LOOP('',(#10138));
#10138 = ORIENTED_EDGE('',*,*,#10139,.T.);
#10139 = EDGE_CURVE('',#10140,#10140,#10142,.T.);
#10140 = VERTEX_POINT('',#10141);
#10141 = CARTESIAN_POINT('',(-5.,-0.9,1.6));
#10142 = CIRCLE('',#10143,0.9);
#10143 = AXIS2_PLACEMENT_3D('',#10144,#10145,#10146);
#10144 = CARTESIAN_POINT('',(-5.,4.440892098501E-16,1.6));
#10145 = DIRECTION('',(-0.,0.,-1.));
#10146 = DIRECTION('',(-0.,-1.,0.));
#10147 = FACE_BOUND('',#10148,.T.);
#10148 = EDGE_LOOP('',(#10149));
#10149 = ORIENTED_EDGE('',*,*,#10150,.T.);
#10150 = EDGE_CURVE('',#10151,#10151,#10153,.T.);
#10151 = VERTEX_POINT('',#10152);
#10152 = CARTESIAN_POINT('',(3.600001,-12.25,1.6));
#10153 = CIRCLE('',#10154,2.25);
#10154 = AXIS2_PLACEMENT_3D('',#10155,#10156,#10157);
#10155 = CARTESIAN_POINT('',(3.600001,-10.,1.6));
#10156 = DIRECTION('',(-0.,0.,-1.));
#10157 = DIRECTION('',(-0.,-1.,0.));
#10158 = FACE_BOUND('',#10159,.T.);
#10159 = EDGE_LOOP('',(#10160));
#10160 = ORIENTED_EDGE('',*,*,#10161,.T.);
#10161 = EDGE_CURVE('',#10162,#10162,#10164,.T.);
#10162 = VERTEX_POINT('',#10163);
#10163 = CARTESIAN_POINT('',(5.,-0.9,1.6));
#10164 = CIRCLE('',#10165,0.9);
#10165 = AXIS2_PLACEMENT_3D('',#10166,#10167,#10168);
#10166 = CARTESIAN_POINT('',(5.,4.440892098501E-16,1.6));
#10167 = DIRECTION('',(-0.,0.,-1.));
#10168 = DIRECTION('',(-0.,-1.,0.));
#10169 = FACE_BOUND('',#10170,.T.);
#10170 = EDGE_LOOP('',(#10171));
#10171 = ORIENTED_EDGE('',*,*,#10172,.T.);
#10172 = EDGE_CURVE('',#10173,#10173,#10175,.T.);
#10173 = VERTEX_POINT('',#10174);
#10174 = CARTESIAN_POINT('',(10.,-0.9,1.6));
#10175 = CIRCLE('',#10176,0.9);
#10176 = AXIS2_PLACEMENT_3D('',#10177,#10178,#10179);
#10177 = CARTESIAN_POINT('',(10.,-3.330669073875E-16,1.6));
#10178 = DIRECTION('',(-0.,0.,-1.));
#10179 = DIRECTION('',(-0.,-1.,0.));
#10180 = FACE_BOUND('',#10181,.T.);
#10181 = EDGE_LOOP('',(#10182));
#10182 = ORIENTED_EDGE('',*,*,#10183,.T.);
#10183 = EDGE_CURVE('',#10184,#10184,#10186,.T.);
#10184 = VERTEX_POINT('',#10185);
#10185 = CARTESIAN_POINT('',(20.,-0.9,1.6));
#10186 = CIRCLE('',#10187,0.9);
#10187 = AXIS2_PLACEMENT_3D('',#10188,#10189,#10190);
#10188 = CARTESIAN_POINT('',(20.,-1.637578961322E-15,1.6));
#10189 = DIRECTION('',(-0.,0.,-1.));
#10190 = DIRECTION('',(-0.,-1.,0.));
#10191 = FACE_BOUND('',#10192,.T.);
#10192 = EDGE_LOOP('',(#10193));
#10193 = ORIENTED_EDGE('',*,*,#10194,.T.);
#10194 = EDGE_CURVE('',#10195,#10195,#10197,.T.);
#10195 = VERTEX_POINT('',#10196);
#10196 = CARTESIAN_POINT('',(25.,-0.9,1.6));
#10197 = CIRCLE('',#10198,0.9);
#10198 = AXIS2_PLACEMENT_3D('',#10199,#10200,#10201);
#10199 = CARTESIAN_POINT('',(25.,-1.637578961322E-15,1.6));
#10200 = DIRECTION('',(-0.,0.,-1.));
#10201 = DIRECTION('',(-0.,-1.,0.));
#10202 = FACE_BOUND('',#10203,.T.);
#10203 = EDGE_LOOP('',(#10204));
#10204 = ORIENTED_EDGE('',*,*,#10205,.T.);
#10205 = EDGE_CURVE('',#10206,#10206,#10208,.T.);
#10206 = VERTEX_POINT('',#10207);
#10207 = CARTESIAN_POINT('',(37.,-3.6,1.6));
#10208 = CIRCLE('',#10209,1.6);
#10209 = AXIS2_PLACEMENT_3D('',#10210,#10211,#10212);
#10210 = CARTESIAN_POINT('',(37.,-2.,1.6));
#10211 = DIRECTION('',(-0.,0.,-1.));
#10212 = DIRECTION('',(-0.,-1.,0.));
#10213 = FACE_BOUND('',#10214,.T.);
#10214 = EDGE_LOOP('',(#10215));
#10215 = ORIENTED_EDGE('',*,*,#10216,.T.);
#10216 = EDGE_CURVE('',#10217,#10217,#10219,.T.);
#10217 = VERTEX_POINT('',#10218);
#10218 = CARTESIAN_POINT('',(-25.,9.1,1.6));
#10219 = CIRCLE('',#10220,0.9);
#10220 = AXIS2_PLACEMENT_3D('',#10221,#10222,#10223);
#10221 = CARTESIAN_POINT('',(-25.,10.,1.6));
#10222 = DIRECTION('',(-0.,0.,-1.));
#10223 = DIRECTION('',(-0.,-1.,0.));
#10224 = FACE_BOUND('',#10225,.T.);
#10225 = EDGE_LOOP('',(#10226));
#10226 = ORIENTED_EDGE('',*,*,#10227,.T.);
#10227 = EDGE_CURVE('',#10228,#10228,#10230,.T.);
#10228 = VERTEX_POINT('',#10229);
#10229 = CARTESIAN_POINT('',(-20.,9.1,1.6));
#10230 = CIRCLE('',#10231,0.9);
#10231 = AXIS2_PLACEMENT_3D('',#10232,#10233,#10234);
#10232 = CARTESIAN_POINT('',(-20.,10.,1.6));
#10233 = DIRECTION('',(-0.,0.,-1.));
#10234 = DIRECTION('',(-0.,-1.,0.));
#10235 = FACE_BOUND('',#10236,.T.);
#10236 = EDGE_LOOP('',(#10237));
#10237 = ORIENTED_EDGE('',*,*,#10238,.T.);
#10238 = EDGE_CURVE('',#10239,#10239,#10241,.T.);
#10239 = VERTEX_POINT('',#10240);
#10240 = CARTESIAN_POINT('',(-37.,10.4,1.6));
#10241 = CIRCLE('',#10242,1.6);
#10242 = AXIS2_PLACEMENT_3D('',#10243,#10244,#10245);
#10243 = CARTESIAN_POINT('',(-37.,12.,1.6));
#10244 = DIRECTION('',(-0.,0.,-1.));
#10245 = DIRECTION('',(-0.,-1.,0.));
#10246 = FACE_BOUND('',#10247,.T.);
#10247 = EDGE_LOOP('',(#10248));
#10248 = ORIENTED_EDGE('',*,*,#10249,.T.);
#10249 = EDGE_CURVE('',#10250,#10250,#10252,.T.);
#10250 = VERTEX_POINT('',#10251);
#10251 = CARTESIAN_POINT('',(-10.,9.1,1.6));
#10252 = CIRCLE('',#10253,0.9);
#10253 = AXIS2_PLACEMENT_3D('',#10254,#10255,#10256);
#10254 = CARTESIAN_POINT('',(-10.,10.,1.6));
#10255 = DIRECTION('',(-0.,0.,-1.));
#10256 = DIRECTION('',(-0.,-1.,0.));
#10257 = FACE_BOUND('',#10258,.T.);
#10258 = EDGE_LOOP('',(#10259));
#10259 = ORIENTED_EDGE('',*,*,#10260,.T.);
#10260 = EDGE_CURVE('',#10261,#10261,#10263,.T.);
#10261 = VERTEX_POINT('',#10262);
#10262 = CARTESIAN_POINT('',(-5.,9.1,1.6));
#10263 = CIRCLE('',#10264,0.9);
#10264 = AXIS2_PLACEMENT_3D('',#10265,#10266,#10267);
#10265 = CARTESIAN_POINT('',(-5.,10.,1.6));
#10266 = DIRECTION('',(-0.,0.,-1.));
#10267 = DIRECTION('',(-0.,-1.,0.));
#10268 = FACE_BOUND('',#10269,.T.);
#10269 = EDGE_LOOP('',(#10270));
#10270 = ORIENTED_EDGE('',*,*,#10271,.T.);
#10271 = EDGE_CURVE('',#10272,#10272,#10274,.T.);
#10272 = VERTEX_POINT('',#10273);
#10273 = CARTESIAN_POINT('',(5.,9.1,1.6));
#10274 = CIRCLE('',#10275,0.9);
#10275 = AXIS2_PLACEMENT_3D('',#10276,#10277,#10278);
#10276 = CARTESIAN_POINT('',(5.,10.,1.6));
#10277 = DIRECTION('',(-0.,0.,-1.));
#10278 = DIRECTION('',(-0.,-1.,0.));
#10279 = FACE_BOUND('',#10280,.T.);
#10280 = EDGE_LOOP('',(#10281));
#10281 = ORIENTED_EDGE('',*,*,#10282,.T.);
#10282 = EDGE_CURVE('',#10283,#10283,#10285,.T.);
#10283 = VERTEX_POINT('',#10284);
#10284 = CARTESIAN_POINT('',(10.,9.1,1.6));
#10285 = CIRCLE('',#10286,0.9);
#10286 = AXIS2_PLACEMENT_3D('',#10287,#10288,#10289);
#10287 = CARTESIAN_POINT('',(10.,10.,1.6));
#10288 = DIRECTION('',(-0.,0.,-1.));
#10289 = DIRECTION('',(-0.,-1.,0.));
#10290 = FACE_BOUND('',#10291,.T.);
#10291 = EDGE_LOOP('',(#10292));
#10292 = ORIENTED_EDGE('',*,*,#10293,.T.);
#10293 = EDGE_CURVE('',#10294,#10294,#10296,.T.);
#10294 = VERTEX_POINT('',#10295);
#10295 = CARTESIAN_POINT('',(20.,9.1,1.6));
#10296 = CIRCLE('',#10297,0.9);
#10297 = AXIS2_PLACEMENT_3D('',#10298,#10299,#10300);
#10298 = CARTESIAN_POINT('',(20.,10.,1.6));
#10299 = DIRECTION('',(-0.,0.,-1.));
#10300 = DIRECTION('',(-0.,-1.,0.));
#10301 = FACE_BOUND('',#10302,.T.);
#10302 = EDGE_LOOP('',(#10303));
#10303 = ORIENTED_EDGE('',*,*,#10304,.T.);
#10304 = EDGE_CURVE('',#10305,#10305,#10307,.T.);
#10305 = VERTEX_POINT('',#10306);
#10306 = CARTESIAN_POINT('',(25.,9.1,1.6));
#10307 = CIRCLE('',#10308,0.9);
#10308 = AXIS2_PLACEMENT_3D('',#10309,#10310,#10311);
#10309 = CARTESIAN_POINT('',(25.,10.,1.6));
#10310 = DIRECTION('',(-0.,0.,-1.));
#10311 = DIRECTION('',(-0.,-1.,0.));
#10312 = FACE_BOUND('',#10313,.T.);
#10313 = EDGE_LOOP('',(#10314));
#10314 = ORIENTED_EDGE('',*,*,#10315,.T.);
#10315 = EDGE_CURVE('',#10316,#10316,#10318,.T.);
#10316 = VERTEX_POINT('',#10317);
#10317 = CARTESIAN_POINT('',(37.,10.4,1.6));
#10318 = CIRCLE('',#10319,1.6);
#10319 = AXIS2_PLACEMENT_3D('',#10320,#10321,#10322);
#10320 = CARTESIAN_POINT('',(37.,12.,1.6));
#10321 = DIRECTION('',(-0.,0.,-1.));
#10322 = DIRECTION('',(-0.,-1.,0.));
#10323 = PLANE('',#10324);
#10324 = AXIS2_PLACEMENT_3D('',#10325,#10326,#10327);
#10325 = CARTESIAN_POINT('',(0.,0.,1.6));
#10326 = DIRECTION('',(0.,0.,1.));
#10327 = DIRECTION('',(1.,0.,-0.));
#10328 = ADVANCED_FACE('',(#10329),#10340,.T.);
#10329 = FACE_BOUND('',#10330,.T.);
#10330 = EDGE_LOOP('',(#10331,#10337,#10338,#10339));
#10331 = ORIENTED_EDGE('',*,*,#10332,.T.);
#10332 = EDGE_CURVE('',#9611,#9973,#10333,.T.);
#10333 = LINE('',#10334,#10335);
#10334 = CARTESIAN_POINT('',(-40.,12.,0.));
#10335 = VECTOR('',#10336,1.);
#10336 = DIRECTION('',(0.,0.,1.));
#10337 = ORIENTED_EDGE('',*,*,#9972,.T.);
#10338 = ORIENTED_EDGE('',*,*,#9546,.F.);
#10339 = ORIENTED_EDGE('',*,*,#9610,.F.);
#10340 = CYLINDRICAL_SURFACE('',#10341,3.000001172987);
#10341 = AXIS2_PLACEMENT_3D('',#10342,#10343,#10344);
#10342 = CARTESIAN_POINT('',(-36.99999882701,11.999998827013,0.));
#10343 = DIRECTION('',(0.,0.,-1.));
#10344 = DIRECTION('',(-1.,3.909953633828E-07,0.));
#10345 = ADVANCED_FACE('',(#10346),#10357,.T.);
#10346 = FACE_BOUND('',#10347,.T.);
#10347 = EDGE_LOOP('',(#10348,#10349,#10350,#10356));
#10348 = ORIENTED_EDGE('',*,*,#9586,.T.);
#10349 = ORIENTED_EDGE('',*,*,#10074,.T.);
#10350 = ORIENTED_EDGE('',*,*,#10351,.F.);
#10351 = EDGE_CURVE('',#9705,#10067,#10352,.T.);
#10352 = LINE('',#10353,#10354);
#10353 = CARTESIAN_POINT('',(37.,-5.,0.));
#10354 = VECTOR('',#10355,1.);
#10355 = DIRECTION('',(0.,0.,1.));
#10356 = ORIENTED_EDGE('',*,*,#9712,.F.);
#10357 = CYLINDRICAL_SURFACE('',#10358,3.000001172987);
#10358 = AXIS2_PLACEMENT_3D('',#10359,#10360,#10361);
#10359 = CARTESIAN_POINT('',(36.999998827013,-1.999998827013,0.));
#10360 = DIRECTION('',(0.,0.,-1.));
#10361 = DIRECTION('',(1.,-3.909953634568E-07,0.));
#10362 = ADVANCED_FACE('',(#10363),#10374,.T.);
#10363 = FACE_BOUND('',#10364,.T.);
#10364 = EDGE_LOOP('',(#10365,#10371,#10372,#10373));
#10365 = ORIENTED_EDGE('',*,*,#10366,.T.);
#10366 = EDGE_CURVE('',#9620,#9982,#10367,.T.);
#10367 = LINE('',#10368,#10369);
#10368 = CARTESIAN_POINT('',(-40.,-2.,0.));
#10369 = VECTOR('',#10370,1.);
#10370 = DIRECTION('',(0.,0.,1.));
#10371 = ORIENTED_EDGE('',*,*,#9981,.T.);
#10372 = ORIENTED_EDGE('',*,*,#10332,.F.);
#10373 = ORIENTED_EDGE('',*,*,#9619,.F.);
#10374 = PLANE('',#10375);
#10375 = AXIS2_PLACEMENT_3D('',#10376,#10377,#10378);
#10376 = CARTESIAN_POINT('',(-40.,-2.,0.));
#10377 = DIRECTION('',(-1.,0.,0.));
#10378 = DIRECTION('',(0.,1.,0.));
#10379 = ADVANCED_FACE('',(#10380),#10391,.T.);
#10380 = FACE_BOUND('',#10381,.T.);
#10381 = EDGE_LOOP('',(#10382,#10383,#10384,#10390));
#10382 = ORIENTED_EDGE('',*,*,#10351,.T.);
#10383 = ORIENTED_EDGE('',*,*,#10066,.T.);
#10384 = ORIENTED_EDGE('',*,*,#10385,.F.);
#10385 = EDGE_CURVE('',#9696,#10058,#10386,.T.);
#10386 = LINE('',#10387,#10388);
#10387 = CARTESIAN_POINT('',(15.,-5.,0.));
#10388 = VECTOR('',#10389,1.);
#10389 = DIRECTION('',(0.,0.,1.));
#10390 = ORIENTED_EDGE('',*,*,#9704,.F.);
#10391 = PLANE('',#10392);
#10392 = AXIS2_PLACEMENT_3D('',#10393,#10394,#10395);
#10393 = CARTESIAN_POINT('',(37.,-5.,0.));
#10394 = DIRECTION('',(0.,-1.,0.));
#10395 = DIRECTION('',(-1.,0.,0.));
#10396 = ADVANCED_FACE('',(#10397),#10408,.T.);
#10397 = FACE_BOUND('',#10398,.T.);
#10398 = EDGE_LOOP('',(#10399,#10405,#10406,#10407));
#10399 = ORIENTED_EDGE('',*,*,#10400,.T.);
#10400 = EDGE_CURVE('',#9628,#9990,#10401,.T.);
#10401 = LINE('',#10402,#10403);
#10402 = CARTESIAN_POINT('',(-37.,-5.,0.));
#10403 = VECTOR('',#10404,1.);
#10404 = DIRECTION('',(0.,0.,1.));
#10405 = ORIENTED_EDGE('',*,*,#9989,.T.);
#10406 = ORIENTED_EDGE('',*,*,#10366,.F.);
#10407 = ORIENTED_EDGE('',*,*,#9627,.F.);
#10408 = CYLINDRICAL_SURFACE('',#10409,3.000001172987);
#10409 = AXIS2_PLACEMENT_3D('',#10410,#10411,#10412);
#10410 = CARTESIAN_POINT('',(-36.99999882701,-1.999998827013,0.));
#10411 = DIRECTION('',(0.,0.,-1.));
#10412 = DIRECTION('',(-3.909953639749E-07,-1.,-0.));
#10413 = ADVANCED_FACE('',(#10414),#10425,.F.);
#10414 = FACE_BOUND('',#10415,.T.);
#10415 = EDGE_LOOP('',(#10416,#10417,#10418,#10424));
#10416 = ORIENTED_EDGE('',*,*,#10385,.T.);
#10417 = ORIENTED_EDGE('',*,*,#10057,.T.);
#10418 = ORIENTED_EDGE('',*,*,#10419,.F.);
#10419 = EDGE_CURVE('',#9688,#10050,#10420,.T.);
#10420 = LINE('',#10421,#10422);
#10421 = CARTESIAN_POINT('',(12.,-8.,0.));
#10422 = VECTOR('',#10423,1.);
#10423 = DIRECTION('',(0.,0.,1.));
#10424 = ORIENTED_EDGE('',*,*,#9695,.F.);
#10425 = CYLINDRICAL_SURFACE('',#10426,3.000001172987);
#10426 = AXIS2_PLACEMENT_3D('',#10427,#10428,#10429);
#10427 = CARTESIAN_POINT('',(15.000001172987,-8.000001172987,0.));
#10428 = DIRECTION('',(-0.,-0.,-1.));
#10429 = DIRECTION('',(-3.909953616065E-07,1.,0.));
#10430 = ADVANCED_FACE('',(#10431),#10442,.T.);
#10431 = FACE_BOUND('',#10432,.T.);
#10432 = EDGE_LOOP('',(#10433,#10439,#10440,#10441));
#10433 = ORIENTED_EDGE('',*,*,#10434,.T.);
#10434 = EDGE_CURVE('',#9637,#9999,#10435,.T.);
#10435 = LINE('',#10436,#10437);
#10436 = CARTESIAN_POINT('',(-15.,-5.,0.));
#10437 = VECTOR('',#10438,1.);
#10438 = DIRECTION('',(0.,0.,1.));
#10439 = ORIENTED_EDGE('',*,*,#9998,.T.);
#10440 = ORIENTED_EDGE('',*,*,#10400,.F.);
#10441 = ORIENTED_EDGE('',*,*,#9636,.F.);
#10442 = PLANE('',#10443);
#10443 = AXIS2_PLACEMENT_3D('',#10444,#10445,#10446);
#10444 = CARTESIAN_POINT('',(-15.,-5.,0.));
#10445 = DIRECTION('',(0.,-1.,0.));
#10446 = DIRECTION('',(-1.,0.,0.));
#10447 = ADVANCED_FACE('',(#10448),#10459,.T.);
#10448 = FACE_BOUND('',#10449,.T.);
#10449 = EDGE_LOOP('',(#10450,#10451,#10452,#10458));
#10450 = ORIENTED_EDGE('',*,*,#10419,.T.);
#10451 = ORIENTED_EDGE('',*,*,#10049,.T.);
#10452 = ORIENTED_EDGE('',*,*,#10453,.F.);
#10453 = EDGE_CURVE('',#9679,#10041,#10454,.T.);
#10454 = LINE('',#10455,#10456);
#10455 = CARTESIAN_POINT('',(12.,-12.,0.));
#10456 = VECTOR('',#10457,1.);
#10457 = DIRECTION('',(0.,0.,1.));
#10458 = ORIENTED_EDGE('',*,*,#9687,.F.);
#10459 = PLANE('',#10460);
#10460 = AXIS2_PLACEMENT_3D('',#10461,#10462,#10463);
#10461 = CARTESIAN_POINT('',(12.,-8.,0.));
#10462 = DIRECTION('',(1.,0.,-0.));
#10463 = DIRECTION('',(0.,-1.,0.));
#10464 = ADVANCED_FACE('',(#10465),#10476,.F.);
#10465 = FACE_BOUND('',#10466,.T.);
#10466 = EDGE_LOOP('',(#10467,#10473,#10474,#10475));
#10467 = ORIENTED_EDGE('',*,*,#10468,.T.);
#10468 = EDGE_CURVE('',#9645,#10007,#10469,.T.);
#10469 = LINE('',#10470,#10471);
#10470 = CARTESIAN_POINT('',(-12.,-8.,0.));
#10471 = VECTOR('',#10472,1.);
#10472 = DIRECTION('',(0.,0.,1.));
#10473 = ORIENTED_EDGE('',*,*,#10006,.T.);
#10474 = ORIENTED_EDGE('',*,*,#10434,.F.);
#10475 = ORIENTED_EDGE('',*,*,#9644,.F.);
#10476 = CYLINDRICAL_SURFACE('',#10477,3.000001172987);
#10477 = AXIS2_PLACEMENT_3D('',#10478,#10479,#10480);
#10478 = CARTESIAN_POINT('',(-15.00000117298,-8.000001172987,0.));
#10479 = DIRECTION('',(-0.,-0.,-1.));
#10480 = DIRECTION('',(1.,3.909953616065E-07,-0.));
#10481 = ADVANCED_FACE('',(#10482),#10493,.T.);
#10482 = FACE_BOUND('',#10483,.T.);
#10483 = EDGE_LOOP('',(#10484,#10485,#10486,#10492));
#10484 = ORIENTED_EDGE('',*,*,#10453,.T.);
#10485 = ORIENTED_EDGE('',*,*,#10040,.T.);
#10486 = ORIENTED_EDGE('',*,*,#10487,.F.);
#10487 = EDGE_CURVE('',#9671,#10033,#10488,.T.);
#10488 = LINE('',#10489,#10490);
#10489 = CARTESIAN_POINT('',(9.,-15.,0.));
#10490 = VECTOR('',#10491,1.);
#10491 = DIRECTION('',(0.,0.,1.));
#10492 = ORIENTED_EDGE('',*,*,#9678,.F.);
#10493 = CYLINDRICAL_SURFACE('',#10494,3.000001172987);
#10494 = AXIS2_PLACEMENT_3D('',#10495,#10496,#10497);
#10495 = CARTESIAN_POINT('',(8.999998827013,-11.99999882701,0.));
#10496 = DIRECTION('',(0.,0.,-1.));
#10497 = DIRECTION('',(1.,-3.909953616065E-07,0.));
#10498 = ADVANCED_FACE('',(#10499),#10510,.T.);
#10499 = FACE_BOUND('',#10500,.T.);
#10500 = EDGE_LOOP('',(#10501,#10507,#10508,#10509));
#10501 = ORIENTED_EDGE('',*,*,#10502,.T.);
#10502 = EDGE_CURVE('',#9654,#10016,#10503,.T.);
#10503 = LINE('',#10504,#10505);
#10504 = CARTESIAN_POINT('',(-12.,-12.,0.));
#10505 = VECTOR('',#10506,1.);
#10506 = DIRECTION('',(0.,0.,1.));
#10507 = ORIENTED_EDGE('',*,*,#10015,.T.);
#10508 = ORIENTED_EDGE('',*,*,#10468,.F.);
#10509 = ORIENTED_EDGE('',*,*,#9653,.F.);
#10510 = PLANE('',#10511);
#10511 = AXIS2_PLACEMENT_3D('',#10512,#10513,#10514);
#10512 = CARTESIAN_POINT('',(-12.,-12.,0.));
#10513 = DIRECTION('',(-1.,0.,0.));
#10514 = DIRECTION('',(0.,1.,0.));
#10515 = ADVANCED_FACE('',(#10516),#10527,.T.);
#10516 = FACE_BOUND('',#10517,.T.);
#10517 = EDGE_LOOP('',(#10518,#10519,#10520,#10526));
#10518 = ORIENTED_EDGE('',*,*,#10487,.T.);
#10519 = ORIENTED_EDGE('',*,*,#10032,.T.);
#10520 = ORIENTED_EDGE('',*,*,#10521,.F.);
#10521 = EDGE_CURVE('',#9662,#10024,#10522,.T.);
#10522 = LINE('',#10523,#10524);
#10523 = CARTESIAN_POINT('',(-9.,-15.,0.));
#10524 = VECTOR('',#10525,1.);
#10525 = DIRECTION('',(0.,0.,1.));
#10526 = ORIENTED_EDGE('',*,*,#9670,.F.);
#10527 = PLANE('',#10528);
#10528 = AXIS2_PLACEMENT_3D('',#10529,#10530,#10531);
#10529 = CARTESIAN_POINT('',(9.,-15.,0.));
#10530 = DIRECTION('',(0.,-1.,0.));
#10531 = DIRECTION('',(-1.,0.,0.));
#10532 = ADVANCED_FACE('',(#10533),#10539,.T.);
#10533 = FACE_BOUND('',#10534,.T.);
#10534 = EDGE_LOOP('',(#10535,#10536,#10537,#10538));
#10535 = ORIENTED_EDGE('',*,*,#10521,.T.);
#10536 = ORIENTED_EDGE('',*,*,#10023,.T.);
#10537 = ORIENTED_EDGE('',*,*,#10502,.F.);
#10538 = ORIENTED_EDGE('',*,*,#9661,.F.);
#10539 = CYLINDRICAL_SURFACE('',#10540,3.000001172987);
#10540 = AXIS2_PLACEMENT_3D('',#10541,#10542,#10543);
#10541 = CARTESIAN_POINT('',(-8.999998827013,-11.99999882701,0.));
#10542 = DIRECTION('',(0.,0.,-1.));
#10543 = DIRECTION('',(-3.909953616065E-07,-1.,-0.));
#10544 = ADVANCED_FACE('',(#10545),#10556,.F.);
#10545 = FACE_BOUND('',#10546,.T.);
#10546 = EDGE_LOOP('',(#10547,#10548,#10554,#10555));
#10547 = ORIENTED_EDGE('',*,*,#9722,.T.);
#10548 = ORIENTED_EDGE('',*,*,#10549,.T.);
#10549 = EDGE_CURVE('',#9723,#10085,#10550,.T.);
#10550 = LINE('',#10551,#10552);
#10551 = CARTESIAN_POINT('',(-3.599999,-12.25,-4.5E-02));
#10552 = VECTOR('',#10553,1.);
#10553 = DIRECTION('',(0.,0.,1.));
#10554 = ORIENTED_EDGE('',*,*,#10084,.F.);
#10555 = ORIENTED_EDGE('',*,*,#10549,.F.);
#10556 = CYLINDRICAL_SURFACE('',#10557,2.25);
#10557 = AXIS2_PLACEMENT_3D('',#10558,#10559,#10560);
#10558 = CARTESIAN_POINT('',(-3.599999,-10.,-4.5E-02));
#10559 = DIRECTION('',(-0.,0.,-1.));
#10560 = DIRECTION('',(1.973729821556E-16,-1.,-0.));
#10561 = ADVANCED_FACE('',(#10562),#10573,.F.);
#10562 = FACE_BOUND('',#10563,.T.);
#10563 = EDGE_LOOP('',(#10564,#10565,#10571,#10572));
#10564 = ORIENTED_EDGE('',*,*,#9733,.T.);
#10565 = ORIENTED_EDGE('',*,*,#10566,.T.);
#10566 = EDGE_CURVE('',#9734,#10096,#10567,.T.);
#10567 = LINE('',#10568,#10569);
#10568 = CARTESIAN_POINT('',(-37.,-3.6,-4.5E-02));
#10569 = VECTOR('',#10570,1.);
#10570 = DIRECTION('',(0.,0.,1.));
#10571 = ORIENTED_EDGE('',*,*,#10095,.F.);
#10572 = ORIENTED_EDGE('',*,*,#10566,.F.);
#10573 = CYLINDRICAL_SURFACE('',#10574,1.6);
#10574 = AXIS2_PLACEMENT_3D('',#10575,#10576,#10577);
#10575 = CARTESIAN_POINT('',(-37.,-2.,-4.5E-02));
#10576 = DIRECTION('',(-0.,-0.,-1.));
#10577 = DIRECTION('',(-0.,-1.,0.));
#10578 = ADVANCED_FACE('',(#10579),#10590,.F.);
#10579 = FACE_BOUND('',#10580,.T.);
#10580 = EDGE_LOOP('',(#10581,#10582,#10588,#10589));
#10581 = ORIENTED_EDGE('',*,*,#9744,.T.);
#10582 = ORIENTED_EDGE('',*,*,#10583,.T.);
#10583 = EDGE_CURVE('',#9745,#10107,#10584,.T.);
#10584 = LINE('',#10585,#10586);
#10585 = CARTESIAN_POINT('',(-25.,-0.9,-4.5E-02));
#10586 = VECTOR('',#10587,1.);
#10587 = DIRECTION('',(0.,0.,1.));
#10588 = ORIENTED_EDGE('',*,*,#10106,.F.);
#10589 = ORIENTED_EDGE('',*,*,#10583,.F.);
#10590 = CYLINDRICAL_SURFACE('',#10591,0.9);
#10591 = AXIS2_PLACEMENT_3D('',#10592,#10593,#10594);
#10592 = CARTESIAN_POINT('',(-25.,-1.637578961322E-15,-4.5E-02));
#10593 = DIRECTION('',(-0.,-0.,-1.));
#10594 = DIRECTION('',(-0.,-1.,0.));
#10595 = ADVANCED_FACE('',(#10596),#10607,.F.);
#10596 = FACE_BOUND('',#10597,.T.);
#10597 = EDGE_LOOP('',(#10598,#10599,#10605,#10606));
#10598 = ORIENTED_EDGE('',*,*,#9755,.T.);
#10599 = ORIENTED_EDGE('',*,*,#10600,.T.);
#10600 = EDGE_CURVE('',#9756,#10118,#10601,.T.);
#10601 = LINE('',#10602,#10603);
#10602 = CARTESIAN_POINT('',(-20.,-0.9,-4.5E-02));
#10603 = VECTOR('',#10604,1.);
#10604 = DIRECTION('',(0.,0.,1.));
#10605 = ORIENTED_EDGE('',*,*,#10117,.F.);
#10606 = ORIENTED_EDGE('',*,*,#10600,.F.);
#10607 = CYLINDRICAL_SURFACE('',#10608,0.9);
#10608 = AXIS2_PLACEMENT_3D('',#10609,#10610,#10611);
#10609 = CARTESIAN_POINT('',(-20.,-1.637578961322E-15,-4.5E-02));
#10610 = DIRECTION('',(-0.,-0.,-1.));
#10611 = DIRECTION('',(-0.,-1.,0.));
#10612 = ADVANCED_FACE('',(#10613),#10624,.F.);
#10613 = FACE_BOUND('',#10614,.T.);
#10614 = EDGE_LOOP('',(#10615,#10616,#10622,#10623));
#10615 = ORIENTED_EDGE('',*,*,#9766,.T.);
#10616 = ORIENTED_EDGE('',*,*,#10617,.T.);
#10617 = EDGE_CURVE('',#9767,#10129,#10618,.T.);
#10618 = LINE('',#10619,#10620);
#10619 = CARTESIAN_POINT('',(-10.,-0.9,-4.5E-02));
#10620 = VECTOR('',#10621,1.);
#10621 = DIRECTION('',(0.,0.,1.));
#10622 = ORIENTED_EDGE('',*,*,#10128,.F.);
#10623 = ORIENTED_EDGE('',*,*,#10617,.F.);
#10624 = CYLINDRICAL_SURFACE('',#10625,0.9);
#10625 = AXIS2_PLACEMENT_3D('',#10626,#10627,#10628);
#10626 = CARTESIAN_POINT('',(-10.,-3.330669073875E-16,-4.5E-02));
#10627 = DIRECTION('',(-0.,-0.,-1.));
#10628 = DIRECTION('',(-0.,-1.,0.));
#10629 = ADVANCED_FACE('',(#10630),#10641,.F.);
#10630 = FACE_BOUND('',#10631,.T.);
#10631 = EDGE_LOOP('',(#10632,#10633,#10639,#10640));
#10632 = ORIENTED_EDGE('',*,*,#9777,.T.);
#10633 = ORIENTED_EDGE('',*,*,#10634,.T.);
#10634 = EDGE_CURVE('',#9778,#10140,#10635,.T.);
#10635 = LINE('',#10636,#10637);
#10636 = CARTESIAN_POINT('',(-5.,-0.9,-4.5E-02));
#10637 = VECTOR('',#10638,1.);
#10638 = DIRECTION('',(0.,0.,1.));
#10639 = ORIENTED_EDGE('',*,*,#10139,.F.);
#10640 = ORIENTED_EDGE('',*,*,#10634,.F.);
#10641 = CYLINDRICAL_SURFACE('',#10642,0.9);
#10642 = AXIS2_PLACEMENT_3D('',#10643,#10644,#10645);
#10643 = CARTESIAN_POINT('',(-5.,4.440892098501E-16,-4.5E-02));
#10644 = DIRECTION('',(-0.,-0.,-1.));
#10645 = DIRECTION('',(-0.,-1.,0.));
#10646 = ADVANCED_FACE('',(#10647),#10658,.F.);
#10647 = FACE_BOUND('',#10648,.T.);
#10648 = EDGE_LOOP('',(#10649,#10650,#10656,#10657));
#10649 = ORIENTED_EDGE('',*,*,#9788,.T.);
#10650 = ORIENTED_EDGE('',*,*,#10651,.T.);
#10651 = EDGE_CURVE('',#9789,#10151,#10652,.T.);
#10652 = LINE('',#10653,#10654);
#10653 = CARTESIAN_POINT('',(3.600001,-12.25,-4.5E-02));
#10654 = VECTOR('',#10655,1.);
#10655 = DIRECTION('',(0.,0.,1.));
#10656 = ORIENTED_EDGE('',*,*,#10150,.F.);
#10657 = ORIENTED_EDGE('',*,*,#10651,.F.);
#10658 = CYLINDRICAL_SURFACE('',#10659,2.25);
#10659 = AXIS2_PLACEMENT_3D('',#10660,#10661,#10662);
#10660 = CARTESIAN_POINT('',(3.600001,-10.,-4.5E-02));
#10661 = DIRECTION('',(-0.,-0.,-1.));
#10662 = DIRECTION('',(-0.,-1.,0.));
#10663 = ADVANCED_FACE('',(#10664),#10675,.F.);
#10664 = FACE_BOUND('',#10665,.T.);
#10665 = EDGE_LOOP('',(#10666,#10667,#10673,#10674));
#10666 = ORIENTED_EDGE('',*,*,#9799,.T.);
#10667 = ORIENTED_EDGE('',*,*,#10668,.T.);
#10668 = EDGE_CURVE('',#9800,#10162,#10669,.T.);
#10669 = LINE('',#10670,#10671);
#10670 = CARTESIAN_POINT('',(5.,-0.9,-4.5E-02));
#10671 = VECTOR('',#10672,1.);
#10672 = DIRECTION('',(0.,0.,1.));
#10673 = ORIENTED_EDGE('',*,*,#10161,.F.);
#10674 = ORIENTED_EDGE('',*,*,#10668,.F.);
#10675 = CYLINDRICAL_SURFACE('',#10676,0.9);
#10676 = AXIS2_PLACEMENT_3D('',#10677,#10678,#10679);
#10677 = CARTESIAN_POINT('',(5.,4.440892098501E-16,-4.5E-02));
#10678 = DIRECTION('',(-0.,-0.,-1.));
#10679 = DIRECTION('',(-0.,-1.,0.));
#10680 = ADVANCED_FACE('',(#10681),#10692,.F.);
#10681 = FACE_BOUND('',#10682,.T.);
#10682 = EDGE_LOOP('',(#10683,#10684,#10690,#10691));
#10683 = ORIENTED_EDGE('',*,*,#9810,.T.);
#10684 = ORIENTED_EDGE('',*,*,#10685,.T.);
#10685 = EDGE_CURVE('',#9811,#10173,#10686,.T.);
#10686 = LINE('',#10687,#10688);
#10687 = CARTESIAN_POINT('',(10.,-0.9,-4.5E-02));
#10688 = VECTOR('',#10689,1.);
#10689 = DIRECTION('',(0.,0.,1.));
#10690 = ORIENTED_EDGE('',*,*,#10172,.F.);
#10691 = ORIENTED_EDGE('',*,*,#10685,.F.);
#10692 = CYLINDRICAL_SURFACE('',#10693,0.9);
#10693 = AXIS2_PLACEMENT_3D('',#10694,#10695,#10696);
#10694 = CARTESIAN_POINT('',(10.,-3.330669073875E-16,-4.5E-02));
#10695 = DIRECTION('',(-0.,-0.,-1.));
#10696 = DIRECTION('',(-0.,-1.,0.));
#10697 = ADVANCED_FACE('',(#10698),#10709,.F.);
#10698 = FACE_BOUND('',#10699,.T.);
#10699 = EDGE_LOOP('',(#10700,#10701,#10707,#10708));
#10700 = ORIENTED_EDGE('',*,*,#9821,.T.);
#10701 = ORIENTED_EDGE('',*,*,#10702,.T.);
#10702 = EDGE_CURVE('',#9822,#10184,#10703,.T.);
#10703 = LINE('',#10704,#10705);
#10704 = CARTESIAN_POINT('',(20.,-0.9,-4.5E-02));
#10705 = VECTOR('',#10706,1.);
#10706 = DIRECTION('',(0.,0.,1.));
#10707 = ORIENTED_EDGE('',*,*,#10183,.F.);
#10708 = ORIENTED_EDGE('',*,*,#10702,.F.);
#10709 = CYLINDRICAL_SURFACE('',#10710,0.9);
#10710 = AXIS2_PLACEMENT_3D('',#10711,#10712,#10713);
#10711 = CARTESIAN_POINT('',(20.,-1.637578961322E-15,-4.5E-02));
#10712 = DIRECTION('',(-0.,-0.,-1.));
#10713 = DIRECTION('',(-0.,-1.,0.));
#10714 = ADVANCED_FACE('',(#10715),#10726,.F.);
#10715 = FACE_BOUND('',#10716,.T.);
#10716 = EDGE_LOOP('',(#10717,#10718,#10724,#10725));
#10717 = ORIENTED_EDGE('',*,*,#9832,.T.);
#10718 = ORIENTED_EDGE('',*,*,#10719,.T.);
#10719 = EDGE_CURVE('',#9833,#10195,#10720,.T.);
#10720 = LINE('',#10721,#10722);
#10721 = CARTESIAN_POINT('',(25.,-0.9,-4.5E-02));
#10722 = VECTOR('',#10723,1.);
#10723 = DIRECTION('',(0.,0.,1.));
#10724 = ORIENTED_EDGE('',*,*,#10194,.F.);
#10725 = ORIENTED_EDGE('',*,*,#10719,.F.);
#10726 = CYLINDRICAL_SURFACE('',#10727,0.9);
#10727 = AXIS2_PLACEMENT_3D('',#10728,#10729,#10730);
#10728 = CARTESIAN_POINT('',(25.,-1.637578961322E-15,-4.5E-02));
#10729 = DIRECTION('',(-0.,-0.,-1.));
#10730 = DIRECTION('',(-0.,-1.,0.));
#10731 = ADVANCED_FACE('',(#10732),#10743,.F.);
#10732 = FACE_BOUND('',#10733,.T.);
#10733 = EDGE_LOOP('',(#10734,#10735,#10741,#10742));
#10734 = ORIENTED_EDGE('',*,*,#9843,.T.);
#10735 = ORIENTED_EDGE('',*,*,#10736,.T.);
#10736 = EDGE_CURVE('',#9844,#10206,#10737,.T.);
#10737 = LINE('',#10738,#10739);
#10738 = CARTESIAN_POINT('',(37.,-3.6,-4.5E-02));
#10739 = VECTOR('',#10740,1.);
#10740 = DIRECTION('',(0.,0.,1.));
#10741 = ORIENTED_EDGE('',*,*,#10205,.F.);
#10742 = ORIENTED_EDGE('',*,*,#10736,.F.);
#10743 = CYLINDRICAL_SURFACE('',#10744,1.6);
#10744 = AXIS2_PLACEMENT_3D('',#10745,#10746,#10747);
#10745 = CARTESIAN_POINT('',(37.,-2.,-4.5E-02));
#10746 = DIRECTION('',(-0.,-0.,-1.));
#10747 = DIRECTION('',(-0.,-1.,0.));
#10748 = ADVANCED_FACE('',(#10749),#10760,.F.);
#10749 = FACE_BOUND('',#10750,.T.);
#10750 = EDGE_LOOP('',(#10751,#10752,#10758,#10759));
#10751 = ORIENTED_EDGE('',*,*,#9854,.T.);
#10752 = ORIENTED_EDGE('',*,*,#10753,.T.);
#10753 = EDGE_CURVE('',#9855,#10217,#10754,.T.);
#10754 = LINE('',#10755,#10756);
#10755 = CARTESIAN_POINT('',(-25.,9.1,-4.5E-02));
#10756 = VECTOR('',#10757,1.);
#10757 = DIRECTION('',(0.,0.,1.));
#10758 = ORIENTED_EDGE('',*,*,#10216,.F.);
#10759 = ORIENTED_EDGE('',*,*,#10753,.F.);
#10760 = CYLINDRICAL_SURFACE('',#10761,0.9);
#10761 = AXIS2_PLACEMENT_3D('',#10762,#10763,#10764);
#10762 = CARTESIAN_POINT('',(-25.,10.,-4.5E-02));
#10763 = DIRECTION('',(-0.,-0.,-1.));
#10764 = DIRECTION('',(-0.,-1.,0.));
#10765 = ADVANCED_FACE('',(#10766),#10777,.F.);
#10766 = FACE_BOUND('',#10767,.T.);
#10767 = EDGE_LOOP('',(#10768,#10769,#10775,#10776));
#10768 = ORIENTED_EDGE('',*,*,#9865,.T.);
#10769 = ORIENTED_EDGE('',*,*,#10770,.T.);
#10770 = EDGE_CURVE('',#9866,#10228,#10771,.T.);
#10771 = LINE('',#10772,#10773);
#10772 = CARTESIAN_POINT('',(-20.,9.1,-4.5E-02));
#10773 = VECTOR('',#10774,1.);
#10774 = DIRECTION('',(0.,0.,1.));
#10775 = ORIENTED_EDGE('',*,*,#10227,.F.);
#10776 = ORIENTED_EDGE('',*,*,#10770,.F.);
#10777 = CYLINDRICAL_SURFACE('',#10778,0.9);
#10778 = AXIS2_PLACEMENT_3D('',#10779,#10780,#10781);
#10779 = CARTESIAN_POINT('',(-20.,10.,-4.5E-02));
#10780 = DIRECTION('',(-0.,-0.,-1.));
#10781 = DIRECTION('',(-0.,-1.,0.));
#10782 = ADVANCED_FACE('',(#10783),#10794,.F.);
#10783 = FACE_BOUND('',#10784,.T.);
#10784 = EDGE_LOOP('',(#10785,#10786,#10792,#10793));
#10785 = ORIENTED_EDGE('',*,*,#9876,.T.);
#10786 = ORIENTED_EDGE('',*,*,#10787,.T.);
#10787 = EDGE_CURVE('',#9877,#10239,#10788,.T.);
#10788 = LINE('',#10789,#10790);
#10789 = CARTESIAN_POINT('',(-37.,10.4,-4.5E-02));
#10790 = VECTOR('',#10791,1.);
#10791 = DIRECTION('',(0.,0.,1.));
#10792 = ORIENTED_EDGE('',*,*,#10238,.F.);
#10793 = ORIENTED_EDGE('',*,*,#10787,.F.);
#10794 = CYLINDRICAL_SURFACE('',#10795,1.6);
#10795 = AXIS2_PLACEMENT_3D('',#10796,#10797,#10798);
#10796 = CARTESIAN_POINT('',(-37.,12.,-4.5E-02));
#10797 = DIRECTION('',(-0.,-0.,-1.));
#10798 = DIRECTION('',(-0.,-1.,0.));
#10799 = ADVANCED_FACE('',(#10800),#10811,.F.);
#10800 = FACE_BOUND('',#10801,.T.);
#10801 = EDGE_LOOP('',(#10802,#10803,#10809,#10810));
#10802 = ORIENTED_EDGE('',*,*,#9887,.T.);
#10803 = ORIENTED_EDGE('',*,*,#10804,.T.);
#10804 = EDGE_CURVE('',#9888,#10250,#10805,.T.);
#10805 = LINE('',#10806,#10807);
#10806 = CARTESIAN_POINT('',(-10.,9.1,-4.5E-02));
#10807 = VECTOR('',#10808,1.);
#10808 = DIRECTION('',(0.,0.,1.));
#10809 = ORIENTED_EDGE('',*,*,#10249,.F.);
#10810 = ORIENTED_EDGE('',*,*,#10804,.F.);
#10811 = CYLINDRICAL_SURFACE('',#10812,0.9);
#10812 = AXIS2_PLACEMENT_3D('',#10813,#10814,#10815);
#10813 = CARTESIAN_POINT('',(-10.,10.,-4.5E-02));
#10814 = DIRECTION('',(-0.,-0.,-1.));
#10815 = DIRECTION('',(-0.,-1.,0.));
#10816 = ADVANCED_FACE('',(#10817),#10828,.F.);
#10817 = FACE_BOUND('',#10818,.T.);
#10818 = EDGE_LOOP('',(#10819,#10820,#10826,#10827));
#10819 = ORIENTED_EDGE('',*,*,#9898,.T.);
#10820 = ORIENTED_EDGE('',*,*,#10821,.T.);
#10821 = EDGE_CURVE('',#9899,#10261,#10822,.T.);
#10822 = LINE('',#10823,#10824);
#10823 = CARTESIAN_POINT('',(-5.,9.1,-4.5E-02));
#10824 = VECTOR('',#10825,1.);
#10825 = DIRECTION('',(0.,0.,1.));
#10826 = ORIENTED_EDGE('',*,*,#10260,.F.);
#10827 = ORIENTED_EDGE('',*,*,#10821,.F.);
#10828 = CYLINDRICAL_SURFACE('',#10829,0.9);
#10829 = AXIS2_PLACEMENT_3D('',#10830,#10831,#10832);
#10830 = CARTESIAN_POINT('',(-5.,10.,-4.5E-02));
#10831 = DIRECTION('',(-0.,-0.,-1.));
#10832 = DIRECTION('',(-0.,-1.,0.));
#10833 = ADVANCED_FACE('',(#10834),#10845,.F.);
#10834 = FACE_BOUND('',#10835,.T.);
#10835 = EDGE_LOOP('',(#10836,#10837,#10843,#10844));
#10836 = ORIENTED_EDGE('',*,*,#9909,.T.);
#10837 = ORIENTED_EDGE('',*,*,#10838,.T.);
#10838 = EDGE_CURVE('',#9910,#10272,#10839,.T.);
#10839 = LINE('',#10840,#10841);
#10840 = CARTESIAN_POINT('',(5.,9.1,-4.5E-02));
#10841 = VECTOR('',#10842,1.);
#10842 = DIRECTION('',(0.,0.,1.));
#10843 = ORIENTED_EDGE('',*,*,#10271,.F.);
#10844 = ORIENTED_EDGE('',*,*,#10838,.F.);
#10845 = CYLINDRICAL_SURFACE('',#10846,0.9);
#10846 = AXIS2_PLACEMENT_3D('',#10847,#10848,#10849);
#10847 = CARTESIAN_POINT('',(5.,10.,-4.5E-02));
#10848 = DIRECTION('',(-0.,-0.,-1.));
#10849 = DIRECTION('',(-0.,-1.,0.));
#10850 = ADVANCED_FACE('',(#10851),#10862,.F.);
#10851 = FACE_BOUND('',#10852,.T.);
#10852 = EDGE_LOOP('',(#10853,#10854,#10860,#10861));
#10853 = ORIENTED_EDGE('',*,*,#9920,.T.);
#10854 = ORIENTED_EDGE('',*,*,#10855,.T.);
#10855 = EDGE_CURVE('',#9921,#10283,#10856,.T.);
#10856 = LINE('',#10857,#10858);
#10857 = CARTESIAN_POINT('',(10.,9.1,-4.5E-02));
#10858 = VECTOR('',#10859,1.);
#10859 = DIRECTION('',(0.,0.,1.));
#10860 = ORIENTED_EDGE('',*,*,#10282,.F.);
#10861 = ORIENTED_EDGE('',*,*,#10855,.F.);
#10862 = CYLINDRICAL_SURFACE('',#10863,0.9);
#10863 = AXIS2_PLACEMENT_3D('',#10864,#10865,#10866);
#10864 = CARTESIAN_POINT('',(10.,10.,-4.5E-02));
#10865 = DIRECTION('',(-0.,-0.,-1.));
#10866 = DIRECTION('',(-0.,-1.,0.));
#10867 = ADVANCED_FACE('',(#10868),#10879,.F.);
#10868 = FACE_BOUND('',#10869,.T.);
#10869 = EDGE_LOOP('',(#10870,#10871,#10877,#10878));
#10870 = ORIENTED_EDGE('',*,*,#9931,.T.);
#10871 = ORIENTED_EDGE('',*,*,#10872,.T.);
#10872 = EDGE_CURVE('',#9932,#10294,#10873,.T.);
#10873 = LINE('',#10874,#10875);
#10874 = CARTESIAN_POINT('',(20.,9.1,-4.5E-02));
#10875 = VECTOR('',#10876,1.);
#10876 = DIRECTION('',(0.,0.,1.));
#10877 = ORIENTED_EDGE('',*,*,#10293,.F.);
#10878 = ORIENTED_EDGE('',*,*,#10872,.F.);
#10879 = CYLINDRICAL_SURFACE('',#10880,0.9);
#10880 = AXIS2_PLACEMENT_3D('',#10881,#10882,#10883);
#10881 = CARTESIAN_POINT('',(20.,10.,-4.5E-02));
#10882 = DIRECTION('',(-0.,-0.,-1.));
#10883 = DIRECTION('',(-0.,-1.,0.));
#10884 = ADVANCED_FACE('',(#10885),#10896,.F.);
#10885 = FACE_BOUND('',#10886,.T.);
#10886 = EDGE_LOOP('',(#10887,#10888,#10894,#10895));
#10887 = ORIENTED_EDGE('',*,*,#9942,.T.);
#10888 = ORIENTED_EDGE('',*,*,#10889,.T.);
#10889 = EDGE_CURVE('',#9943,#10305,#10890,.T.);
#10890 = LINE('',#10891,#10892);
#10891 = CARTESIAN_POINT('',(25.,9.1,-4.5E-02));
#10892 = VECTOR('',#10893,1.);
#10893 = DIRECTION('',(0.,0.,1.));
#10894 = ORIENTED_EDGE('',*,*,#10304,.F.);
#10895 = ORIENTED_EDGE('',*,*,#10889,.F.);
#10896 = CYLINDRICAL_SURFACE('',#10897,0.9);
#10897 = AXIS2_PLACEMENT_3D('',#10898,#10899,#10900);
#10898 = CARTESIAN_POINT('',(25.,10.,-4.5E-02));
#10899 = DIRECTION('',(-0.,-0.,-1.));
#10900 = DIRECTION('',(-0.,-1.,0.));
#10901 = ADVANCED_FACE('',(#10902),#10913,.F.);
#10902 = FACE_BOUND('',#10903,.T.);
#10903 = EDGE_LOOP('',(#10904,#10905,#10911,#10912));
#10904 = ORIENTED_EDGE('',*,*,#9953,.T.);
#10905 = ORIENTED_EDGE('',*,*,#10906,.T.);
#10906 = EDGE_CURVE('',#9954,#10316,#10907,.T.);
#10907 = LINE('',#10908,#10909);
#10908 = CARTESIAN_POINT('',(37.,10.4,-4.5E-02));
#10909 = VECTOR('',#10910,1.);
#10910 = DIRECTION('',(0.,0.,1.));
#10911 = ORIENTED_EDGE('',*,*,#10315,.F.);
#10912 = ORIENTED_EDGE('',*,*,#10906,.F.);
#10913 = CYLINDRICAL_SURFACE('',#10914,1.6);
#10914 = AXIS2_PLACEMENT_3D('',#10915,#10916,#10917);
#10915 = CARTESIAN_POINT('',(37.,12.,-4.5E-02));
#10916 = DIRECTION('',(-0.,-0.,-1.));
#10917 = DIRECTION('',(-0.,-1.,0.));
#10918 = ( GEOMETRIC_REPRESENTATION_CONTEXT(3) 
GLOBAL_UNCERTAINTY_ASSIGNED_CONTEXT((#10922)) 
GLOBAL_UNIT_ASSIGNED_CONTEXT((#10919,#10920,#10921)) 
REPRESENTATION_CONTEXT('Context #1',
  '3D Context with UNIT and UNCERTAINTY') );
#10919 = ( LENGTH_UNIT() NAMED_UNIT(*) SI_UNIT(.MILLI.,.METRE.) );
#10920 = ( NAMED_UNIT(*) PLANE_ANGLE_UNIT() SI_UNIT($,.RADIAN.) );
#10921 = ( NAMED_UNIT(*) SI_UNIT($,.STERADIAN.) SOLID_ANGLE_UNIT() );
#10922 = UNCERTAINTY_MEASURE_WITH_UNIT(LENGTH_MEASURE(1.E-07),#10919,
  'distance_accuracy_value','confusion accuracy');
#10923 = CONTEXT_DEPENDENT_SHAPE_REPRESENTATION(#10924,#10926);
#10924 = ( REPRESENTATION_RELATIONSHIP('','',#9497,#10) 
REPRESENTATION_RELATIONSHIP_WITH_TRANSFORMATION(#10925) 
SHAPE_REPRESENTATION_RELATIONSHIP() );
#10925 = ITEM_DEFINED_TRANSFORMATION('','',#11,#51);
#10926 = PRODUCT_DEFINITION_SHAPE('Placement','Placement of an item',
  #10927);
#10927 = NEXT_ASSEMBLY_USAGE_OCCURRENCE('12','=>[0:1:1:6]','',#5,#9492,$
  );
#10928 = PRODUCT_RELATED_PRODUCT_CATEGORY('part',$,(#9494));
#10929 = MECHANICAL_DESIGN_GEOMETRIC_PRESENTATION_REPRESENTATION('',(
    #10930),#10918);
#10930 = STYLED_ITEM('color',(#10931),#9498);
#10931 = PRESENTATION_STYLE_ASSIGNMENT((#10932));
#10932 = SURFACE_STYLE_USAGE(.BOTH.,#10933);
#10933 = SURFACE_SIDE_STYLE('',(#10934));
#10934 = SURFACE_STYLE_FILL_AREA(#10935);
#10935 = FILL_AREA_STYLE('',(#10936));
#10936 = FILL_AREA_STYLE_COLOUR('',#10937);
#10937 = COLOUR_RGB('',0.313304153717,0.484529207832,0.410020903123);
#10938 = MECHANICAL_DESIGN_GEOMETRIC_PRESENTATION_REPRESENTATION('',(
    #10939,#10947,#10954),#9479);
#10939 = STYLED_ITEM('color',(#10940),#5567);
#10940 = PRESENTATION_STYLE_ASSIGNMENT((#10941));
#10941 = SURFACE_STYLE_USAGE(.BOTH.,#10942);
#10942 = SURFACE_SIDE_STYLE('',(#10943));
#10943 = SURFACE_STYLE_FILL_AREA(#10944);
#10944 = FILL_AREA_STYLE('',(#10945));
#10945 = FILL_AREA_STYLE_COLOUR('',#10946);
#10946 = COLOUR_RGB('',0.956862747054,0.898039222556,0.654901957162);
#10947 = STYLED_ITEM('color',(#10948),#6669);
#10948 = PRESENTATION_STYLE_ASSIGNMENT((#10949));
#10949 = SURFACE_STYLE_USAGE(.BOTH.,#10950);
#10950 = SURFACE_SIDE_STYLE('',(#10951));
#10951 = SURFACE_STYLE_FILL_AREA(#10952);
#10952 = FILL_AREA_STYLE('',(#10953));
#10953 = FILL_AREA_STYLE_COLOUR('',#10946);
#10954 = STYLED_ITEM('color',(#10955),#7771);
#10955 = PRESENTATION_STYLE_ASSIGNMENT((#10956));
#10956 = SURFACE_STYLE_USAGE(.BOTH.,#10957);
#10957 = SURFACE_SIDE_STYLE('',(#10958));
#10958 = SURFACE_STYLE_FILL_AREA(#10959);
#10959 = FILL_AREA_STYLE('',(#10960));
#10960 = FILL_AREA_STYLE_COLOUR('',#10961);
#10961 = COLOUR_RGB('',0.909803911811,0.67843136833,0.13725490064);
ENDSEC;
END-ISO-10303-21;
